genre_id	genre	recipe_id	recipe	route	suggested_bpm	profile	amount	status	onsets	displaced	max_ticks	max_ms_x10	anchor_moved	d_kick	d_snare	d_hats	d_other_drums	d_synth_a	d_synth_b	timing_fingerprint
0	Acid	0	BASE	OTHER	132	STRAIGHT	0	APPLIED	30	0	0	0	NO	0	0	0	0	0	0	57b2477d
0	Acid	0	BASE	OTHER	132	STRAIGHT	2	APPLIED	30	0	0	0	NO	0	0	0	0	0	0	57b2477d
0	Acid	0	BASE	OTHER	132	STRAIGHT	12	APPLIED	30	0	0	0	NO	0	0	0	0	0	0	57b2477d
0	Acid	0	BASE	OTHER	132	STRAIGHT	20	APPLIED	30	0	0	0	NO	0	0	0	0	0	0	57b2477d
0	Acid	0	BASE	OTHER	132	STRAIGHT	22	APPLIED	30	0	0	0	NO	0	0	0	0	0	0	57b2477d
0	Acid	0	BASE	OTHER	132	STRAIGHT	30	APPLIED	30	0	0	0	NO	0	0	0	0	0	0	57b2477d
0	Acid	0	BASE	OTHER	132	STRAIGHT	40	APPLIED	30	0	0	0	NO	0	0	0	0	0	0	57b2477d
0	Acid	0	BASE	OTHER	132	STRAIGHT	50	APPLIED	30	0	0	0	NO	0	0	0	0	0	0	57b2477d
0	Acid	0	BASE	OTHER	132	STRAIGHT	60	APPLIED	30	0	0	0	NO	0	0	0	0	0	0	57b2477d
0	Acid	0	BASE	OTHER	132	STRAIGHT	80	APPLIED	30	0	0	0	NO	0	0	0	0	0	0	57b2477d
0	Acid	0	BASE	OTHER	132	STRAIGHT	100	APPLIED	30	0	0	0	NO	0	0	0	0	0	0	57b2477d
0	Acid	0	BASE	OTHER	132	SWING COMPAT	0	APPLIED	30	0	0	0	NO	0	0	0	0	0	0	57b2477d
0	Acid	0	BASE	OTHER	132	SWING COMPAT	2	APPLIED	30	0	0	0	NO	0	0	0	0	0	0	57b2477d
0	Acid	0	BASE	OTHER	132	SWING COMPAT	12	APPLIED	30	0	0	0	NO	0	0	0	0	0	0	57b2477d
0	Acid	0	BASE	OTHER	132	SWING COMPAT	20	APPLIED	30	0	0	0	NO	0	0	0	0	0	0	57b2477d
0	Acid	0	BASE	OTHER	132	SWING COMPAT	22	APPLIED	30	0	0	0	NO	0	0	0	0	0	0	57b2477d
0	Acid	0	BASE	OTHER	132	SWING COMPAT	30	APPLIED	30	0	0	0	NO	0	0	0	0	0	0	57b2477d
0	Acid	0	BASE	OTHER	132	SWING COMPAT	40	APPLIED	30	0	0	0	NO	0	0	0	0	0	0	57b2477d
0	Acid	0	BASE	OTHER	132	SWING COMPAT	50	APPLIED	30	0	0	0	NO	0	0	0	0	0	0	57b2477d
0	Acid	0	BASE	OTHER	132	SWING COMPAT	60	APPLIED	30	1	2	94	NO	0	0	1	0	0	0	553bca77
0	Acid	0	BASE	OTHER	132	SWING COMPAT	80	APPLIED	30	3	2	94	NO	0	0	3	0	0	0	0791858a
0	Acid	0	BASE	OTHER	132	SWING COMPAT	100	APPLIED	30	3	2	94	NO	0	0	3	0	0	0	0791858a
0	Acid	0	BASE	OTHER	132	LAID BACK	0	APPLIED	30	0	0	0	NO	0	0	0	0	0	0	57b2477d
0	Acid	0	BASE	OTHER	132	LAID BACK	2	APPLIED	30	0	0	0	NO	0	0	0	0	0	0	57b2477d
0	Acid	0	BASE	OTHER	132	LAID BACK	12	APPLIED	30	2	1	47	NO	0	2	0	0	0	0	b79bb867
0	Acid	0	BASE	OTHER	132	LAID BACK	20	APPLIED	30	2	1	47	NO	0	2	0	0	0	0	b79bb867
0	Acid	0	BASE	OTHER	132	LAID BACK	22	APPLIED	30	2	1	47	NO	0	2	0	0	0	0	b79bb867
0	Acid	0	BASE	OTHER	132	LAID BACK	30	APPLIED	30	3	2	94	NO	0	2	1	0	0	0	f5f9b5f2
0	Acid	0	BASE	OTHER	132	LAID BACK	40	APPLIED	30	3	2	94	NO	0	2	1	0	0	0	f5f9b5f2
0	Acid	0	BASE	OTHER	132	LAID BACK	50	APPLIED	30	4	3	142	NO	0	2	2	0	0	0	f702c89c
0	Acid	0	BASE	OTHER	132	LAID BACK	60	APPLIED	30	4	4	189	NO	0	2	2	0	0	0	c8cce57f
0	Acid	0	BASE	OTHER	132	LAID BACK	80	APPLIED	30	6	5	236	NO	0	2	4	0	0	0	a9296f74
0	Acid	0	BASE	OTHER	132	LAID BACK	100	APPLIED	30	6	6	284	NO	0	2	4	0	0	0	37dca599
0	Acid	0	BASE	OTHER	132	PUSH/PULL	0	APPLIED	30	0	0	0	NO	0	0	0	0	0	0	57b2477d
0	Acid	0	BASE	OTHER	132	PUSH/PULL	2	APPLIED	30	0	0	0	NO	0	0	0	0	0	0	57b2477d
0	Acid	0	BASE	OTHER	132	PUSH/PULL	12	APPLIED	30	0	0	0	NO	0	0	0	0	0	0	57b2477d
0	Acid	0	BASE	OTHER	132	PUSH/PULL	20	APPLIED	30	0	0	0	NO	0	0	0	0	0	0	57b2477d
0	Acid	0	BASE	OTHER	132	PUSH/PULL	22	APPLIED	30	0	0	0	NO	0	0	0	0	0	0	57b2477d
0	Acid	0	BASE	OTHER	132	PUSH/PULL	30	APPLIED	30	5	1	47	YES	3	2	0	0	0	0	06e420bc
0	Acid	0	BASE	OTHER	132	PUSH/PULL	40	APPLIED	30	5	1	47	YES	3	2	0	0	0	0	06e420bc
0	Acid	0	BASE	OTHER	132	PUSH/PULL	50	APPLIED	30	8	2	94	YES	3	1	4	0	0	0	993fd8e5
0	Acid	0	BASE	OTHER	132	PUSH/PULL	60	APPLIED	30	9	3	142	YES	3	2	4	0	0	0	29dd61b4
0	Acid	0	BASE	OTHER	132	PUSH/PULL	80	APPLIED	30	9	3	142	YES	3	2	4	0	0	0	29dd61b4
0	Acid	0	BASE	OTHER	132	PUSH/PULL	100	APPLIED	30	9	4	189	YES	3	2	4	0	0	0	430c7ae1
0	Acid	0	BASE	OTHER	132	AUTO	0	APPLIED	30	0	0	0	NO	0	0	0	0	0	0	57b2477d
0	Acid	0	BASE	OTHER	132	AUTO	2	APPLIED	30	0	0	0	NO	0	0	0	0	0	0	57b2477d
0	Acid	0	BASE	OTHER	132	AUTO	12	APPLIED	30	0	0	0	NO	0	0	0	0	0	0	57b2477d
0	Acid	0	BASE	OTHER	132	AUTO	20	APPLIED	30	0	0	0	NO	0	0	0	0	0	0	57b2477d
0	Acid	0	BASE	OTHER	132	AUTO	22	APPLIED	30	0	0	0	NO	0	0	0	0	0	0	57b2477d
0	Acid	0	BASE	OTHER	132	AUTO	30	APPLIED	30	0	0	0	NO	0	0	0	0	0	0	57b2477d
0	Acid	0	BASE	OTHER	132	AUTO	40	APPLIED	30	0	0	0	NO	0	0	0	0	0	0	57b2477d
0	Acid	0	BASE	OTHER	132	AUTO	50	APPLIED	30	0	0	0	NO	0	0	0	0	0	0	57b2477d
0	Acid	0	BASE	OTHER	132	AUTO	60	APPLIED	30	0	0	0	NO	0	0	0	0	0	0	57b2477d
0	Acid	0	BASE	OTHER	132	AUTO	80	APPLIED	30	0	0	0	NO	0	0	0	0	0	0	57b2477d
0	Acid	0	BASE	OTHER	132	AUTO	100	APPLIED	30	0	0	0	NO	0	0	0	0	0	0	57b2477d
0	Acid	6	Chicago Jack	CHICAGO_JACK	124	STRAIGHT	0	APPLIED	18	0	0	0	NO	0	0	0	0	0	0	4211a50d
0	Acid	6	Chicago Jack	CHICAGO_JACK	124	STRAIGHT	2	APPLIED	18	0	0	0	NO	0	0	0	0	0	0	4211a50d
0	Acid	6	Chicago Jack	CHICAGO_JACK	124	STRAIGHT	12	APPLIED	18	0	0	0	NO	0	0	0	0	0	0	4211a50d
0	Acid	6	Chicago Jack	CHICAGO_JACK	124	STRAIGHT	20	APPLIED	18	0	0	0	NO	0	0	0	0	0	0	4211a50d
0	Acid	6	Chicago Jack	CHICAGO_JACK	124	STRAIGHT	22	APPLIED	18	0	0	0	NO	0	0	0	0	0	0	4211a50d
0	Acid	6	Chicago Jack	CHICAGO_JACK	124	STRAIGHT	30	APPLIED	18	0	0	0	NO	0	0	0	0	0	0	4211a50d
0	Acid	6	Chicago Jack	CHICAGO_JACK	124	STRAIGHT	40	APPLIED	18	0	0	0	NO	0	0	0	0	0	0	4211a50d
0	Acid	6	Chicago Jack	CHICAGO_JACK	124	STRAIGHT	50	APPLIED	18	0	0	0	NO	0	0	0	0	0	0	4211a50d
0	Acid	6	Chicago Jack	CHICAGO_JACK	124	STRAIGHT	60	APPLIED	18	0	0	0	NO	0	0	0	0	0	0	4211a50d
0	Acid	6	Chicago Jack	CHICAGO_JACK	124	STRAIGHT	80	APPLIED	18	0	0	0	NO	0	0	0	0	0	0	4211a50d
0	Acid	6	Chicago Jack	CHICAGO_JACK	124	STRAIGHT	100	APPLIED	18	0	0	0	NO	0	0	0	0	0	0	4211a50d
0	Acid	6	Chicago Jack	CHICAGO_JACK	124	SWING COMPAT	0	APPLIED	18	0	0	0	NO	0	0	0	0	0	0	4211a50d
0	Acid	6	Chicago Jack	CHICAGO_JACK	124	SWING COMPAT	2	APPLIED	18	0	0	0	NO	0	0	0	0	0	0	4211a50d
0	Acid	6	Chicago Jack	CHICAGO_JACK	124	SWING COMPAT	12	APPLIED	18	0	0	0	NO	0	0	0	0	0	0	4211a50d
0	Acid	6	Chicago Jack	CHICAGO_JACK	124	SWING COMPAT	20	APPLIED	18	0	0	0	NO	0	0	0	0	0	0	4211a50d
0	Acid	6	Chicago Jack	CHICAGO_JACK	124	SWING COMPAT	22	APPLIED	18	0	0	0	NO	0	0	0	0	0	0	4211a50d
0	Acid	6	Chicago Jack	CHICAGO_JACK	124	SWING COMPAT	30	APPLIED	18	0	0	0	NO	0	0	0	0	0	0	4211a50d
0	Acid	6	Chicago Jack	CHICAGO_JACK	124	SWING COMPAT	40	APPLIED	18	0	0	0	NO	0	0	0	0	0	0	4211a50d
0	Acid	6	Chicago Jack	CHICAGO_JACK	124	SWING COMPAT	50	APPLIED	18	0	0	0	NO	0	0	0	0	0	0	4211a50d
0	Acid	6	Chicago Jack	CHICAGO_JACK	124	SWING COMPAT	60	APPLIED	18	0	0	0	NO	0	0	0	0	0	0	4211a50d
0	Acid	6	Chicago Jack	CHICAGO_JACK	124	SWING COMPAT	80	APPLIED	18	2	1	50	NO	0	0	2	0	0	0	55362687
0	Acid	6	Chicago Jack	CHICAGO_JACK	124	SWING COMPAT	100	APPLIED	18	2	1	50	NO	0	0	2	0	0	0	55362687
0	Acid	6	Chicago Jack	CHICAGO_JACK	124	LAID BACK	0	APPLIED	18	0	0	0	NO	0	0	0	0	0	0	4211a50d
0	Acid	6	Chicago Jack	CHICAGO_JACK	124	LAID BACK	2	APPLIED	18	0	0	0	NO	0	0	0	0	0	0	4211a50d
0	Acid	6	Chicago Jack	CHICAGO_JACK	124	LAID BACK	12	APPLIED	18	2	1	50	NO	0	2	0	0	0	0	43e7e1cb
0	Acid	6	Chicago Jack	CHICAGO_JACK	124	LAID BACK	20	APPLIED	18	2	1	50	NO	0	2	0	0	0	0	43e7e1cb
0	Acid	6	Chicago Jack	CHICAGO_JACK	124	LAID BACK	22	APPLIED	18	2	1	50	NO	0	2	0	0	0	0	43e7e1cb
0	Acid	6	Chicago Jack	CHICAGO_JACK	124	LAID BACK	30	APPLIED	18	4	2	100	NO	0	2	0	0	0	2	c575fa4f
0	Acid	6	Chicago Jack	CHICAGO_JACK	124	LAID BACK	40	APPLIED	18	4	2	100	NO	0	2	0	0	0	2	c575fa4f
0	Acid	6	Chicago Jack	CHICAGO_JACK	124	LAID BACK	50	APPLIED	18	12	3	151	NO	0	2	3	0	6	1	fdc357f3
0	Acid	6	Chicago Jack	CHICAGO_JACK	124	LAID BACK	60	APPLIED	18	13	4	201	NO	0	2	3	0	6	2	46707dfb
0	Acid	6	Chicago Jack	CHICAGO_JACK	124	LAID BACK	80	APPLIED	18	13	5	252	NO	0	2	3	0	6	2	72ba227e
0	Acid	6	Chicago Jack	CHICAGO_JACK	124	LAID BACK	100	APPLIED	18	15	6	302	NO	0	2	3	0	8	2	10605c2c
0	Acid	6	Chicago Jack	CHICAGO_JACK	124	PUSH/PULL	0	APPLIED	18	0	0	0	NO	0	0	0	0	0	0	4211a50d
0	Acid	6	Chicago Jack	CHICAGO_JACK	124	PUSH/PULL	2	APPLIED	18	0	0	0	NO	0	0	0	0	0	0	4211a50d
0	Acid	6	Chicago Jack	CHICAGO_JACK	124	PUSH/PULL	12	APPLIED	18	0	0	0	NO	0	0	0	0	0	0	4211a50d
0	Acid	6	Chicago Jack	CHICAGO_JACK	124	PUSH/PULL	20	APPLIED	18	0	0	0	NO	0	0	0	0	0	0	4211a50d
0	Acid	6	Chicago Jack	CHICAGO_JACK	124	PUSH/PULL	22	APPLIED	18	0	0	0	NO	0	0	0	0	0	0	4211a50d
0	Acid	6	Chicago Jack	CHICAGO_JACK	124	PUSH/PULL	30	APPLIED	18	4	1	50	YES	2	2	0	0	0	0	704319dd
0	Acid	6	Chicago Jack	CHICAGO_JACK	124	PUSH/PULL	40	APPLIED	18	4	1	50	YES	2	2	0	0	0	0	704319dd
0	Acid	6	Chicago Jack	CHICAGO_JACK	124	PUSH/PULL	50	APPLIED	18	3	2	100	YES	1	1	1	0	0	0	7c0c36e8
0	Acid	6	Chicago Jack	CHICAGO_JACK	124	PUSH/PULL	60	APPLIED	18	12	3	151	YES	2	2	1	0	5	2	f1ce4f6c
0	Acid	6	Chicago Jack	CHICAGO_JACK	124	PUSH/PULL	80	APPLIED	18	12	3	151	YES	2	2	1	0	5	2	f1ce4f6c
0	Acid	6	Chicago Jack	CHICAGO_JACK	124	PUSH/PULL	100	APPLIED	18	14	4	201	YES	2	2	3	0	5	2	120f19f5
0	Acid	6	Chicago Jack	CHICAGO_JACK	124	AUTO	0	APPLIED	18	0	0	0	NO	0	0	0	0	0	0	4211a50d
0	Acid	6	Chicago Jack	CHICAGO_JACK	124	AUTO	2	APPLIED	18	0	0	0	NO	0	0	0	0	0	0	4211a50d
0	Acid	6	Chicago Jack	CHICAGO_JACK	124	AUTO	12	APPLIED	18	0	0	0	NO	0	0	0	0	0	0	4211a50d
0	Acid	6	Chicago Jack	CHICAGO_JACK	124	AUTO	20	APPLIED	18	0	0	0	NO	0	0	0	0	0	0	4211a50d
0	Acid	6	Chicago Jack	CHICAGO_JACK	124	AUTO	22	APPLIED	18	0	0	0	NO	0	0	0	0	0	0	4211a50d
0	Acid	6	Chicago Jack	CHICAGO_JACK	124	AUTO	30	APPLIED	18	0	0	0	NO	0	0	0	0	0	0	4211a50d
0	Acid	6	Chicago Jack	CHICAGO_JACK	124	AUTO	40	APPLIED	18	0	0	0	NO	0	0	0	0	0	0	4211a50d
0	Acid	6	Chicago Jack	CHICAGO_JACK	124	AUTO	50	APPLIED	18	0	0	0	NO	0	0	0	0	0	0	4211a50d
0	Acid	6	Chicago Jack	CHICAGO_JACK	124	AUTO	60	APPLIED	18	0	0	0	NO	0	0	0	0	0	0	4211a50d
0	Acid	6	Chicago Jack	CHICAGO_JACK	124	AUTO	80	APPLIED	18	0	0	0	NO	0	0	0	0	0	0	4211a50d
0	Acid	6	Chicago Jack	CHICAGO_JACK	124	AUTO	100	APPLIED	18	0	0	0	NO	0	0	0	0	0	0	4211a50d
0	Acid	7	Rolling Acid	ROLLING_ACID	136	STRAIGHT	0	APPLIED	18	0	0	0	NO	0	0	0	0	0	0	4211a50d
0	Acid	7	Rolling Acid	ROLLING_ACID	136	STRAIGHT	2	APPLIED	18	0	0	0	NO	0	0	0	0	0	0	4211a50d
0	Acid	7	Rolling Acid	ROLLING_ACID	136	STRAIGHT	12	APPLIED	18	0	0	0	NO	0	0	0	0	0	0	4211a50d
0	Acid	7	Rolling Acid	ROLLING_ACID	136	STRAIGHT	20	APPLIED	18	0	0	0	NO	0	0	0	0	0	0	4211a50d
0	Acid	7	Rolling Acid	ROLLING_ACID	136	STRAIGHT	22	APPLIED	18	0	0	0	NO	0	0	0	0	0	0	4211a50d
0	Acid	7	Rolling Acid	ROLLING_ACID	136	STRAIGHT	30	APPLIED	18	0	0	0	NO	0	0	0	0	0	0	4211a50d
0	Acid	7	Rolling Acid	ROLLING_ACID	136	STRAIGHT	40	APPLIED	18	0	0	0	NO	0	0	0	0	0	0	4211a50d
0	Acid	7	Rolling Acid	ROLLING_ACID	136	STRAIGHT	50	APPLIED	18	0	0	0	NO	0	0	0	0	0	0	4211a50d
0	Acid	7	Rolling Acid	ROLLING_ACID	136	STRAIGHT	60	APPLIED	18	0	0	0	NO	0	0	0	0	0	0	4211a50d
0	Acid	7	Rolling Acid	ROLLING_ACID	136	STRAIGHT	80	APPLIED	18	0	0	0	NO	0	0	0	0	0	0	4211a50d
0	Acid	7	Rolling Acid	ROLLING_ACID	136	STRAIGHT	100	APPLIED	18	0	0	0	NO	0	0	0	0	0	0	4211a50d
0	Acid	7	Rolling Acid	ROLLING_ACID	136	SWING COMPAT	0	APPLIED	18	0	0	0	NO	0	0	0	0	0	0	4211a50d
0	Acid	7	Rolling Acid	ROLLING_ACID	136	SWING COMPAT	2	APPLIED	18	0	0	0	NO	0	0	0	0	0	0	4211a50d
0	Acid	7	Rolling Acid	ROLLING_ACID	136	SWING COMPAT	12	APPLIED	18	0	0	0	NO	0	0	0	0	0	0	4211a50d
0	Acid	7	Rolling Acid	ROLLING_ACID	136	SWING COMPAT	20	APPLIED	18	0	0	0	NO	0	0	0	0	0	0	4211a50d
0	Acid	7	Rolling Acid	ROLLING_ACID	136	SWING COMPAT	22	APPLIED	18	0	0	0	NO	0	0	0	0	0	0	4211a50d
0	Acid	7	Rolling Acid	ROLLING_ACID	136	SWING COMPAT	30	APPLIED	18	0	0	0	NO	0	0	0	0	0	0	4211a50d
0	Acid	7	Rolling Acid	ROLLING_ACID	136	SWING COMPAT	40	APPLIED	18	0	0	0	NO	0	0	0	0	0	0	4211a50d
0	Acid	7	Rolling Acid	ROLLING_ACID	136	SWING COMPAT	50	APPLIED	18	0	0	0	NO	0	0	0	0	0	0	4211a50d
0	Acid	7	Rolling Acid	ROLLING_ACID	136	SWING COMPAT	60	APPLIED	18	1	2	91	NO	0	0	1	0	0	0	ff802327
0	Acid	7	Rolling Acid	ROLLING_ACID	136	SWING COMPAT	80	APPLIED	18	3	2	91	NO	0	0	3	0	0	0	ece2b836
0	Acid	7	Rolling Acid	ROLLING_ACID	136	SWING COMPAT	100	APPLIED	18	3	2	91	NO	0	0	3	0	0	0	ece2b836
0	Acid	7	Rolling Acid	ROLLING_ACID	136	LAID BACK	0	APPLIED	18	0	0	0	NO	0	0	0	0	0	0	4211a50d
0	Acid	7	Rolling Acid	ROLLING_ACID	136	LAID BACK	2	APPLIED	18	0	0	0	NO	0	0	0	0	0	0	4211a50d
0	Acid	7	Rolling Acid	ROLLING_ACID	136	LAID BACK	12	APPLIED	18	2	1	45	NO	0	2	0	0	0	0	a0b2e417
0	Acid	7	Rolling Acid	ROLLING_ACID	136	LAID BACK	20	APPLIED	18	2	1	45	NO	0	2	0	0	0	0	a0b2e417
0	Acid	7	Rolling Acid	ROLLING_ACID	136	LAID BACK	22	APPLIED	18	2	1	45	NO	0	2	0	0	0	0	a0b2e417
0	Acid	7	Rolling Acid	ROLLING_ACID	136	LAID BACK	30	APPLIED	18	7	2	91	NO	0	2	1	0	0	4	6b6da182
0	Acid	7	Rolling Acid	ROLLING_ACID	136	LAID BACK	40	APPLIED	18	7	2	91	NO	0	2	1	0	0	4	6b6da182
0	Acid	7	Rolling Acid	ROLLING_ACID	136	LAID BACK	50	APPLIED	18	11	3	137	NO	0	2	3	0	2	4	ec015459
0	Acid	7	Rolling Acid	ROLLING_ACID	136	LAID BACK	60	APPLIED	18	11	4	183	NO	0	2	3	0	2	4	42d548ac
0	Acid	7	Rolling Acid	ROLLING_ACID	136	LAID BACK	80	APPLIED	18	12	5	229	NO	0	2	4	0	2	4	ea59c265
0	Acid	7	Rolling Acid	ROLLING_ACID	136	LAID BACK	100	APPLIED	18	14	6	275	NO	0	2	4	0	4	4	e244a97e
0	Acid	7	Rolling Acid	ROLLING_ACID	136	PUSH/PULL	0	APPLIED	18	0	0	0	NO	0	0	0	0	0	0	4211a50d
0	Acid	7	Rolling Acid	ROLLING_ACID	136	PUSH/PULL	2	APPLIED	18	0	0	0	NO	0	0	0	0	0	0	4211a50d
0	Acid	7	Rolling Acid	ROLLING_ACID	136	PUSH/PULL	12	APPLIED	18	0	0	0	NO	0	0	0	0	0	0	4211a50d
0	Acid	7	Rolling Acid	ROLLING_ACID	136	PUSH/PULL	20	APPLIED	18	0	0	0	NO	0	0	0	0	0	0	4211a50d
0	Acid	7	Rolling Acid	ROLLING_ACID	136	PUSH/PULL	22	APPLIED	18	0	0	0	NO	0	0	0	0	0	0	4211a50d
0	Acid	7	Rolling Acid	ROLLING_ACID	136	PUSH/PULL	30	APPLIED	18	5	1	45	YES	3	2	0	0	0	0	6d39197c
0	Acid	7	Rolling Acid	ROLLING_ACID	136	PUSH/PULL	40	APPLIED	18	5	1	45	YES	3	2	0	0	0	0	6d39197c
0	Acid	7	Rolling Acid	ROLLING_ACID	136	PUSH/PULL	50	APPLIED	18	8	2	91	YES	3	1	4	0	0	0	d8fdd8a2
0	Acid	7	Rolling Acid	ROLLING_ACID	136	PUSH/PULL	60	APPLIED	18	12	3	137	YES	3	2	4	0	0	3	ecc2b53d
0	Acid	7	Rolling Acid	ROLLING_ACID	136	PUSH/PULL	80	APPLIED	18	12	3	137	YES	3	2	4	0	0	3	ecc2b53d
0	Acid	7	Rolling Acid	ROLLING_ACID	136	PUSH/PULL	100	APPLIED	18	12	4	183	YES	3	2	4	0	0	3	68f52482
0	Acid	7	Rolling Acid	ROLLING_ACID	136	AUTO	0	APPLIED	18	0	0	0	NO	0	0	0	0	0	0	4211a50d
0	Acid	7	Rolling Acid	ROLLING_ACID	136	AUTO	2	APPLIED	18	0	0	0	NO	0	0	0	0	0	0	4211a50d
0	Acid	7	Rolling Acid	ROLLING_ACID	136	AUTO	12	APPLIED	18	0	0	0	NO	0	0	0	0	0	0	4211a50d
0	Acid	7	Rolling Acid	ROLLING_ACID	136	AUTO	20	APPLIED	18	0	0	0	NO	0	0	0	0	0	0	4211a50d
0	Acid	7	Rolling Acid	ROLLING_ACID	136	AUTO	22	APPLIED	18	0	0	0	NO	0	0	0	0	0	0	4211a50d
0	Acid	7	Rolling Acid	ROLLING_ACID	136	AUTO	30	APPLIED	18	0	0	0	NO	0	0	0	0	0	0	4211a50d
0	Acid	7	Rolling Acid	ROLLING_ACID	136	AUTO	40	APPLIED	18	0	0	0	NO	0	0	0	0	0	0	4211a50d
0	Acid	7	Rolling Acid	ROLLING_ACID	136	AUTO	50	APPLIED	18	0	0	0	NO	0	0	0	0	0	0	4211a50d
0	Acid	7	Rolling Acid	ROLLING_ACID	136	AUTO	60	APPLIED	18	0	0	0	NO	0	0	0	0	0	0	4211a50d
0	Acid	7	Rolling Acid	ROLLING_ACID	136	AUTO	80	APPLIED	18	0	0	0	NO	0	0	0	0	0	0	4211a50d
0	Acid	7	Rolling Acid	ROLLING_ACID	136	AUTO	100	APPLIED	18	0	0	0	NO	0	0	0	0	0	0	4211a50d
1	Synthwave	0	BASE	STAGE7	108	STRAIGHT	0	APPLIED	39	0	0	0	NO	0	0	0	0	0	0	2bff9ba7
1	Synthwave	0	BASE	STAGE7	108	STRAIGHT	2	APPLIED	39	0	0	0	NO	0	0	0	0	0	0	2bff9ba7
1	Synthwave	0	BASE	STAGE7	108	STRAIGHT	12	APPLIED	39	0	0	0	NO	0	0	0	0	0	0	2bff9ba7
1	Synthwave	0	BASE	STAGE7	108	STRAIGHT	20	APPLIED	39	0	0	0	NO	0	0	0	0	0	0	2bff9ba7
1	Synthwave	0	BASE	STAGE7	108	STRAIGHT	22	APPLIED	39	0	0	0	NO	0	0	0	0	0	0	2bff9ba7
1	Synthwave	0	BASE	STAGE7	108	STRAIGHT	30	APPLIED	39	0	0	0	NO	0	0	0	0	0	0	2bff9ba7
1	Synthwave	0	BASE	STAGE7	108	STRAIGHT	40	APPLIED	39	0	0	0	NO	0	0	0	0	0	0	2bff9ba7
1	Synthwave	0	BASE	STAGE7	108	STRAIGHT	50	APPLIED	39	0	0	0	NO	0	0	0	0	0	0	2bff9ba7
1	Synthwave	0	BASE	STAGE7	108	STRAIGHT	60	APPLIED	39	0	0	0	NO	0	0	0	0	0	0	2bff9ba7
1	Synthwave	0	BASE	STAGE7	108	STRAIGHT	80	APPLIED	39	0	0	0	NO	0	0	0	0	0	0	2bff9ba7
1	Synthwave	0	BASE	STAGE7	108	STRAIGHT	100	APPLIED	39	0	0	0	NO	0	0	0	0	0	0	2bff9ba7
1	Synthwave	0	BASE	STAGE7	108	SWING COMPAT	0	APPLIED	39	0	0	0	NO	0	0	0	0	0	0	2bff9ba7
1	Synthwave	0	BASE	STAGE7	108	SWING COMPAT	2	APPLIED	39	0	0	0	NO	0	0	0	0	0	0	2bff9ba7
1	Synthwave	0	BASE	STAGE7	108	SWING COMPAT	12	APPLIED	39	0	0	0	NO	0	0	0	0	0	0	2bff9ba7
1	Synthwave	0	BASE	STAGE7	108	SWING COMPAT	20	APPLIED	39	0	0	0	NO	0	0	0	0	0	0	2bff9ba7
1	Synthwave	0	BASE	STAGE7	108	SWING COMPAT	22	APPLIED	39	0	0	0	NO	0	0	0	0	0	0	2bff9ba7
1	Synthwave	0	BASE	STAGE7	108	SWING COMPAT	30	APPLIED	39	0	0	0	NO	0	0	0	0	0	0	2bff9ba7
1	Synthwave	0	BASE	STAGE7	108	SWING COMPAT	40	APPLIED	39	0	0	0	NO	0	0	0	0	0	0	2bff9ba7
1	Synthwave	0	BASE	STAGE7	108	SWING COMPAT	50	APPLIED	39	0	0	0	NO	0	0	0	0	0	0	2bff9ba7
1	Synthwave	0	BASE	STAGE7	108	SWING COMPAT	60	APPLIED	39	0	0	0	NO	0	0	0	0	0	0	2bff9ba7
1	Synthwave	0	BASE	STAGE7	108	SWING COMPAT	80	APPLIED	39	5	2	115	NO	0	0	3	2	0	0	7ec8fdc0
1	Synthwave	0	BASE	STAGE7	108	SWING COMPAT	100	APPLIED	39	5	2	115	NO	0	0	3	2	0	0	7ec8fdc0
1	Synthwave	0	BASE	STAGE7	108	LAID BACK	0	APPLIED	39	0	0	0	NO	0	0	0	0	0	0	2bff9ba7
1	Synthwave	0	BASE	STAGE7	108	LAID BACK	2	APPLIED	39	0	0	0	NO	0	0	0	0	0	0	2bff9ba7
1	Synthwave	0	BASE	STAGE7	108	LAID BACK	12	APPLIED	39	2	1	57	NO	0	2	0	0	0	0	371549c5
1	Synthwave	0	BASE	STAGE7	108	LAID BACK	20	APPLIED	39	2	1	57	NO	0	2	0	0	0	0	371549c5
1	Synthwave	0	BASE	STAGE7	108	LAID BACK	22	APPLIED	39	2	1	57	NO	0	2	0	0	0	0	371549c5
1	Synthwave	0	BASE	STAGE7	108	LAID BACK	30	APPLIED	39	4	2	115	NO	0	2	0	2	0	0	68e69f09
1	Synthwave	0	BASE	STAGE7	108	LAID BACK	40	APPLIED	39	4	2	115	NO	0	2	0	2	0	0	68e69f09
1	Synthwave	0	BASE	STAGE7	108	LAID BACK	50	APPLIED	39	6	3	173	NO	0	2	2	2	0	0	77bd429c
1	Synthwave	0	BASE	STAGE7	108	LAID BACK	60	APPLIED	39	6	4	231	NO	0	2	2	2	0	0	a3af25b0
1	Synthwave	0	BASE	STAGE7	108	LAID BACK	80	APPLIED	39	9	5	289	NO	0	2	5	2	0	0	09b3f065
1	Synthwave	0	BASE	STAGE7	108	LAID BACK	100	APPLIED	39	9	6	347	NO	0	2	5	2	0	0	24216455
1	Synthwave	0	BASE	STAGE7	108	PUSH/PULL	0	APPLIED	39	0	0	0	NO	0	0	0	0	0	0	2bff9ba7
1	Synthwave	0	BASE	STAGE7	108	PUSH/PULL	2	APPLIED	39	0	0	0	NO	0	0	0	0	0	0	2bff9ba7
1	Synthwave	0	BASE	STAGE7	108	PUSH/PULL	12	APPLIED	39	0	0	0	NO	0	0	0	0	0	0	2bff9ba7
1	Synthwave	0	BASE	STAGE7	108	PUSH/PULL	20	APPLIED	39	0	0	0	NO	0	0	0	0	0	0	2bff9ba7
1	Synthwave	0	BASE	STAGE7	108	PUSH/PULL	22	APPLIED	39	0	0	0	NO	0	0	0	0	0	0	2bff9ba7
1	Synthwave	0	BASE	STAGE7	108	PUSH/PULL	30	APPLIED	39	5	1	57	YES	3	2	0	0	0	0	13f81274
1	Synthwave	0	BASE	STAGE7	108	PUSH/PULL	40	APPLIED	39	5	1	57	YES	3	2	0	0	0	0	13f81274
1	Synthwave	0	BASE	STAGE7	108	PUSH/PULL	50	APPLIED	39	7	2	115	YES	2	2	3	0	0	0	7f7a21f9
1	Synthwave	0	BASE	STAGE7	108	PUSH/PULL	60	APPLIED	39	10	3	173	YES	3	2	3	2	0	0	79a2baca
1	Synthwave	0	BASE	STAGE7	108	PUSH/PULL	80	APPLIED	39	10	3	173	YES	3	2	3	2	0	0	79a2baca
1	Synthwave	0	BASE	STAGE7	108	PUSH/PULL	100	APPLIED	39	12	4	231	YES	3	2	5	2	0	0	214cad50
1	Synthwave	0	BASE	STAGE7	108	AUTO	0	APPLIED	39	0	0	0	NO	0	0	0	0	0	0	2bff9ba7
1	Synthwave	0	BASE	STAGE7	108	AUTO	2	APPLIED	39	0	0	0	NO	0	0	0	0	0	0	2bff9ba7
1	Synthwave	0	BASE	STAGE7	108	AUTO	12	APPLIED	39	0	0	0	NO	0	0	0	0	0	0	2bff9ba7
1	Synthwave	0	BASE	STAGE7	108	AUTO	20	APPLIED	39	0	0	0	NO	0	0	0	0	0	0	2bff9ba7
1	Synthwave	0	BASE	STAGE7	108	AUTO	22	APPLIED	39	0	0	0	NO	0	0	0	0	0	0	2bff9ba7
1	Synthwave	0	BASE	STAGE7	108	AUTO	30	APPLIED	39	0	0	0	NO	0	0	0	0	0	0	2bff9ba7
1	Synthwave	0	BASE	STAGE7	108	AUTO	40	APPLIED	39	0	0	0	NO	0	0	0	0	0	0	2bff9ba7
1	Synthwave	0	BASE	STAGE7	108	AUTO	50	APPLIED	39	0	0	0	NO	0	0	0	0	0	0	2bff9ba7
1	Synthwave	0	BASE	STAGE7	108	AUTO	60	APPLIED	39	0	0	0	NO	0	0	0	0	0	0	2bff9ba7
1	Synthwave	0	BASE	STAGE7	108	AUTO	80	APPLIED	39	0	0	0	NO	0	0	0	0	0	0	2bff9ba7
1	Synthwave	0	BASE	STAGE7	108	AUTO	100	APPLIED	39	0	0	0	NO	0	0	0	0	0	0	2bff9ba7
2	Darksynth	0	BASE	TECHNO_BASE	134	STRAIGHT	0	APPLIED	34	0	0	0	NO	0	0	0	0	0	0	0bea824d
2	Darksynth	0	BASE	TECHNO_BASE	134	STRAIGHT	2	APPLIED	34	0	0	0	NO	0	0	0	0	0	0	0bea824d
2	Darksynth	0	BASE	TECHNO_BASE	134	STRAIGHT	12	APPLIED	34	0	0	0	NO	0	0	0	0	0	0	0bea824d
2	Darksynth	0	BASE	TECHNO_BASE	134	STRAIGHT	20	APPLIED	34	0	0	0	NO	0	0	0	0	0	0	0bea824d
2	Darksynth	0	BASE	TECHNO_BASE	134	STRAIGHT	22	APPLIED	34	0	0	0	NO	0	0	0	0	0	0	0bea824d
2	Darksynth	0	BASE	TECHNO_BASE	134	STRAIGHT	30	APPLIED	34	0	0	0	NO	0	0	0	0	0	0	0bea824d
2	Darksynth	0	BASE	TECHNO_BASE	134	STRAIGHT	40	APPLIED	34	0	0	0	NO	0	0	0	0	0	0	0bea824d
2	Darksynth	0	BASE	TECHNO_BASE	134	STRAIGHT	50	APPLIED	34	0	0	0	NO	0	0	0	0	0	0	0bea824d
2	Darksynth	0	BASE	TECHNO_BASE	134	STRAIGHT	60	APPLIED	34	0	0	0	NO	0	0	0	0	0	0	0bea824d
2	Darksynth	0	BASE	TECHNO_BASE	134	STRAIGHT	80	APPLIED	34	0	0	0	NO	0	0	0	0	0	0	0bea824d
2	Darksynth	0	BASE	TECHNO_BASE	134	STRAIGHT	100	APPLIED	34	0	0	0	NO	0	0	0	0	0	0	0bea824d
2	Darksynth	0	BASE	TECHNO_BASE	134	SWING COMPAT	0	APPLIED	34	0	0	0	NO	0	0	0	0	0	0	0bea824d
2	Darksynth	0	BASE	TECHNO_BASE	134	SWING COMPAT	2	APPLIED	34	0	0	0	NO	0	0	0	0	0	0	0bea824d
2	Darksynth	0	BASE	TECHNO_BASE	134	SWING COMPAT	12	APPLIED	34	0	0	0	NO	0	0	0	0	0	0	0bea824d
2	Darksynth	0	BASE	TECHNO_BASE	134	SWING COMPAT	20	APPLIED	34	0	0	0	NO	0	0	0	0	0	0	0bea824d
2	Darksynth	0	BASE	TECHNO_BASE	134	SWING COMPAT	22	APPLIED	34	0	0	0	NO	0	0	0	0	0	0	0bea824d
2	Darksynth	0	BASE	TECHNO_BASE	134	SWING COMPAT	30	APPLIED	34	0	0	0	NO	0	0	0	0	0	0	0bea824d
2	Darksynth	0	BASE	TECHNO_BASE	134	SWING COMPAT	40	APPLIED	34	0	0	0	NO	0	0	0	0	0	0	0bea824d
2	Darksynth	0	BASE	TECHNO_BASE	134	SWING COMPAT	50	APPLIED	34	0	0	0	NO	0	0	0	0	0	0	0bea824d
2	Darksynth	0	BASE	TECHNO_BASE	134	SWING COMPAT	60	APPLIED	34	1	1	46	NO	0	0	1	0	0	0	5f2798ec
2	Darksynth	0	BASE	TECHNO_BASE	134	SWING COMPAT	80	APPLIED	34	4	2	93	NO	0	0	4	0	0	0	8c73f33e
2	Darksynth	0	BASE	TECHNO_BASE	134	SWING COMPAT	100	APPLIED	34	4	2	93	NO	0	0	4	0	0	0	8c73f33e
2	Darksynth	0	BASE	TECHNO_BASE	134	LAID BACK	0	APPLIED	34	0	0	0	NO	0	0	0	0	0	0	0bea824d
2	Darksynth	0	BASE	TECHNO_BASE	134	LAID BACK	2	APPLIED	34	0	0	0	NO	0	0	0	0	0	0	0bea824d
2	Darksynth	0	BASE	TECHNO_BASE	134	LAID BACK	12	APPLIED	34	2	1	46	NO	0	2	0	0	0	0	656c97d7
2	Darksynth	0	BASE	TECHNO_BASE	134	LAID BACK	20	APPLIED	34	2	1	46	NO	0	2	0	0	0	0	656c97d7
2	Darksynth	0	BASE	TECHNO_BASE	134	LAID BACK	22	APPLIED	34	2	1	46	NO	0	2	0	0	0	0	656c97d7
2	Darksynth	0	BASE	TECHNO_BASE	134	LAID BACK	30	APPLIED	34	3	2	93	NO	0	2	1	0	0	0	5a061d64
2	Darksynth	0	BASE	TECHNO_BASE	134	LAID BACK	40	APPLIED	34	3	2	93	NO	0	2	1	0	0	0	5a061d64
2	Darksynth	0	BASE	TECHNO_BASE	134	LAID BACK	50	APPLIED	34	5	3	139	NO	0	2	3	0	0	0	8ea1c2b1
2	Darksynth	0	BASE	TECHNO_BASE	134	LAID BACK	60	APPLIED	34	5	4	186	NO	0	2	3	0	0	0	e8f69926
2	Darksynth	0	BASE	TECHNO_BASE	134	LAID BACK	80	APPLIED	34	7	5	233	NO	0	2	5	0	0	0	af87d44c
2	Darksynth	0	BASE	TECHNO_BASE	134	LAID BACK	100	APPLIED	34	7	6	279	NO	0	2	5	0	0	0	f8029ec1
2	Darksynth	0	BASE	TECHNO_BASE	134	PUSH/PULL	0	APPLIED	34	0	0	0	NO	0	0	0	0	0	0	0bea824d
2	Darksynth	0	BASE	TECHNO_BASE	134	PUSH/PULL	2	APPLIED	34	0	0	0	NO	0	0	0	0	0	0	0bea824d
2	Darksynth	0	BASE	TECHNO_BASE	134	PUSH/PULL	12	APPLIED	34	0	0	0	NO	0	0	0	0	0	0	0bea824d
2	Darksynth	0	BASE	TECHNO_BASE	134	PUSH/PULL	20	APPLIED	34	0	0	0	NO	0	0	0	0	0	0	0bea824d
2	Darksynth	0	BASE	TECHNO_BASE	134	PUSH/PULL	22	APPLIED	34	0	0	0	NO	0	0	0	0	0	0	0bea824d
2	Darksynth	0	BASE	TECHNO_BASE	134	PUSH/PULL	30	APPLIED	34	5	1	46	YES	3	2	0	0	0	0	f984707c
2	Darksynth	0	BASE	TECHNO_BASE	134	PUSH/PULL	40	APPLIED	34	5	1	46	YES	3	2	0	0	0	0	f984707c
2	Darksynth	0	BASE	TECHNO_BASE	134	PUSH/PULL	50	APPLIED	34	6	2	93	YES	2	2	2	0	0	0	38f52b77
2	Darksynth	0	BASE	TECHNO_BASE	134	PUSH/PULL	60	APPLIED	34	7	3	139	YES	3	2	2	0	0	0	05883860
2	Darksynth	0	BASE	TECHNO_BASE	134	PUSH/PULL	80	APPLIED	34	7	3	139	YES	3	2	2	0	0	0	05883860
2	Darksynth	0	BASE	TECHNO_BASE	134	PUSH/PULL	100	APPLIED	34	10	4	186	YES	3	2	5	0	0	0	0bf65f7c
2	Darksynth	0	BASE	TECHNO_BASE	134	AUTO	0	APPLIED	34	0	0	0	NO	0	0	0	0	0	0	0bea824d
2	Darksynth	0	BASE	TECHNO_BASE	134	AUTO	2	APPLIED	34	0	0	0	NO	0	0	0	0	0	0	0bea824d
2	Darksynth	0	BASE	TECHNO_BASE	134	AUTO	12	APPLIED	34	0	0	0	NO	0	0	0	0	0	0	0bea824d
2	Darksynth	0	BASE	TECHNO_BASE	134	AUTO	20	APPLIED	34	0	0	0	NO	0	0	0	0	0	0	0bea824d
2	Darksynth	0	BASE	TECHNO_BASE	134	AUTO	22	APPLIED	34	0	0	0	NO	0	0	0	0	0	0	0bea824d
2	Darksynth	0	BASE	TECHNO_BASE	134	AUTO	30	APPLIED	34	0	0	0	NO	0	0	0	0	0	0	0bea824d
2	Darksynth	0	BASE	TECHNO_BASE	134	AUTO	40	APPLIED	34	0	0	0	NO	0	0	0	0	0	0	0bea824d
2	Darksynth	0	BASE	TECHNO_BASE	134	AUTO	50	APPLIED	34	0	0	0	NO	0	0	0	0	0	0	0bea824d
2	Darksynth	0	BASE	TECHNO_BASE	134	AUTO	60	APPLIED	34	0	0	0	NO	0	0	0	0	0	0	0bea824d
2	Darksynth	0	BASE	TECHNO_BASE	134	AUTO	80	APPLIED	34	0	0	0	NO	0	0	0	0	0	0	0bea824d
2	Darksynth	0	BASE	TECHNO_BASE	134	AUTO	100	APPLIED	34	0	0	0	NO	0	0	0	0	0	0	0bea824d
3	Electro	0	BASE	STAGE7	116	STRAIGHT	0	APPLIED	25	0	0	0	NO	0	0	0	0	0	0	8fee7fbf
3	Electro	0	BASE	STAGE7	116	STRAIGHT	2	APPLIED	25	0	0	0	NO	0	0	0	0	0	0	8fee7fbf
3	Electro	0	BASE	STAGE7	116	STRAIGHT	12	APPLIED	25	0	0	0	NO	0	0	0	0	0	0	8fee7fbf
3	Electro	0	BASE	STAGE7	116	STRAIGHT	20	APPLIED	25	0	0	0	NO	0	0	0	0	0	0	8fee7fbf
3	Electro	0	BASE	STAGE7	116	STRAIGHT	22	APPLIED	25	0	0	0	NO	0	0	0	0	0	0	8fee7fbf
3	Electro	0	BASE	STAGE7	116	STRAIGHT	30	APPLIED	25	0	0	0	NO	0	0	0	0	0	0	8fee7fbf
3	Electro	0	BASE	STAGE7	116	STRAIGHT	40	APPLIED	25	0	0	0	NO	0	0	0	0	0	0	8fee7fbf
3	Electro	0	BASE	STAGE7	116	STRAIGHT	50	APPLIED	25	0	0	0	NO	0	0	0	0	0	0	8fee7fbf
3	Electro	0	BASE	STAGE7	116	STRAIGHT	60	APPLIED	25	0	0	0	NO	0	0	0	0	0	0	8fee7fbf
3	Electro	0	BASE	STAGE7	116	STRAIGHT	80	APPLIED	25	0	0	0	NO	0	0	0	0	0	0	8fee7fbf
3	Electro	0	BASE	STAGE7	116	STRAIGHT	100	APPLIED	25	0	0	0	NO	0	0	0	0	0	0	8fee7fbf
3	Electro	0	BASE	STAGE7	116	SWING COMPAT	0	APPLIED	25	0	0	0	NO	0	0	0	0	0	0	8fee7fbf
3	Electro	0	BASE	STAGE7	116	SWING COMPAT	2	APPLIED	25	0	0	0	NO	0	0	0	0	0	0	8fee7fbf
3	Electro	0	BASE	STAGE7	116	SWING COMPAT	12	APPLIED	25	0	0	0	NO	0	0	0	0	0	0	8fee7fbf
3	Electro	0	BASE	STAGE7	116	SWING COMPAT	20	APPLIED	25	0	0	0	NO	0	0	0	0	0	0	8fee7fbf
3	Electro	0	BASE	STAGE7	116	SWING COMPAT	22	APPLIED	25	0	0	0	NO	0	0	0	0	0	0	8fee7fbf
3	Electro	0	BASE	STAGE7	116	SWING COMPAT	30	APPLIED	25	0	0	0	NO	0	0	0	0	0	0	8fee7fbf
3	Electro	0	BASE	STAGE7	116	SWING COMPAT	40	APPLIED	25	0	0	0	NO	0	0	0	0	0	0	8fee7fbf
3	Electro	0	BASE	STAGE7	116	SWING COMPAT	50	APPLIED	25	0	0	0	NO	0	0	0	0	0	0	8fee7fbf
3	Electro	0	BASE	STAGE7	116	SWING COMPAT	60	APPLIED	25	1	2	107	NO	0	0	1	0	0	0	df07c38d
3	Electro	0	BASE	STAGE7	116	SWING COMPAT	80	APPLIED	25	6	2	107	NO	0	0	5	1	0	0	ab10cf85
3	Electro	0	BASE	STAGE7	116	SWING COMPAT	100	APPLIED	25	6	2	107	NO	0	0	5	1	0	0	ab10cf85
3	Electro	0	BASE	STAGE7	116	LAID BACK	0	APPLIED	25	0	0	0	NO	0	0	0	0	0	0	8fee7fbf
3	Electro	0	BASE	STAGE7	116	LAID BACK	2	APPLIED	25	0	0	0	NO	0	0	0	0	0	0	8fee7fbf
3	Electro	0	BASE	STAGE7	116	LAID BACK	12	APPLIED	25	2	1	53	NO	0	2	0	0	0	0	4100e68d
3	Electro	0	BASE	STAGE7	116	LAID BACK	20	APPLIED	25	2	1	53	NO	0	2	0	0	0	0	4100e68d
3	Electro	0	BASE	STAGE7	116	LAID BACK	22	APPLIED	25	2	1	53	NO	0	2	0	0	0	0	4100e68d
3	Electro	0	BASE	STAGE7	116	LAID BACK	30	APPLIED	25	5	2	107	NO	0	2	1	2	0	0	82151640
3	Electro	0	BASE	STAGE7	116	LAID BACK	40	APPLIED	25	5	2	107	NO	0	2	1	2	0	0	82151640
3	Electro	0	BASE	STAGE7	116	LAID BACK	50	APPLIED	25	5	3	161	NO	0	2	2	1	0	0	d68bcec9
3	Electro	0	BASE	STAGE7	116	LAID BACK	60	APPLIED	25	7	4	215	NO	0	2	3	2	0	0	44cf614c
3	Electro	0	BASE	STAGE7	116	LAID BACK	80	APPLIED	25	10	5	269	NO	0	2	6	2	0	0	0b35f0ef
3	Electro	0	BASE	STAGE7	116	LAID BACK	100	APPLIED	25	10	6	323	NO	0	2	6	2	0	0	8edc07e8
3	Electro	0	BASE	STAGE7	116	PUSH/PULL	0	APPLIED	25	0	0	0	NO	0	0	0	0	0	0	8fee7fbf
3	Electro	0	BASE	STAGE7	116	PUSH/PULL	2	APPLIED	25	0	0	0	NO	0	0	0	0	0	0	8fee7fbf
3	Electro	0	BASE	STAGE7	116	PUSH/PULL	12	APPLIED	25	0	0	0	NO	0	0	0	0	0	0	8fee7fbf
3	Electro	0	BASE	STAGE7	116	PUSH/PULL	20	APPLIED	25	0	0	0	NO	0	0	0	0	0	0	8fee7fbf
3	Electro	0	BASE	STAGE7	116	PUSH/PULL	22	APPLIED	25	0	0	0	NO	0	0	0	0	0	0	8fee7fbf
3	Electro	0	BASE	STAGE7	116	PUSH/PULL	30	APPLIED	25	5	1	53	YES	3	2	0	0	0	0	42508c94
3	Electro	0	BASE	STAGE7	116	PUSH/PULL	40	APPLIED	25	5	1	53	YES	3	2	0	0	0	0	42508c94
3	Electro	0	BASE	STAGE7	116	PUSH/PULL	50	APPLIED	25	5	2	107	YES	2	1	2	0	0	0	f6f2e2e0
3	Electro	0	BASE	STAGE7	116	PUSH/PULL	60	APPLIED	25	8	3	161	YES	3	2	2	1	0	0	5b8a6312
3	Electro	0	BASE	STAGE7	116	PUSH/PULL	80	APPLIED	25	8	3	161	YES	3	2	2	1	0	0	5b8a6312
3	Electro	0	BASE	STAGE7	116	PUSH/PULL	100	APPLIED	25	12	4	215	YES	3	2	6	1	0	0	e362bdc3
3	Electro	0	BASE	STAGE7	116	AUTO	0	APPLIED	25	0	0	0	NO	0	0	0	0	0	0	8fee7fbf
3	Electro	0	BASE	STAGE7	116	AUTO	2	APPLIED	25	0	0	0	NO	0	0	0	0	0	0	8fee7fbf
3	Electro	0	BASE	STAGE7	116	AUTO	12	APPLIED	25	0	0	0	NO	0	0	0	0	0	0	8fee7fbf
3	Electro	0	BASE	STAGE7	116	AUTO	20	APPLIED	25	0	0	0	NO	0	0	0	0	0	0	8fee7fbf
3	Electro	0	BASE	STAGE7	116	AUTO	22	APPLIED	25	0	0	0	NO	0	0	0	0	0	0	8fee7fbf
3	Electro	0	BASE	STAGE7	116	AUTO	30	APPLIED	25	5	1	53	YES	3	2	0	0	0	0	42508c94
3	Electro	0	BASE	STAGE7	116	AUTO	40	APPLIED	25	5	1	53	YES	3	2	0	0	0	0	42508c94
3	Electro	0	BASE	STAGE7	116	AUTO	50	APPLIED	25	5	2	107	YES	2	1	2	0	0	0	f6f2e2e0
3	Electro	0	BASE	STAGE7	116	AUTO	60	APPLIED	25	8	3	161	YES	3	2	2	1	0	0	5b8a6312
3	Electro	0	BASE	STAGE7	116	AUTO	80	APPLIED	25	8	3	161	YES	3	2	2	1	0	0	5b8a6312
3	Electro	0	BASE	STAGE7	116	AUTO	100	APPLIED	25	12	4	215	YES	3	2	6	1	0	0	e362bdc3
4	Rave	0	BASE	OTHER	145	STRAIGHT	0	APPLIED	24	0	0	0	NO	0	0	0	0	0	0	e2ba14a5
4	Rave	0	BASE	OTHER	145	STRAIGHT	2	APPLIED	24	0	0	0	NO	0	0	0	0	0	0	e2ba14a5
4	Rave	0	BASE	OTHER	145	STRAIGHT	12	APPLIED	24	0	0	0	NO	0	0	0	0	0	0	e2ba14a5
4	Rave	0	BASE	OTHER	145	STRAIGHT	20	APPLIED	24	0	0	0	NO	0	0	0	0	0	0	e2ba14a5
4	Rave	0	BASE	OTHER	145	STRAIGHT	22	APPLIED	24	0	0	0	NO	0	0	0	0	0	0	e2ba14a5
4	Rave	0	BASE	OTHER	145	STRAIGHT	30	APPLIED	24	0	0	0	NO	0	0	0	0	0	0	e2ba14a5
4	Rave	0	BASE	OTHER	145	STRAIGHT	40	APPLIED	24	0	0	0	NO	0	0	0	0	0	0	e2ba14a5
4	Rave	0	BASE	OTHER	145	STRAIGHT	50	APPLIED	24	0	0	0	NO	0	0	0	0	0	0	e2ba14a5
4	Rave	0	BASE	OTHER	145	STRAIGHT	60	APPLIED	24	0	0	0	NO	0	0	0	0	0	0	e2ba14a5
4	Rave	0	BASE	OTHER	145	STRAIGHT	80	APPLIED	24	0	0	0	NO	0	0	0	0	0	0	e2ba14a5
4	Rave	0	BASE	OTHER	145	STRAIGHT	100	APPLIED	24	0	0	0	NO	0	0	0	0	0	0	e2ba14a5
4	Rave	0	BASE	OTHER	145	SWING COMPAT	0	APPLIED	24	0	0	0	NO	0	0	0	0	0	0	e2ba14a5
4	Rave	0	BASE	OTHER	145	SWING COMPAT	2	APPLIED	24	0	0	0	NO	0	0	0	0	0	0	e2ba14a5
4	Rave	0	BASE	OTHER	145	SWING COMPAT	12	APPLIED	24	0	0	0	NO	0	0	0	0	0	0	e2ba14a5
4	Rave	0	BASE	OTHER	145	SWING COMPAT	20	APPLIED	24	0	0	0	NO	0	0	0	0	0	0	e2ba14a5
4	Rave	0	BASE	OTHER	145	SWING COMPAT	22	APPLIED	24	0	0	0	NO	0	0	0	0	0	0	e2ba14a5
4	Rave	0	BASE	OTHER	145	SWING COMPAT	30	APPLIED	24	0	0	0	NO	0	0	0	0	0	0	e2ba14a5
4	Rave	0	BASE	OTHER	145	SWING COMPAT	40	APPLIED	24	0	0	0	NO	0	0	0	0	0	0	e2ba14a5
4	Rave	0	BASE	OTHER	145	SWING COMPAT	50	APPLIED	24	0	0	0	NO	0	0	0	0	0	0	e2ba14a5
4	Rave	0	BASE	OTHER	145	SWING COMPAT	60	APPLIED	24	4	2	86	NO	0	0	4	0	0	0	9eb8f3c6
4	Rave	0	BASE	OTHER	145	SWING COMPAT	80	APPLIED	24	7	2	86	NO	0	0	6	1	0	0	b137dbea
4	Rave	0	BASE	OTHER	145	SWING COMPAT	100	APPLIED	24	7	2	86	NO	0	0	6	1	0	0	b137dbea
4	Rave	0	BASE	OTHER	145	LAID BACK	0	APPLIED	24	0	0	0	NO	0	0	0	0	0	0	e2ba14a5
4	Rave	0	BASE	OTHER	145	LAID BACK	2	APPLIED	24	0	0	0	NO	0	0	0	0	0	0	e2ba14a5
4	Rave	0	BASE	OTHER	145	LAID BACK	12	APPLIED	24	2	1	43	NO	0	2	0	0	0	0	47b50b5f
4	Rave	0	BASE	OTHER	145	LAID BACK	20	APPLIED	24	2	1	43	NO	0	2	0	0	0	0	47b50b5f
4	Rave	0	BASE	OTHER	145	LAID BACK	22	APPLIED	24	2	1	43	NO	0	2	0	0	0	0	47b50b5f
4	Rave	0	BASE	OTHER	145	LAID BACK	30	APPLIED	24	11	2	86	NO	0	2	4	1	0	4	95b6e772
4	Rave	0	BASE	OTHER	145	LAID BACK	40	APPLIED	24	11	2	86	NO	0	2	4	1	0	4	95b6e772
4	Rave	0	BASE	OTHER	145	LAID BACK	50	APPLIED	24	15	3	129	NO	0	2	6	0	3	4	fd8ada2b
4	Rave	0	BASE	OTHER	145	LAID BACK	60	APPLIED	24	17	4	172	NO	0	2	7	1	3	4	94545bdc
4	Rave	0	BASE	OTHER	145	LAID BACK	80	APPLIED	24	18	5	215	NO	0	2	8	1	3	4	9edd2203
4	Rave	0	BASE	OTHER	145	LAID BACK	100	APPLIED	24	20	6	258	NO	0	2	8	1	5	4	b461fdf8
4	Rave	0	BASE	OTHER	145	PUSH/PULL	0	APPLIED	24	0	0	0	NO	0	0	0	0	0	0	e2ba14a5
4	Rave	0	BASE	OTHER	145	PUSH/PULL	2	APPLIED	24	0	0	0	NO	0	0	0	0	0	0	e2ba14a5
4	Rave	0	BASE	OTHER	145	PUSH/PULL	12	APPLIED	24	0	0	0	NO	0	0	0	0	0	0	e2ba14a5
4	Rave	0	BASE	OTHER	145	PUSH/PULL	20	APPLIED	24	0	0	0	NO	0	0	0	0	0	0	e2ba14a5
4	Rave	0	BASE	OTHER	145	PUSH/PULL	22	APPLIED	24	0	0	0	NO	0	0	0	0	0	0	e2ba14a5
4	Rave	0	BASE	OTHER	145	PUSH/PULL	30	APPLIED	24	5	1	43	YES	3	2	0	0	0	0	da4c6d9c
4	Rave	0	BASE	OTHER	145	PUSH/PULL	40	APPLIED	24	5	1	43	YES	3	2	0	0	0	0	da4c6d9c
4	Rave	0	BASE	OTHER	145	PUSH/PULL	50	APPLIED	24	8	2	86	YES	3	2	3	0	0	0	15eed9da
4	Rave	0	BASE	OTHER	145	PUSH/PULL	60	APPLIED	24	15	3	129	YES	3	2	3	1	3	3	b8caac2e
4	Rave	0	BASE	OTHER	145	PUSH/PULL	80	APPLIED	24	15	3	129	YES	3	2	3	1	3	3	b8caac2e
4	Rave	0	BASE	OTHER	145	PUSH/PULL	100	APPLIED	24	19	4	172	YES	3	2	7	1	3	3	19a3c74c
4	Rave	0	BASE	OTHER	145	AUTO	0	APPLIED	24	0	0	0	NO	0	0	0	0	0	0	e2ba14a5
4	Rave	0	BASE	OTHER	145	AUTO	2	APPLIED	24	0	0	0	NO	0	0	0	0	0	0	e2ba14a5
4	Rave	0	BASE	OTHER	145	AUTO	12	APPLIED	24	0	0	0	NO	0	0	0	0	0	0	e2ba14a5
4	Rave	0	BASE	OTHER	145	AUTO	20	APPLIED	24	0	0	0	NO	0	0	0	0	0	0	e2ba14a5
4	Rave	0	BASE	OTHER	145	AUTO	22	APPLIED	24	0	0	0	NO	0	0	0	0	0	0	e2ba14a5
4	Rave	0	BASE	OTHER	145	AUTO	30	APPLIED	24	0	0	0	NO	0	0	0	0	0	0	e2ba14a5
4	Rave	0	BASE	OTHER	145	AUTO	40	APPLIED	24	0	0	0	NO	0	0	0	0	0	0	e2ba14a5
4	Rave	0	BASE	OTHER	145	AUTO	50	APPLIED	24	0	0	0	NO	0	0	0	0	0	0	e2ba14a5
4	Rave	0	BASE	OTHER	145	AUTO	60	APPLIED	24	0	0	0	NO	0	0	0	0	0	0	e2ba14a5
4	Rave	0	BASE	OTHER	145	AUTO	80	APPLIED	24	0	0	0	NO	0	0	0	0	0	0	e2ba14a5
4	Rave	0	BASE	OTHER	145	AUTO	100	APPLIED	24	0	0	0	NO	0	0	0	0	0	0	e2ba14a5
4	Rave	4	Psytrance	STAGE7	145	STRAIGHT	0	APPLIED	23	0	0	0	NO	0	0	0	0	0	0	71b253e7
4	Rave	4	Psytrance	STAGE7	145	STRAIGHT	2	APPLIED	23	0	0	0	NO	0	0	0	0	0	0	71b253e7
4	Rave	4	Psytrance	STAGE7	145	STRAIGHT	12	APPLIED	23	0	0	0	NO	0	0	0	0	0	0	71b253e7
4	Rave	4	Psytrance	STAGE7	145	STRAIGHT	20	APPLIED	23	0	0	0	NO	0	0	0	0	0	0	71b253e7
4	Rave	4	Psytrance	STAGE7	145	STRAIGHT	22	APPLIED	23	0	0	0	NO	0	0	0	0	0	0	71b253e7
4	Rave	4	Psytrance	STAGE7	145	STRAIGHT	30	APPLIED	23	0	0	0	NO	0	0	0	0	0	0	71b253e7
4	Rave	4	Psytrance	STAGE7	145	STRAIGHT	40	APPLIED	23	0	0	0	NO	0	0	0	0	0	0	71b253e7
4	Rave	4	Psytrance	STAGE7	145	STRAIGHT	50	APPLIED	23	0	0	0	NO	0	0	0	0	0	0	71b253e7
4	Rave	4	Psytrance	STAGE7	145	STRAIGHT	60	APPLIED	23	0	0	0	NO	0	0	0	0	0	0	71b253e7
4	Rave	4	Psytrance	STAGE7	145	STRAIGHT	80	APPLIED	23	0	0	0	NO	0	0	0	0	0	0	71b253e7
4	Rave	4	Psytrance	STAGE7	145	STRAIGHT	100	APPLIED	23	0	0	0	NO	0	0	0	0	0	0	71b253e7
4	Rave	4	Psytrance	STAGE7	145	SWING COMPAT	0	APPLIED	23	0	0	0	NO	0	0	0	0	0	0	71b253e7
4	Rave	4	Psytrance	STAGE7	145	SWING COMPAT	2	APPLIED	23	0	0	0	NO	0	0	0	0	0	0	71b253e7
4	Rave	4	Psytrance	STAGE7	145	SWING COMPAT	12	APPLIED	23	0	0	0	NO	0	0	0	0	0	0	71b253e7
4	Rave	4	Psytrance	STAGE7	145	SWING COMPAT	20	APPLIED	23	0	0	0	NO	0	0	0	0	0	0	71b253e7
4	Rave	4	Psytrance	STAGE7	145	SWING COMPAT	22	APPLIED	23	0	0	0	NO	0	0	0	0	0	0	71b253e7
4	Rave	4	Psytrance	STAGE7	145	SWING COMPAT	30	APPLIED	23	0	0	0	NO	0	0	0	0	0	0	71b253e7
4	Rave	4	Psytrance	STAGE7	145	SWING COMPAT	40	APPLIED	23	0	0	0	NO	0	0	0	0	0	0	71b253e7
4	Rave	4	Psytrance	STAGE7	145	SWING COMPAT	50	APPLIED	23	0	0	0	NO	0	0	0	0	0	0	71b253e7
4	Rave	4	Psytrance	STAGE7	145	SWING COMPAT	60	APPLIED	23	3	1	43	NO	0	0	3	0	0	0	b5a2686c
4	Rave	4	Psytrance	STAGE7	145	SWING COMPAT	80	APPLIED	23	6	2	86	NO	0	0	5	1	0	0	8195eba2
4	Rave	4	Psytrance	STAGE7	145	SWING COMPAT	100	APPLIED	23	6	2	86	NO	0	0	5	1	0	0	8195eba2
4	Rave	4	Psytrance	STAGE7	145	LAID BACK	0	APPLIED	23	0	0	0	NO	0	0	0	0	0	0	71b253e7
4	Rave	4	Psytrance	STAGE7	145	LAID BACK	2	APPLIED	23	0	0	0	NO	0	0	0	0	0	0	71b253e7
4	Rave	4	Psytrance	STAGE7	145	LAID BACK	12	APPLIED	23	2	1	43	NO	0	2	0	0	0	0	1a871e85
4	Rave	4	Psytrance	STAGE7	145	LAID BACK	20	APPLIED	23	2	1	43	NO	0	2	0	0	0	0	1a871e85
4	Rave	4	Psytrance	STAGE7	145	LAID BACK	22	APPLIED	23	2	1	43	NO	0	2	0	0	0	0	1a871e85
4	Rave	4	Psytrance	STAGE7	145	LAID BACK	30	APPLIED	23	11	2	86	NO	0	2	4	1	0	4	3918ff38
4	Rave	4	Psytrance	STAGE7	145	LAID BACK	40	APPLIED	23	11	2	86	NO	0	2	4	1	0	4	3918ff38
4	Rave	4	Psytrance	STAGE7	145	LAID BACK	50	APPLIED	23	12	3	129	NO	0	2	4	0	3	3	3a76f040
4	Rave	4	Psytrance	STAGE7	145	LAID BACK	60	APPLIED	23	17	4	172	NO	0	2	7	1	3	4	2923aab5
4	Rave	4	Psytrance	STAGE7	145	LAID BACK	80	APPLIED	23	18	5	215	NO	0	2	8	1	3	4	290aebf6
4	Rave	4	Psytrance	STAGE7	145	LAID BACK	100	APPLIED	23	19	6	258	NO	0	2	8	1	4	4	b0b3657e
4	Rave	4	Psytrance	STAGE7	145	PUSH/PULL	0	APPLIED	23	0	0	0	NO	0	0	0	0	0	0	71b253e7
4	Rave	4	Psytrance	STAGE7	145	PUSH/PULL	2	APPLIED	23	0	0	0	NO	0	0	0	0	0	0	71b253e7
4	Rave	4	Psytrance	STAGE7	145	PUSH/PULL	12	APPLIED	23	0	0	0	NO	0	0	0	0	0	0	71b253e7
4	Rave	4	Psytrance	STAGE7	145	PUSH/PULL	20	APPLIED	23	0	0	0	NO	0	0	0	0	0	0	71b253e7
4	Rave	4	Psytrance	STAGE7	145	PUSH/PULL	22	APPLIED	23	0	0	0	NO	0	0	0	0	0	0	71b253e7
4	Rave	4	Psytrance	STAGE7	145	PUSH/PULL	30	APPLIED	23	5	1	43	YES	3	2	0	0	0	0	9073cd74
4	Rave	4	Psytrance	STAGE7	145	PUSH/PULL	40	APPLIED	23	5	1	43	YES	3	2	0	0	0	0	9073cd74
4	Rave	4	Psytrance	STAGE7	145	PUSH/PULL	50	APPLIED	23	9	2	86	YES	2	1	6	0	0	0	9854738e
4	Rave	4	Psytrance	STAGE7	145	PUSH/PULL	60	APPLIED	23	14	2	86	YES	3	2	6	1	1	1	8154914c
4	Rave	4	Psytrance	STAGE7	145	PUSH/PULL	80	APPLIED	23	14	2	86	YES	3	2	6	1	1	1	8154914c
4	Rave	4	Psytrance	STAGE7	145	PUSH/PULL	100	APPLIED	23	15	3	129	YES	3	2	7	1	1	1	824f13c2
4	Rave	4	Psytrance	STAGE7	145	AUTO	0	APPLIED	23	0	0	0	NO	0	0	0	0	0	0	71b253e7
4	Rave	4	Psytrance	STAGE7	145	AUTO	2	APPLIED	23	0	0	0	NO	0	0	0	0	0	0	71b253e7
4	Rave	4	Psytrance	STAGE7	145	AUTO	12	APPLIED	23	0	0	0	NO	0	0	0	0	0	0	71b253e7
4	Rave	4	Psytrance	STAGE7	145	AUTO	20	APPLIED	23	0	0	0	NO	0	0	0	0	0	0	71b253e7
4	Rave	4	Psytrance	STAGE7	145	AUTO	22	APPLIED	23	0	0	0	NO	0	0	0	0	0	0	71b253e7
4	Rave	4	Psytrance	STAGE7	145	AUTO	30	APPLIED	23	0	0	0	NO	0	0	0	0	0	0	71b253e7
4	Rave	4	Psytrance	STAGE7	145	AUTO	40	APPLIED	23	0	0	0	NO	0	0	0	0	0	0	71b253e7
4	Rave	4	Psytrance	STAGE7	145	AUTO	50	APPLIED	23	0	0	0	NO	0	0	0	0	0	0	71b253e7
4	Rave	4	Psytrance	STAGE7	145	AUTO	60	APPLIED	23	0	0	0	NO	0	0	0	0	0	0	71b253e7
4	Rave	4	Psytrance	STAGE7	145	AUTO	80	APPLIED	23	0	0	0	NO	0	0	0	0	0	0	71b253e7
4	Rave	4	Psytrance	STAGE7	145	AUTO	100	APPLIED	23	0	0	0	NO	0	0	0	0	0	0	71b253e7
5	Dub/Reggae	0	BASE	STAGE7	82	STRAIGHT	0	APPLIED	15	0	0	0	NO	0	0	0	0	0	0	05537a07
5	Dub/Reggae	0	BASE	STAGE7	82	STRAIGHT	2	APPLIED	15	0	0	0	NO	0	0	0	0	0	0	05537a07
5	Dub/Reggae	0	BASE	STAGE7	82	STRAIGHT	12	APPLIED	15	0	0	0	NO	0	0	0	0	0	0	05537a07
5	Dub/Reggae	0	BASE	STAGE7	82	STRAIGHT	20	APPLIED	15	0	0	0	NO	0	0	0	0	0	0	05537a07
5	Dub/Reggae	0	BASE	STAGE7	82	STRAIGHT	22	APPLIED	15	0	0	0	NO	0	0	0	0	0	0	05537a07
5	Dub/Reggae	0	BASE	STAGE7	82	STRAIGHT	30	APPLIED	15	0	0	0	NO	0	0	0	0	0	0	05537a07
5	Dub/Reggae	0	BASE	STAGE7	82	STRAIGHT	40	APPLIED	15	0	0	0	NO	0	0	0	0	0	0	05537a07
5	Dub/Reggae	0	BASE	STAGE7	82	STRAIGHT	50	APPLIED	15	0	0	0	NO	0	0	0	0	0	0	05537a07
5	Dub/Reggae	0	BASE	STAGE7	82	STRAIGHT	60	APPLIED	15	0	0	0	NO	0	0	0	0	0	0	05537a07
5	Dub/Reggae	0	BASE	STAGE7	82	STRAIGHT	80	APPLIED	15	0	0	0	NO	0	0	0	0	0	0	05537a07
5	Dub/Reggae	0	BASE	STAGE7	82	STRAIGHT	100	APPLIED	15	0	0	0	NO	0	0	0	0	0	0	05537a07
5	Dub/Reggae	0	BASE	STAGE7	82	SWING COMPAT	0	APPLIED	15	0	0	0	NO	0	0	0	0	0	0	05537a07
5	Dub/Reggae	0	BASE	STAGE7	82	SWING COMPAT	2	APPLIED	15	0	0	0	NO	0	0	0	0	0	0	05537a07
5	Dub/Reggae	0	BASE	STAGE7	82	SWING COMPAT	12	APPLIED	15	0	0	0	NO	0	0	0	0	0	0	05537a07
5	Dub/Reggae	0	BASE	STAGE7	82	SWING COMPAT	20	APPLIED	15	0	0	0	NO	0	0	0	0	0	0	05537a07
5	Dub/Reggae	0	BASE	STAGE7	82	SWING COMPAT	22	APPLIED	15	0	0	0	NO	0	0	0	0	0	0	05537a07
5	Dub/Reggae	0	BASE	STAGE7	82	SWING COMPAT	30	APPLIED	15	0	0	0	NO	0	0	0	0	0	0	05537a07
5	Dub/Reggae	0	BASE	STAGE7	82	SWING COMPAT	40	APPLIED	15	0	0	0	NO	0	0	0	0	0	0	05537a07
5	Dub/Reggae	0	BASE	STAGE7	82	SWING COMPAT	50	APPLIED	15	0	0	0	NO	0	0	0	0	0	0	05537a07
5	Dub/Reggae	0	BASE	STAGE7	82	SWING COMPAT	60	APPLIED	15	1	1	76	NO	0	0	1	0	0	0	a7f21ae6
5	Dub/Reggae	0	BASE	STAGE7	82	SWING COMPAT	80	APPLIED	15	2	2	152	NO	0	0	2	0	0	0	ea839ccc
5	Dub/Reggae	0	BASE	STAGE7	82	SWING COMPAT	100	APPLIED	15	2	2	152	NO	0	0	2	0	0	0	ea839ccc
5	Dub/Reggae	0	BASE	STAGE7	82	LAID BACK	0	APPLIED	15	0	0	0	NO	0	0	0	0	0	0	05537a07
5	Dub/Reggae	0	BASE	STAGE7	82	LAID BACK	2	APPLIED	15	0	0	0	NO	0	0	0	0	0	0	05537a07
5	Dub/Reggae	0	BASE	STAGE7	82	LAID BACK	12	APPLIED	15	1	1	76	NO	0	1	0	0	0	0	31c709d6
5	Dub/Reggae	0	BASE	STAGE7	82	LAID BACK	20	APPLIED	15	1	1	76	NO	0	1	0	0	0	0	31c709d6
5	Dub/Reggae	0	BASE	STAGE7	82	LAID BACK	22	APPLIED	15	1	1	76	NO	0	1	0	0	0	0	31c709d6
5	Dub/Reggae	0	BASE	STAGE7	82	LAID BACK	30	APPLIED	15	8	2	152	NO	0	1	1	2	0	4	6f20a422
5	Dub/Reggae	0	BASE	STAGE7	82	LAID BACK	40	APPLIED	15	8	2	152	NO	0	1	1	2	0	4	6f20a422
5	Dub/Reggae	0	BASE	STAGE7	82	LAID BACK	50	APPLIED	15	8	3	228	NO	0	1	3	0	0	4	b2586318
5	Dub/Reggae	0	BASE	STAGE7	82	LAID BACK	60	APPLIED	15	11	3	228	NO	0	1	4	2	0	4	37673f6e
5	Dub/Reggae	0	BASE	STAGE7	82	LAID BACK	80	APPLIED	15	11	4	304	NO	0	1	4	2	0	4	81668968
5	Dub/Reggae	0	BASE	STAGE7	82	LAID BACK	100	APPLIED	15	12	5	381	NO	0	1	4	2	1	4	a34f3737
5	Dub/Reggae	0	BASE	STAGE7	82	PUSH/PULL	0	APPLIED	15	0	0	0	NO	0	0	0	0	0	0	05537a07
5	Dub/Reggae	0	BASE	STAGE7	82	PUSH/PULL	2	APPLIED	15	0	0	0	NO	0	0	0	0	0	0	05537a07
5	Dub/Reggae	0	BASE	STAGE7	82	PUSH/PULL	12	APPLIED	15	0	0	0	NO	0	0	0	0	0	0	05537a07
5	Dub/Reggae	0	BASE	STAGE7	82	PUSH/PULL	20	APPLIED	15	0	0	0	NO	0	0	0	0	0	0	05537a07
5	Dub/Reggae	0	BASE	STAGE7	82	PUSH/PULL	22	APPLIED	15	0	0	0	NO	0	0	0	0	0	0	05537a07
5	Dub/Reggae	0	BASE	STAGE7	82	PUSH/PULL	30	APPLIED	15	3	1	76	YES	2	1	0	0	0	0	648514cc
5	Dub/Reggae	0	BASE	STAGE7	82	PUSH/PULL	40	APPLIED	15	3	1	76	YES	2	1	0	0	0	0	648514cc
5	Dub/Reggae	0	BASE	STAGE7	82	PUSH/PULL	50	APPLIED	15	8	2	152	YES	2	1	2	0	0	3	15f10873
5	Dub/Reggae	0	BASE	STAGE7	82	PUSH/PULL	60	APPLIED	15	10	3	228	YES	2	1	2	2	0	3	fa5d028e
5	Dub/Reggae	0	BASE	STAGE7	82	PUSH/PULL	80	APPLIED	15	10	3	228	YES	2	1	2	2	0	3	fa5d028e
5	Dub/Reggae	0	BASE	STAGE7	82	PUSH/PULL	100	APPLIED	15	13	4	304	YES	2	1	4	2	0	4	cc5d4539
5	Dub/Reggae	0	BASE	STAGE7	82	AUTO	0	APPLIED	15	0	0	0	NO	0	0	0	0	0	0	05537a07
5	Dub/Reggae	0	BASE	STAGE7	82	AUTO	2	APPLIED	15	0	0	0	NO	0	0	0	0	0	0	05537a07
5	Dub/Reggae	0	BASE	STAGE7	82	AUTO	12	APPLIED	15	0	0	0	NO	0	0	0	0	0	0	05537a07
5	Dub/Reggae	0	BASE	STAGE7	82	AUTO	20	APPLIED	15	0	0	0	NO	0	0	0	0	0	0	05537a07
5	Dub/Reggae	0	BASE	STAGE7	82	AUTO	22	APPLIED	15	0	0	0	NO	0	0	0	0	0	0	05537a07
5	Dub/Reggae	0	BASE	STAGE7	82	AUTO	30	APPLIED	15	3	1	76	YES	2	1	0	0	0	0	648514cc
5	Dub/Reggae	0	BASE	STAGE7	82	AUTO	40	APPLIED	15	3	1	76	YES	2	1	0	0	0	0	648514cc
5	Dub/Reggae	0	BASE	STAGE7	82	AUTO	50	APPLIED	15	8	2	152	YES	2	1	2	0	0	3	15f10873
5	Dub/Reggae	0	BASE	STAGE7	82	AUTO	60	APPLIED	15	10	3	228	YES	2	1	2	2	0	3	fa5d028e
5	Dub/Reggae	0	BASE	STAGE7	82	AUTO	80	APPLIED	15	10	3	228	YES	2	1	2	2	0	3	fa5d028e
5	Dub/Reggae	0	BASE	STAGE7	82	AUTO	100	APPLIED	15	13	4	304	YES	2	1	4	2	0	4	cc5d4539
5	Dub/Reggae	5	Dub Techno	DUB_TECHNO	120	STRAIGHT	0	APPLIED	22	0	0	0	NO	0	0	0	0	0	0	290628dd
5	Dub/Reggae	5	Dub Techno	DUB_TECHNO	120	STRAIGHT	2	APPLIED	22	0	0	0	NO	0	0	0	0	0	0	290628dd
5	Dub/Reggae	5	Dub Techno	DUB_TECHNO	120	STRAIGHT	12	APPLIED	22	0	0	0	NO	0	0	0	0	0	0	290628dd
5	Dub/Reggae	5	Dub Techno	DUB_TECHNO	120	STRAIGHT	20	APPLIED	22	0	0	0	NO	0	0	0	0	0	0	290628dd
5	Dub/Reggae	5	Dub Techno	DUB_TECHNO	120	STRAIGHT	22	APPLIED	22	0	0	0	NO	0	0	0	0	0	0	290628dd
5	Dub/Reggae	5	Dub Techno	DUB_TECHNO	120	STRAIGHT	30	APPLIED	22	0	0	0	NO	0	0	0	0	0	0	290628dd
5	Dub/Reggae	5	Dub Techno	DUB_TECHNO	120	STRAIGHT	40	APPLIED	22	0	0	0	NO	0	0	0	0	0	0	290628dd
5	Dub/Reggae	5	Dub Techno	DUB_TECHNO	120	STRAIGHT	50	APPLIED	22	0	0	0	NO	0	0	0	0	0	0	290628dd
5	Dub/Reggae	5	Dub Techno	DUB_TECHNO	120	STRAIGHT	60	APPLIED	22	0	0	0	NO	0	0	0	0	0	0	290628dd
5	Dub/Reggae	5	Dub Techno	DUB_TECHNO	120	STRAIGHT	80	APPLIED	22	0	0	0	NO	0	0	0	0	0	0	290628dd
5	Dub/Reggae	5	Dub Techno	DUB_TECHNO	120	STRAIGHT	100	APPLIED	22	0	0	0	NO	0	0	0	0	0	0	290628dd
5	Dub/Reggae	5	Dub Techno	DUB_TECHNO	120	SWING COMPAT	0	APPLIED	22	0	0	0	NO	0	0	0	0	0	0	290628dd
5	Dub/Reggae	5	Dub Techno	DUB_TECHNO	120	SWING COMPAT	2	APPLIED	22	0	0	0	NO	0	0	0	0	0	0	290628dd
5	Dub/Reggae	5	Dub Techno	DUB_TECHNO	120	SWING COMPAT	12	APPLIED	22	0	0	0	NO	0	0	0	0	0	0	290628dd
5	Dub/Reggae	5	Dub Techno	DUB_TECHNO	120	SWING COMPAT	20	APPLIED	22	0	0	0	NO	0	0	0	0	0	0	290628dd
5	Dub/Reggae	5	Dub Techno	DUB_TECHNO	120	SWING COMPAT	22	APPLIED	22	0	0	0	NO	0	0	0	0	0	0	290628dd
5	Dub/Reggae	5	Dub Techno	DUB_TECHNO	120	SWING COMPAT	30	APPLIED	22	0	0	0	NO	0	0	0	0	0	0	290628dd
5	Dub/Reggae	5	Dub Techno	DUB_TECHNO	120	SWING COMPAT	40	APPLIED	22	0	0	0	NO	0	0	0	0	0	0	290628dd
5	Dub/Reggae	5	Dub Techno	DUB_TECHNO	120	SWING COMPAT	50	APPLIED	22	0	0	0	NO	0	0	0	0	0	0	290628dd
5	Dub/Reggae	5	Dub Techno	DUB_TECHNO	120	SWING COMPAT	60	APPLIED	22	2	2	104	NO	0	0	2	0	0	0	e96e1794
5	Dub/Reggae	5	Dub Techno	DUB_TECHNO	120	SWING COMPAT	80	APPLIED	22	8	2	104	NO	0	0	5	3	0	0	9b73c6b2
5	Dub/Reggae	5	Dub Techno	DUB_TECHNO	120	SWING COMPAT	100	APPLIED	22	8	2	104	NO	0	0	5	3	0	0	9b73c6b2
5	Dub/Reggae	5	Dub Techno	DUB_TECHNO	120	LAID BACK	0	APPLIED	22	0	0	0	NO	0	0	0	0	0	0	290628dd
5	Dub/Reggae	5	Dub Techno	DUB_TECHNO	120	LAID BACK	2	APPLIED	22	0	0	0	NO	0	0	0	0	0	0	290628dd
5	Dub/Reggae	5	Dub Techno	DUB_TECHNO	120	LAID BACK	12	APPLIED	22	2	1	52	NO	0	2	0	0	0	0	15f6ce87
5	Dub/Reggae	5	Dub Techno	DUB_TECHNO	120	LAID BACK	20	APPLIED	22	2	1	52	NO	0	2	0	0	0	0	15f6ce87
5	Dub/Reggae	5	Dub Techno	DUB_TECHNO	120	LAID BACK	22	APPLIED	22	2	1	52	NO	0	2	0	0	0	0	15f6ce87
5	Dub/Reggae	5	Dub Techno	DUB_TECHNO	120	LAID BACK	30	APPLIED	22	10	2	104	NO	0	2	2	3	0	3	540d66e9
5	Dub/Reggae	5	Dub Techno	DUB_TECHNO	120	LAID BACK	40	APPLIED	22	10	2	104	NO	0	2	2	3	0	3	540d66e9
5	Dub/Reggae	5	Dub Techno	DUB_TECHNO	120	LAID BACK	50	APPLIED	22	17	3	156	NO	0	2	6	2	4	3	85b6dd90
5	Dub/Reggae	5	Dub Techno	DUB_TECHNO	120	LAID BACK	60	APPLIED	22	18	4	208	NO	0	2	6	3	4	3	c48e63a3
5	Dub/Reggae	5	Dub Techno	DUB_TECHNO	120	LAID BACK	80	APPLIED	22	18	5	260	NO	0	2	6	3	4	3	0e0a068b
5	Dub/Reggae	5	Dub Techno	DUB_TECHNO	120	LAID BACK	100	APPLIED	22	18	6	312	NO	0	2	6	3	4	3	809a394a
5	Dub/Reggae	5	Dub Techno	DUB_TECHNO	120	PUSH/PULL	0	APPLIED	22	0	0	0	NO	0	0	0	0	0	0	290628dd
5	Dub/Reggae	5	Dub Techno	DUB_TECHNO	120	PUSH/PULL	2	APPLIED	22	0	0	0	NO	0	0	0	0	0	0	290628dd
5	Dub/Reggae	5	Dub Techno	DUB_TECHNO	120	PUSH/PULL	12	APPLIED	22	0	0	0	NO	0	0	0	0	0	0	290628dd
5	Dub/Reggae	5	Dub Techno	DUB_TECHNO	120	PUSH/PULL	20	APPLIED	22	0	0	0	NO	0	0	0	0	0	0	290628dd
5	Dub/Reggae	5	Dub Techno	DUB_TECHNO	120	PUSH/PULL	22	APPLIED	22	0	0	0	NO	0	0	0	0	0	0	290628dd
5	Dub/Reggae	5	Dub Techno	DUB_TECHNO	120	PUSH/PULL	30	APPLIED	22	5	1	52	YES	3	2	0	0	0	0	6f60353c
5	Dub/Reggae	5	Dub Techno	DUB_TECHNO	120	PUSH/PULL	40	APPLIED	22	5	1	52	YES	3	2	0	0	0	0	6f60353c
5	Dub/Reggae	5	Dub Techno	DUB_TECHNO	120	PUSH/PULL	50	APPLIED	22	9	2	104	YES	1	2	4	0	0	2	5cfdd8a2
5	Dub/Reggae	5	Dub Techno	DUB_TECHNO	120	PUSH/PULL	60	APPLIED	22	15	3	156	YES	3	2	4	2	2	2	69ffde75
5	Dub/Reggae	5	Dub Techno	DUB_TECHNO	120	PUSH/PULL	80	APPLIED	22	15	3	156	YES	3	2	4	2	2	2	69ffde75
5	Dub/Reggae	5	Dub Techno	DUB_TECHNO	120	PUSH/PULL	100	APPLIED	22	18	4	208	YES	3	2	6	2	2	3	3360c887
5	Dub/Reggae	5	Dub Techno	DUB_TECHNO	120	AUTO	0	APPLIED	22	0	0	0	NO	0	0	0	0	0	0	290628dd
5	Dub/Reggae	5	Dub Techno	DUB_TECHNO	120	AUTO	2	APPLIED	22	0	0	0	NO	0	0	0	0	0	0	290628dd
5	Dub/Reggae	5	Dub Techno	DUB_TECHNO	120	AUTO	12	APPLIED	22	2	1	52	NO	0	2	0	0	0	0	15f6ce87
5	Dub/Reggae	5	Dub Techno	DUB_TECHNO	120	AUTO	20	APPLIED	22	2	1	52	NO	0	2	0	0	0	0	15f6ce87
5	Dub/Reggae	5	Dub Techno	DUB_TECHNO	120	AUTO	22	APPLIED	22	2	1	52	NO	0	2	0	0	0	0	15f6ce87
5	Dub/Reggae	5	Dub Techno	DUB_TECHNO	120	AUTO	30	APPLIED	22	10	2	104	NO	0	2	2	3	0	3	540d66e9
5	Dub/Reggae	5	Dub Techno	DUB_TECHNO	120	AUTO	40	APPLIED	22	10	2	104	NO	0	2	2	3	0	3	540d66e9
5	Dub/Reggae	5	Dub Techno	DUB_TECHNO	120	AUTO	50	APPLIED	22	17	3	156	NO	0	2	6	2	4	3	85b6dd90
5	Dub/Reggae	5	Dub Techno	DUB_TECHNO	120	AUTO	60	APPLIED	22	18	4	208	NO	0	2	6	3	4	3	c48e63a3
5	Dub/Reggae	5	Dub Techno	DUB_TECHNO	120	AUTO	80	APPLIED	22	18	5	260	NO	0	2	6	3	4	3	0e0a068b
5	Dub/Reggae	5	Dub Techno	DUB_TECHNO	120	AUTO	100	APPLIED	22	18	6	312	NO	0	2	6	3	4	3	809a394a
5	Dub/Reggae	10	Deep Chord	DEEP_CHORD	116	STRAIGHT	0	APPLIED	15	0	0	0	NO	0	0	0	0	0	0	05537a07
5	Dub/Reggae	10	Deep Chord	DEEP_CHORD	116	STRAIGHT	2	APPLIED	15	0	0	0	NO	0	0	0	0	0	0	05537a07
5	Dub/Reggae	10	Deep Chord	DEEP_CHORD	116	STRAIGHT	12	APPLIED	15	0	0	0	NO	0	0	0	0	0	0	05537a07
5	Dub/Reggae	10	Deep Chord	DEEP_CHORD	116	STRAIGHT	20	APPLIED	15	0	0	0	NO	0	0	0	0	0	0	05537a07
5	Dub/Reggae	10	Deep Chord	DEEP_CHORD	116	STRAIGHT	22	APPLIED	15	0	0	0	NO	0	0	0	0	0	0	05537a07
5	Dub/Reggae	10	Deep Chord	DEEP_CHORD	116	STRAIGHT	30	APPLIED	15	0	0	0	NO	0	0	0	0	0	0	05537a07
5	Dub/Reggae	10	Deep Chord	DEEP_CHORD	116	STRAIGHT	40	APPLIED	15	0	0	0	NO	0	0	0	0	0	0	05537a07
5	Dub/Reggae	10	Deep Chord	DEEP_CHORD	116	STRAIGHT	50	APPLIED	15	0	0	0	NO	0	0	0	0	0	0	05537a07
5	Dub/Reggae	10	Deep Chord	DEEP_CHORD	116	STRAIGHT	60	APPLIED	15	0	0	0	NO	0	0	0	0	0	0	05537a07
5	Dub/Reggae	10	Deep Chord	DEEP_CHORD	116	STRAIGHT	80	APPLIED	15	0	0	0	NO	0	0	0	0	0	0	05537a07
5	Dub/Reggae	10	Deep Chord	DEEP_CHORD	116	STRAIGHT	100	APPLIED	15	0	0	0	NO	0	0	0	0	0	0	05537a07
5	Dub/Reggae	10	Deep Chord	DEEP_CHORD	116	SWING COMPAT	0	APPLIED	15	0	0	0	NO	0	0	0	0	0	0	05537a07
5	Dub/Reggae	10	Deep Chord	DEEP_CHORD	116	SWING COMPAT	2	APPLIED	15	0	0	0	NO	0	0	0	0	0	0	05537a07
5	Dub/Reggae	10	Deep Chord	DEEP_CHORD	116	SWING COMPAT	12	APPLIED	15	0	0	0	NO	0	0	0	0	0	0	05537a07
5	Dub/Reggae	10	Deep Chord	DEEP_CHORD	116	SWING COMPAT	20	APPLIED	15	0	0	0	NO	0	0	0	0	0	0	05537a07
5	Dub/Reggae	10	Deep Chord	DEEP_CHORD	116	SWING COMPAT	22	APPLIED	15	0	0	0	NO	0	0	0	0	0	0	05537a07
5	Dub/Reggae	10	Deep Chord	DEEP_CHORD	116	SWING COMPAT	30	APPLIED	15	0	0	0	NO	0	0	0	0	0	0	05537a07
5	Dub/Reggae	10	Deep Chord	DEEP_CHORD	116	SWING COMPAT	40	APPLIED	15	0	0	0	NO	0	0	0	0	0	0	05537a07
5	Dub/Reggae	10	Deep Chord	DEEP_CHORD	116	SWING COMPAT	50	APPLIED	15	0	0	0	NO	0	0	0	0	0	0	05537a07
5	Dub/Reggae	10	Deep Chord	DEEP_CHORD	116	SWING COMPAT	60	APPLIED	15	1	1	53	NO	0	0	1	0	0	0	e40ab914
5	Dub/Reggae	10	Deep Chord	DEEP_CHORD	116	SWING COMPAT	80	APPLIED	15	4	2	107	NO	0	0	3	1	0	0	1d71589f
5	Dub/Reggae	10	Deep Chord	DEEP_CHORD	116	SWING COMPAT	100	APPLIED	15	4	2	107	NO	0	0	3	1	0	0	1d71589f
5	Dub/Reggae	10	Deep Chord	DEEP_CHORD	116	LAID BACK	0	APPLIED	15	0	0	0	NO	0	0	0	0	0	0	05537a07
5	Dub/Reggae	10	Deep Chord	DEEP_CHORD	116	LAID BACK	2	APPLIED	15	0	0	0	NO	0	0	0	0	0	0	05537a07
5	Dub/Reggae	10	Deep Chord	DEEP_CHORD	116	LAID BACK	12	APPLIED	15	1	1	53	NO	0	1	0	0	0	0	ce3edce4
5	Dub/Reggae	10	Deep Chord	DEEP_CHORD	116	LAID BACK	20	APPLIED	15	1	1	53	NO	0	1	0	0	0	0	ce3edce4
5	Dub/Reggae	10	Deep Chord	DEEP_CHORD	116	LAID BACK	22	APPLIED	15	1	1	53	NO	0	1	0	0	0	0	ce3edce4
5	Dub/Reggae	10	Deep Chord	DEEP_CHORD	116	LAID BACK	30	APPLIED	15	6	2	107	NO	0	1	2	2	0	1	51937310
5	Dub/Reggae	10	Deep Chord	DEEP_CHORD	116	LAID BACK	40	APPLIED	15	6	2	107	NO	0	1	2	2	0	1	51937310
5	Dub/Reggae	10	Deep Chord	DEEP_CHORD	116	LAID BACK	50	APPLIED	15	9	2	107	NO	0	1	4	2	1	1	4269d5bb
5	Dub/Reggae	10	Deep Chord	DEEP_CHORD	116	LAID BACK	60	APPLIED	15	10	3	161	NO	0	1	5	2	1	1	b848d50a
5	Dub/Reggae	10	Deep Chord	DEEP_CHORD	116	LAID BACK	80	APPLIED	15	10	4	215	NO	0	1	5	2	1	1	59281e1f
5	Dub/Reggae	10	Deep Chord	DEEP_CHORD	116	LAID BACK	100	APPLIED	15	10	5	269	NO	0	1	5	2	1	1	1d90c872
5	Dub/Reggae	10	Deep Chord	DEEP_CHORD	116	PUSH/PULL	0	APPLIED	15	0	0	0	NO	0	0	0	0	0	0	05537a07
5	Dub/Reggae	10	Deep Chord	DEEP_CHORD	116	PUSH/PULL	2	APPLIED	15	0	0	0	NO	0	0	0	0	0	0	05537a07
5	Dub/Reggae	10	Deep Chord	DEEP_CHORD	116	PUSH/PULL	12	APPLIED	15	0	0	0	NO	0	0	0	0	0	0	05537a07
5	Dub/Reggae	10	Deep Chord	DEEP_CHORD	116	PUSH/PULL	20	APPLIED	15	0	0	0	NO	0	0	0	0	0	0	05537a07
5	Dub/Reggae	10	Deep Chord	DEEP_CHORD	116	PUSH/PULL	22	APPLIED	15	0	0	0	NO	0	0	0	0	0	0	05537a07
5	Dub/Reggae	10	Deep Chord	DEEP_CHORD	116	PUSH/PULL	30	APPLIED	15	2	1	53	YES	1	1	0	0	0	0	6b620803
5	Dub/Reggae	10	Deep Chord	DEEP_CHORD	116	PUSH/PULL	40	APPLIED	15	2	1	53	YES	1	1	0	0	0	0	6b620803
5	Dub/Reggae	10	Deep Chord	DEEP_CHORD	116	PUSH/PULL	50	APPLIED	15	5	2	107	NO	0	0	4	0	0	1	9d5f6516
5	Dub/Reggae	10	Deep Chord	DEEP_CHORD	116	PUSH/PULL	60	APPLIED	15	8	2	107	YES	1	1	4	1	0	1	d65327f8
5	Dub/Reggae	10	Deep Chord	DEEP_CHORD	116	PUSH/PULL	80	APPLIED	15	8	2	107	YES	1	1	4	1	0	1	d65327f8
5	Dub/Reggae	10	Deep Chord	DEEP_CHORD	116	PUSH/PULL	100	APPLIED	15	9	3	161	YES	1	1	5	1	0	1	5717a7f8
5	Dub/Reggae	10	Deep Chord	DEEP_CHORD	116	AUTO	0	APPLIED	15	0	0	0	NO	0	0	0	0	0	0	05537a07
5	Dub/Reggae	10	Deep Chord	DEEP_CHORD	116	AUTO	2	APPLIED	15	0	0	0	NO	0	0	0	0	0	0	05537a07
5	Dub/Reggae	10	Deep Chord	DEEP_CHORD	116	AUTO	12	APPLIED	15	0	0	0	NO	0	0	0	0	0	0	05537a07
5	Dub/Reggae	10	Deep Chord	DEEP_CHORD	116	AUTO	20	APPLIED	15	0	0	0	NO	0	0	0	0	0	0	05537a07
5	Dub/Reggae	10	Deep Chord	DEEP_CHORD	116	AUTO	22	APPLIED	15	0	0	0	NO	0	0	0	0	0	0	05537a07
5	Dub/Reggae	10	Deep Chord	DEEP_CHORD	116	AUTO	30	APPLIED	15	2	1	53	YES	1	1	0	0	0	0	6b620803
5	Dub/Reggae	10	Deep Chord	DEEP_CHORD	116	AUTO	40	APPLIED	15	2	1	53	YES	1	1	0	0	0	0	6b620803
5	Dub/Reggae	10	Deep Chord	DEEP_CHORD	116	AUTO	50	APPLIED	15	5	2	107	NO	0	0	4	0	0	1	9d5f6516
5	Dub/Reggae	10	Deep Chord	DEEP_CHORD	116	AUTO	60	APPLIED	15	8	2	107	YES	1	1	4	1	0	1	d65327f8
5	Dub/Reggae	10	Deep Chord	DEEP_CHORD	116	AUTO	80	APPLIED	15	8	2	107	YES	1	1	4	1	0	1	d65327f8
5	Dub/Reggae	10	Deep Chord	DEEP_CHORD	116	AUTO	100	APPLIED	15	9	3	161	YES	1	1	5	1	0	1	5717a7f8
5	Dub/Reggae	11	Minimal Space	STAGE7	86	STRAIGHT	0	APPLIED	16	0	0	0	NO	0	0	0	0	0	0	69691905
5	Dub/Reggae	11	Minimal Space	STAGE7	86	STRAIGHT	2	APPLIED	16	0	0	0	NO	0	0	0	0	0	0	69691905
5	Dub/Reggae	11	Minimal Space	STAGE7	86	STRAIGHT	12	APPLIED	16	0	0	0	NO	0	0	0	0	0	0	69691905
5	Dub/Reggae	11	Minimal Space	STAGE7	86	STRAIGHT	20	APPLIED	16	0	0	0	NO	0	0	0	0	0	0	69691905
5	Dub/Reggae	11	Minimal Space	STAGE7	86	STRAIGHT	22	APPLIED	16	0	0	0	NO	0	0	0	0	0	0	69691905
5	Dub/Reggae	11	Minimal Space	STAGE7	86	STRAIGHT	30	APPLIED	16	0	0	0	NO	0	0	0	0	0	0	69691905
5	Dub/Reggae	11	Minimal Space	STAGE7	86	STRAIGHT	40	APPLIED	16	0	0	0	NO	0	0	0	0	0	0	69691905
5	Dub/Reggae	11	Minimal Space	STAGE7	86	STRAIGHT	50	APPLIED	16	0	0	0	NO	0	0	0	0	0	0	69691905
5	Dub/Reggae	11	Minimal Space	STAGE7	86	STRAIGHT	60	APPLIED	16	0	0	0	NO	0	0	0	0	0	0	69691905
5	Dub/Reggae	11	Minimal Space	STAGE7	86	STRAIGHT	80	APPLIED	16	0	0	0	NO	0	0	0	0	0	0	69691905
5	Dub/Reggae	11	Minimal Space	STAGE7	86	STRAIGHT	100	APPLIED	16	0	0	0	NO	0	0	0	0	0	0	69691905
5	Dub/Reggae	11	Minimal Space	STAGE7	86	SWING COMPAT	0	APPLIED	16	0	0	0	NO	0	0	0	0	0	0	69691905
5	Dub/Reggae	11	Minimal Space	STAGE7	86	SWING COMPAT	2	APPLIED	16	0	0	0	NO	0	0	0	0	0	0	69691905
5	Dub/Reggae	11	Minimal Space	STAGE7	86	SWING COMPAT	12	APPLIED	16	0	0	0	NO	0	0	0	0	0	0	69691905
5	Dub/Reggae	11	Minimal Space	STAGE7	86	SWING COMPAT	20	APPLIED	16	0	0	0	NO	0	0	0	0	0	0	69691905
5	Dub/Reggae	11	Minimal Space	STAGE7	86	SWING COMPAT	22	APPLIED	16	0	0	0	NO	0	0	0	0	0	0	69691905
5	Dub/Reggae	11	Minimal Space	STAGE7	86	SWING COMPAT	30	APPLIED	16	0	0	0	NO	0	0	0	0	0	0	69691905
5	Dub/Reggae	11	Minimal Space	STAGE7	86	SWING COMPAT	40	APPLIED	16	0	0	0	NO	0	0	0	0	0	0	69691905
5	Dub/Reggae	11	Minimal Space	STAGE7	86	SWING COMPAT	50	APPLIED	16	0	0	0	NO	0	0	0	0	0	0	69691905
5	Dub/Reggae	11	Minimal Space	STAGE7	86	SWING COMPAT	60	APPLIED	16	1	2	145	NO	0	0	1	0	0	0	1a789617
5	Dub/Reggae	11	Minimal Space	STAGE7	86	SWING COMPAT	80	APPLIED	16	4	2	145	NO	0	0	3	1	0	0	2fbcdd66
5	Dub/Reggae	11	Minimal Space	STAGE7	86	SWING COMPAT	100	APPLIED	16	4	2	145	NO	0	0	3	1	0	0	2fbcdd66
5	Dub/Reggae	11	Minimal Space	STAGE7	86	LAID BACK	0	APPLIED	16	0	0	0	NO	0	0	0	0	0	0	69691905
5	Dub/Reggae	11	Minimal Space	STAGE7	86	LAID BACK	2	APPLIED	16	0	0	0	NO	0	0	0	0	0	0	69691905
5	Dub/Reggae	11	Minimal Space	STAGE7	86	LAID BACK	12	APPLIED	16	1	1	72	NO	0	1	0	0	0	0	92cbf7aa
5	Dub/Reggae	11	Minimal Space	STAGE7	86	LAID BACK	20	APPLIED	16	1	1	72	NO	0	1	0	0	0	0	92cbf7aa
5	Dub/Reggae	11	Minimal Space	STAGE7	86	LAID BACK	22	APPLIED	16	1	1	72	NO	0	1	0	0	0	0	92cbf7aa
5	Dub/Reggae	11	Minimal Space	STAGE7	86	LAID BACK	30	APPLIED	16	7	2	145	NO	0	1	2	2	0	2	36e15dbd
5	Dub/Reggae	11	Minimal Space	STAGE7	86	LAID BACK	40	APPLIED	16	7	2	145	NO	0	1	2	2	0	2	36e15dbd
5	Dub/Reggae	11	Minimal Space	STAGE7	86	LAID BACK	50	APPLIED	16	9	3	218	NO	0	1	3	2	1	2	45d42405
5	Dub/Reggae	11	Minimal Space	STAGE7	86	LAID BACK	60	APPLIED	16	10	3	218	NO	0	1	4	2	1	2	0feab0fe
5	Dub/Reggae	11	Minimal Space	STAGE7	86	LAID BACK	80	APPLIED	16	12	4	290	NO	0	1	6	2	1	2	4a57e0cf
5	Dub/Reggae	11	Minimal Space	STAGE7	86	LAID BACK	100	APPLIED	16	12	5	363	NO	0	1	6	2	1	2	f60842ab
5	Dub/Reggae	11	Minimal Space	STAGE7	86	PUSH/PULL	0	APPLIED	16	0	0	0	NO	0	0	0	0	0	0	69691905
5	Dub/Reggae	11	Minimal Space	STAGE7	86	PUSH/PULL	2	APPLIED	16	0	0	0	NO	0	0	0	0	0	0	69691905
5	Dub/Reggae	11	Minimal Space	STAGE7	86	PUSH/PULL	12	APPLIED	16	0	0	0	NO	0	0	0	0	0	0	69691905
5	Dub/Reggae	11	Minimal Space	STAGE7	86	PUSH/PULL	20	APPLIED	16	0	0	0	NO	0	0	0	0	0	0	69691905
5	Dub/Reggae	11	Minimal Space	STAGE7	86	PUSH/PULL	22	APPLIED	16	0	0	0	NO	0	0	0	0	0	0	69691905
5	Dub/Reggae	11	Minimal Space	STAGE7	86	PUSH/PULL	30	APPLIED	16	2	1	72	YES	1	1	0	0	0	0	d2568115
5	Dub/Reggae	11	Minimal Space	STAGE7	86	PUSH/PULL	40	APPLIED	16	2	1	72	YES	1	1	0	0	0	0	d2568115
5	Dub/Reggae	11	Minimal Space	STAGE7	86	PUSH/PULL	50	APPLIED	16	6	2	145	NO	0	1	3	0	0	2	fb5d82bc
5	Dub/Reggae	11	Minimal Space	STAGE7	86	PUSH/PULL	60	APPLIED	16	8	2	145	YES	1	1	3	1	0	2	fe040000
5	Dub/Reggae	11	Minimal Space	STAGE7	86	PUSH/PULL	80	APPLIED	16	8	2	145	YES	1	1	3	1	0	2	fe040000
5	Dub/Reggae	11	Minimal Space	STAGE7	86	PUSH/PULL	100	APPLIED	16	11	3	218	YES	1	1	6	1	0	2	72956a96
5	Dub/Reggae	11	Minimal Space	STAGE7	86	AUTO	0	APPLIED	16	0	0	0	NO	0	0	0	0	0	0	69691905
5	Dub/Reggae	11	Minimal Space	STAGE7	86	AUTO	2	APPLIED	16	0	0	0	NO	0	0	0	0	0	0	69691905
5	Dub/Reggae	11	Minimal Space	STAGE7	86	AUTO	12	APPLIED	16	1	1	72	NO	0	1	0	0	0	0	92cbf7aa
5	Dub/Reggae	11	Minimal Space	STAGE7	86	AUTO	20	APPLIED	16	1	1	72	NO	0	1	0	0	0	0	92cbf7aa
5	Dub/Reggae	11	Minimal Space	STAGE7	86	AUTO	22	APPLIED	16	1	1	72	NO	0	1	0	0	0	0	92cbf7aa
5	Dub/Reggae	11	Minimal Space	STAGE7	86	AUTO	30	APPLIED	16	7	2	145	NO	0	1	2	2	0	2	36e15dbd
5	Dub/Reggae	11	Minimal Space	STAGE7	86	AUTO	40	APPLIED	16	7	2	145	NO	0	1	2	2	0	2	36e15dbd
5	Dub/Reggae	11	Minimal Space	STAGE7	86	AUTO	50	APPLIED	16	9	3	218	NO	0	1	3	2	1	2	45d42405
5	Dub/Reggae	11	Minimal Space	STAGE7	86	AUTO	60	APPLIED	16	10	3	218	NO	0	1	4	2	1	2	0feab0fe
5	Dub/Reggae	11	Minimal Space	STAGE7	86	AUTO	80	APPLIED	16	12	4	290	NO	0	1	6	2	1	2	4a57e0cf
5	Dub/Reggae	11	Minimal Space	STAGE7	86	AUTO	100	APPLIED	16	12	5	363	NO	0	1	6	2	1	2	f60842ab
6	Trip-Hop	0	BASE	STAGE7	80	STRAIGHT	0	APPLIED	15	0	0	0	NO	0	0	0	0	0	0	05537a07
6	Trip-Hop	0	BASE	STAGE7	80	STRAIGHT	2	APPLIED	15	0	0	0	NO	0	0	0	0	0	0	05537a07
6	Trip-Hop	0	BASE	STAGE7	80	STRAIGHT	12	APPLIED	15	0	0	0	NO	0	0	0	0	0	0	05537a07
6	Trip-Hop	0	BASE	STAGE7	80	STRAIGHT	20	APPLIED	15	0	0	0	NO	0	0	0	0	0	0	05537a07
6	Trip-Hop	0	BASE	STAGE7	80	STRAIGHT	22	APPLIED	15	0	0	0	NO	0	0	0	0	0	0	05537a07
6	Trip-Hop	0	BASE	STAGE7	80	STRAIGHT	30	APPLIED	15	0	0	0	NO	0	0	0	0	0	0	05537a07
6	Trip-Hop	0	BASE	STAGE7	80	STRAIGHT	40	APPLIED	15	0	0	0	NO	0	0	0	0	0	0	05537a07
6	Trip-Hop	0	BASE	STAGE7	80	STRAIGHT	50	APPLIED	15	0	0	0	NO	0	0	0	0	0	0	05537a07
6	Trip-Hop	0	BASE	STAGE7	80	STRAIGHT	60	APPLIED	15	0	0	0	NO	0	0	0	0	0	0	05537a07
6	Trip-Hop	0	BASE	STAGE7	80	STRAIGHT	80	APPLIED	15	0	0	0	NO	0	0	0	0	0	0	05537a07
6	Trip-Hop	0	BASE	STAGE7	80	STRAIGHT	100	APPLIED	15	0	0	0	NO	0	0	0	0	0	0	05537a07
6	Trip-Hop	0	BASE	STAGE7	80	SWING COMPAT	0	APPLIED	15	0	0	0	NO	0	0	0	0	0	0	05537a07
6	Trip-Hop	0	BASE	STAGE7	80	SWING COMPAT	2	APPLIED	15	0	0	0	NO	0	0	0	0	0	0	05537a07
6	Trip-Hop	0	BASE	STAGE7	80	SWING COMPAT	12	APPLIED	15	0	0	0	NO	0	0	0	0	0	0	05537a07
6	Trip-Hop	0	BASE	STAGE7	80	SWING COMPAT	20	APPLIED	15	0	0	0	NO	0	0	0	0	0	0	05537a07
6	Trip-Hop	0	BASE	STAGE7	80	SWING COMPAT	22	APPLIED	15	0	0	0	NO	0	0	0	0	0	0	05537a07
6	Trip-Hop	0	BASE	STAGE7	80	SWING COMPAT	30	APPLIED	15	0	0	0	NO	0	0	0	0	0	0	05537a07
6	Trip-Hop	0	BASE	STAGE7	80	SWING COMPAT	40	APPLIED	15	0	0	0	NO	0	0	0	0	0	0	05537a07
6	Trip-Hop	0	BASE	STAGE7	80	SWING COMPAT	50	APPLIED	15	0	0	0	NO	0	0	0	0	0	0	05537a07
6	Trip-Hop	0	BASE	STAGE7	80	SWING COMPAT	60	APPLIED	15	0	0	0	NO	0	0	0	0	0	0	05537a07
6	Trip-Hop	0	BASE	STAGE7	80	SWING COMPAT	80	APPLIED	15	4	2	156	NO	0	0	2	2	0	0	f42190a5
6	Trip-Hop	0	BASE	STAGE7	80	SWING COMPAT	100	APPLIED	15	4	2	156	NO	0	0	2	2	0	0	f42190a5
6	Trip-Hop	0	BASE	STAGE7	80	LAID BACK	0	APPLIED	15	0	0	0	NO	0	0	0	0	0	0	05537a07
6	Trip-Hop	0	BASE	STAGE7	80	LAID BACK	2	APPLIED	15	0	0	0	NO	0	0	0	0	0	0	05537a07
6	Trip-Hop	0	BASE	STAGE7	80	LAID BACK	12	APPLIED	15	1	1	78	NO	0	1	0	0	0	0	31c709d6
6	Trip-Hop	0	BASE	STAGE7	80	LAID BACK	20	APPLIED	15	1	1	78	NO	0	1	0	0	0	0	31c709d6
6	Trip-Hop	0	BASE	STAGE7	80	LAID BACK	22	APPLIED	15	1	1	78	NO	0	1	0	0	0	0	31c709d6
6	Trip-Hop	0	BASE	STAGE7	80	LAID BACK	30	APPLIED	15	5	2	156	NO	0	1	0	2	0	2	6aa537b7
6	Trip-Hop	0	BASE	STAGE7	80	LAID BACK	40	APPLIED	15	5	2	156	NO	0	1	0	2	0	2	6aa537b7
6	Trip-Hop	0	BASE	STAGE7	80	LAID BACK	50	APPLIED	15	9	2	156	NO	0	1	3	1	2	2	9bf36c39
6	Trip-Hop	0	BASE	STAGE7	80	LAID BACK	60	APPLIED	15	10	3	234	NO	0	1	3	2	2	2	b17e992e
6	Trip-Hop	0	BASE	STAGE7	80	LAID BACK	80	APPLIED	15	12	4	312	NO	0	1	5	2	2	2	d9e92a26
6	Trip-Hop	0	BASE	STAGE7	80	LAID BACK	100	APPLIED	15	12	5	390	NO	0	1	5	2	2	2	65129ad5
6	Trip-Hop	0	BASE	STAGE7	80	PUSH/PULL	0	APPLIED	15	0	0	0	NO	0	0	0	0	0	0	05537a07
6	Trip-Hop	0	BASE	STAGE7	80	PUSH/PULL	2	APPLIED	15	0	0	0	NO	0	0	0	0	0	0	05537a07
6	Trip-Hop	0	BASE	STAGE7	80	PUSH/PULL	12	APPLIED	15	0	0	0	NO	0	0	0	0	0	0	05537a07
6	Trip-Hop	0	BASE	STAGE7	80	PUSH/PULL	20	APPLIED	15	0	0	0	NO	0	0	0	0	0	0	05537a07
6	Trip-Hop	0	BASE	STAGE7	80	PUSH/PULL	22	APPLIED	15	0	0	0	NO	0	0	0	0	0	0	05537a07
6	Trip-Hop	0	BASE	STAGE7	80	PUSH/PULL	30	APPLIED	15	3	1	78	YES	2	1	0	0	0	0	648514cc
6	Trip-Hop	0	BASE	STAGE7	80	PUSH/PULL	40	APPLIED	15	3	1	78	YES	2	1	0	0	0	0	648514cc
6	Trip-Hop	0	BASE	STAGE7	80	PUSH/PULL	50	APPLIED	15	3	2	156	NO	0	0	1	0	0	2	1588a6e1
6	Trip-Hop	0	BASE	STAGE7	80	PUSH/PULL	60	APPLIED	15	10	2	156	YES	2	1	1	2	2	2	690799ef
6	Trip-Hop	0	BASE	STAGE7	80	PUSH/PULL	80	APPLIED	15	10	2	156	YES	2	1	1	2	2	2	690799ef
6	Trip-Hop	0	BASE	STAGE7	80	PUSH/PULL	100	APPLIED	15	14	3	234	YES	2	1	5	2	2	2	109e7ec5
6	Trip-Hop	0	BASE	STAGE7	80	AUTO	0	APPLIED	15	0	0	0	NO	0	0	0	0	0	0	05537a07
6	Trip-Hop	0	BASE	STAGE7	80	AUTO	2	APPLIED	15	0	0	0	NO	0	0	0	0	0	0	05537a07
6	Trip-Hop	0	BASE	STAGE7	80	AUTO	12	APPLIED	15	1	1	78	NO	0	1	0	0	0	0	31c709d6
6	Trip-Hop	0	BASE	STAGE7	80	AUTO	20	APPLIED	15	1	1	78	NO	0	1	0	0	0	0	31c709d6
6	Trip-Hop	0	BASE	STAGE7	80	AUTO	22	APPLIED	15	1	1	78	NO	0	1	0	0	0	0	31c709d6
6	Trip-Hop	0	BASE	STAGE7	80	AUTO	30	APPLIED	15	5	2	156	NO	0	1	0	2	0	2	6aa537b7
6	Trip-Hop	0	BASE	STAGE7	80	AUTO	40	APPLIED	15	5	2	156	NO	0	1	0	2	0	2	6aa537b7
6	Trip-Hop	0	BASE	STAGE7	80	AUTO	50	APPLIED	15	9	2	156	NO	0	1	3	1	2	2	9bf36c39
6	Trip-Hop	0	BASE	STAGE7	80	AUTO	60	APPLIED	15	10	3	234	NO	0	1	3	2	2	2	b17e992e
6	Trip-Hop	0	BASE	STAGE7	80	AUTO	80	APPLIED	15	12	4	312	NO	0	1	5	2	2	2	d9e92a26
6	Trip-Hop	0	BASE	STAGE7	80	AUTO	100	APPLIED	15	12	5	390	NO	0	1	5	2	2	2	65129ad5
7	Breaks	0	BASE	STAGE7	132	STRAIGHT	0	APPLIED	29	0	0	0	NO	0	0	0	0	0	0	e51a7caf
7	Breaks	0	BASE	STAGE7	132	STRAIGHT	2	APPLIED	29	0	0	0	NO	0	0	0	0	0	0	e51a7caf
7	Breaks	0	BASE	STAGE7	132	STRAIGHT	12	APPLIED	29	0	0	0	NO	0	0	0	0	0	0	e51a7caf
7	Breaks	0	BASE	STAGE7	132	STRAIGHT	20	APPLIED	29	0	0	0	NO	0	0	0	0	0	0	e51a7caf
7	Breaks	0	BASE	STAGE7	132	STRAIGHT	22	APPLIED	29	0	0	0	NO	0	0	0	0	0	0	e51a7caf
7	Breaks	0	BASE	STAGE7	132	STRAIGHT	30	APPLIED	29	0	0	0	NO	0	0	0	0	0	0	e51a7caf
7	Breaks	0	BASE	STAGE7	132	STRAIGHT	40	APPLIED	29	0	0	0	NO	0	0	0	0	0	0	e51a7caf
7	Breaks	0	BASE	STAGE7	132	STRAIGHT	50	APPLIED	29	0	0	0	NO	0	0	0	0	0	0	e51a7caf
7	Breaks	0	BASE	STAGE7	132	STRAIGHT	60	APPLIED	29	0	0	0	NO	0	0	0	0	0	0	e51a7caf
7	Breaks	0	BASE	STAGE7	132	STRAIGHT	80	APPLIED	29	0	0	0	NO	0	0	0	0	0	0	e51a7caf
7	Breaks	0	BASE	STAGE7	132	STRAIGHT	100	APPLIED	29	0	0	0	NO	0	0	0	0	0	0	e51a7caf
7	Breaks	0	BASE	STAGE7	132	SWING COMPAT	0	APPLIED	29	0	0	0	NO	0	0	0	0	0	0	e51a7caf
7	Breaks	0	BASE	STAGE7	132	SWING COMPAT	2	APPLIED	29	0	0	0	NO	0	0	0	0	0	0	e51a7caf
7	Breaks	0	BASE	STAGE7	132	SWING COMPAT	12	APPLIED	29	0	0	0	NO	0	0	0	0	0	0	e51a7caf
7	Breaks	0	BASE	STAGE7	132	SWING COMPAT	20	APPLIED	29	0	0	0	NO	0	0	0	0	0	0	e51a7caf
7	Breaks	0	BASE	STAGE7	132	SWING COMPAT	22	APPLIED	29	0	0	0	NO	0	0	0	0	0	0	e51a7caf
7	Breaks	0	BASE	STAGE7	132	SWING COMPAT	30	APPLIED	29	0	0	0	NO	0	0	0	0	0	0	e51a7caf
7	Breaks	0	BASE	STAGE7	132	SWING COMPAT	40	APPLIED	29	0	0	0	NO	0	0	0	0	0	0	e51a7caf
7	Breaks	0	BASE	STAGE7	132	SWING COMPAT	50	APPLIED	29	0	0	0	NO	0	0	0	0	0	0	e51a7caf
7	Breaks	0	BASE	STAGE7	132	SWING COMPAT	60	APPLIED	29	1	2	94	NO	0	0	1	0	0	0	13abb4c5
7	Breaks	0	BASE	STAGE7	132	SWING COMPAT	80	APPLIED	29	5	2	94	NO	0	0	4	1	0	0	e8646b84
7	Breaks	0	BASE	STAGE7	132	SWING COMPAT	100	APPLIED	29	5	2	94	NO	0	0	4	1	0	0	e8646b84
7	Breaks	0	BASE	STAGE7	132	LAID BACK	0	APPLIED	29	0	0	0	NO	0	0	0	0	0	0	e51a7caf
7	Breaks	0	BASE	STAGE7	132	LAID BACK	2	APPLIED	29	0	0	0	NO	0	0	0	0	0	0	e51a7caf
7	Breaks	0	BASE	STAGE7	132	LAID BACK	12	APPLIED	29	2	1	47	NO	0	2	0	0	0	0	4503ed99
7	Breaks	0	BASE	STAGE7	132	LAID BACK	20	APPLIED	29	2	1	47	NO	0	2	0	0	0	0	4503ed99
7	Breaks	0	BASE	STAGE7	132	LAID BACK	22	APPLIED	29	2	1	47	NO	0	2	0	0	0	0	4503ed99
7	Breaks	0	BASE	STAGE7	132	LAID BACK	30	APPLIED	29	5	2	94	NO	0	2	1	2	0	0	415e8e02
7	Breaks	0	BASE	STAGE7	132	LAID BACK	40	APPLIED	29	5	2	94	NO	0	2	1	2	0	0	415e8e02
7	Breaks	0	BASE	STAGE7	132	LAID BACK	50	APPLIED	29	6	3	142	NO	0	2	3	1	0	0	5ebe00d9
7	Breaks	0	BASE	STAGE7	132	LAID BACK	60	APPLIED	29	7	4	189	NO	0	2	3	2	0	0	b9f8956a
7	Breaks	0	BASE	STAGE7	132	LAID BACK	80	APPLIED	29	10	5	236	NO	0	2	6	2	0	0	601d35f1
7	Breaks	0	BASE	STAGE7	132	LAID BACK	100	APPLIED	29	10	6	284	NO	0	2	6	2	0	0	9b0aa808
7	Breaks	0	BASE	STAGE7	132	PUSH/PULL	0	APPLIED	29	0	0	0	NO	0	0	0	0	0	0	e51a7caf
7	Breaks	0	BASE	STAGE7	132	PUSH/PULL	2	APPLIED	29	0	0	0	NO	0	0	0	0	0	0	e51a7caf
7	Breaks	0	BASE	STAGE7	132	PUSH/PULL	12	APPLIED	29	0	0	0	NO	0	0	0	0	0	0	e51a7caf
7	Breaks	0	BASE	STAGE7	132	PUSH/PULL	20	APPLIED	29	0	0	0	NO	0	0	0	0	0	0	e51a7caf
7	Breaks	0	BASE	STAGE7	132	PUSH/PULL	22	APPLIED	29	0	0	0	NO	0	0	0	0	0	0	e51a7caf
7	Breaks	0	BASE	STAGE7	132	PUSH/PULL	30	APPLIED	29	4	1	47	YES	2	2	0	0	0	0	7e1b539f
7	Breaks	0	BASE	STAGE7	132	PUSH/PULL	40	APPLIED	29	4	1	47	YES	2	2	0	0	0	0	7e1b539f
7	Breaks	0	BASE	STAGE7	132	PUSH/PULL	50	APPLIED	29	6	2	94	YES	1	1	4	0	0	0	50b36ebb
7	Breaks	0	BASE	STAGE7	132	PUSH/PULL	60	APPLIED	29	10	3	142	YES	2	2	4	2	0	0	d3dbb76c
7	Breaks	0	BASE	STAGE7	132	PUSH/PULL	80	APPLIED	29	10	3	142	YES	2	2	4	2	0	0	d3dbb76c
7	Breaks	0	BASE	STAGE7	132	PUSH/PULL	100	APPLIED	29	12	4	189	YES	2	2	6	2	0	0	34a117b0
7	Breaks	0	BASE	STAGE7	132	AUTO	0	APPLIED	29	0	0	0	NO	0	0	0	0	0	0	e51a7caf
7	Breaks	0	BASE	STAGE7	132	AUTO	2	APPLIED	29	0	0	0	NO	0	0	0	0	0	0	e51a7caf
7	Breaks	0	BASE	STAGE7	132	AUTO	12	APPLIED	29	0	0	0	NO	0	0	0	0	0	0	e51a7caf
7	Breaks	0	BASE	STAGE7	132	AUTO	20	APPLIED	29	0	0	0	NO	0	0	0	0	0	0	e51a7caf
7	Breaks	0	BASE	STAGE7	132	AUTO	22	APPLIED	29	0	0	0	NO	0	0	0	0	0	0	e51a7caf
7	Breaks	0	BASE	STAGE7	132	AUTO	30	APPLIED	29	4	1	47	YES	2	2	0	0	0	0	7e1b539f
7	Breaks	0	BASE	STAGE7	132	AUTO	40	APPLIED	29	4	1	47	YES	2	2	0	0	0	0	7e1b539f
7	Breaks	0	BASE	STAGE7	132	AUTO	50	APPLIED	29	6	2	94	YES	1	1	4	0	0	0	50b36ebb
7	Breaks	0	BASE	STAGE7	132	AUTO	60	APPLIED	29	10	3	142	YES	2	2	4	2	0	0	d3dbb76c
7	Breaks	0	BASE	STAGE7	132	AUTO	80	APPLIED	29	10	3	142	YES	2	2	4	2	0	0	d3dbb76c
7	Breaks	0	BASE	STAGE7	132	AUTO	100	APPLIED	29	12	4	189	YES	2	2	6	2	0	0	34a117b0
7	Breaks	1	UK Garage	STAGE7	132	STRAIGHT	0	APPLIED	22	0	0	0	NO	0	0	0	0	0	0	290628dd
7	Breaks	1	UK Garage	STAGE7	132	STRAIGHT	2	APPLIED	22	0	0	0	NO	0	0	0	0	0	0	290628dd
7	Breaks	1	UK Garage	STAGE7	132	STRAIGHT	12	APPLIED	22	0	0	0	NO	0	0	0	0	0	0	290628dd
7	Breaks	1	UK Garage	STAGE7	132	STRAIGHT	20	APPLIED	22	0	0	0	NO	0	0	0	0	0	0	290628dd
7	Breaks	1	UK Garage	STAGE7	132	STRAIGHT	22	APPLIED	22	0	0	0	NO	0	0	0	0	0	0	290628dd
7	Breaks	1	UK Garage	STAGE7	132	STRAIGHT	30	APPLIED	22	0	0	0	NO	0	0	0	0	0	0	290628dd
7	Breaks	1	UK Garage	STAGE7	132	STRAIGHT	40	APPLIED	22	0	0	0	NO	0	0	0	0	0	0	290628dd
7	Breaks	1	UK Garage	STAGE7	132	STRAIGHT	50	APPLIED	22	0	0	0	NO	0	0	0	0	0	0	290628dd
7	Breaks	1	UK Garage	STAGE7	132	STRAIGHT	60	APPLIED	22	0	0	0	NO	0	0	0	0	0	0	290628dd
7	Breaks	1	UK Garage	STAGE7	132	STRAIGHT	80	APPLIED	22	0	0	0	NO	0	0	0	0	0	0	290628dd
7	Breaks	1	UK Garage	STAGE7	132	STRAIGHT	100	APPLIED	22	0	0	0	NO	0	0	0	0	0	0	290628dd
7	Breaks	1	UK Garage	STAGE7	132	SWING COMPAT	0	APPLIED	22	0	0	0	NO	0	0	0	0	0	0	290628dd
7	Breaks	1	UK Garage	STAGE7	132	SWING COMPAT	2	APPLIED	22	0	0	0	NO	0	0	0	0	0	0	290628dd
7	Breaks	1	UK Garage	STAGE7	132	SWING COMPAT	12	APPLIED	22	0	0	0	NO	0	0	0	0	0	0	290628dd
7	Breaks	1	UK Garage	STAGE7	132	SWING COMPAT	20	APPLIED	22	0	0	0	NO	0	0	0	0	0	0	290628dd
7	Breaks	1	UK Garage	STAGE7	132	SWING COMPAT	22	APPLIED	22	0	0	0	NO	0	0	0	0	0	0	290628dd
7	Breaks	1	UK Garage	STAGE7	132	SWING COMPAT	30	APPLIED	22	0	0	0	NO	0	0	0	0	0	0	290628dd
7	Breaks	1	UK Garage	STAGE7	132	SWING COMPAT	40	APPLIED	22	0	0	0	NO	0	0	0	0	0	0	290628dd
7	Breaks	1	UK Garage	STAGE7	132	SWING COMPAT	50	APPLIED	22	0	0	0	NO	0	0	0	0	0	0	290628dd
7	Breaks	1	UK Garage	STAGE7	132	SWING COMPAT	60	APPLIED	22	3	2	94	NO	0	0	3	0	0	0	6803468f
7	Breaks	1	UK Garage	STAGE7	132	SWING COMPAT	80	APPLIED	22	5	2	94	NO	0	0	4	1	0	0	11270390
7	Breaks	1	UK Garage	STAGE7	132	SWING COMPAT	100	APPLIED	22	5	2	94	NO	0	0	4	1	0	0	11270390
7	Breaks	1	UK Garage	STAGE7	132	LAID BACK	0	APPLIED	22	0	0	0	NO	0	0	0	0	0	0	290628dd
7	Breaks	1	UK Garage	STAGE7	132	LAID BACK	2	APPLIED	22	0	0	0	NO	0	0	0	0	0	0	290628dd
7	Breaks	1	UK Garage	STAGE7	132	LAID BACK	12	APPLIED	22	2	1	47	NO	0	2	0	0	0	0	15f6ce87
7	Breaks	1	UK Garage	STAGE7	132	LAID BACK	20	APPLIED	22	2	1	47	NO	0	2	0	0	0	0	15f6ce87
7	Breaks	1	UK Garage	STAGE7	132	LAID BACK	22	APPLIED	22	2	1	47	NO	0	2	0	0	0	0	15f6ce87
7	Breaks	1	UK Garage	STAGE7	132	LAID BACK	30	APPLIED	22	9	2	94	NO	0	2	3	2	0	2	cc235a64
7	Breaks	1	UK Garage	STAGE7	132	LAID BACK	40	APPLIED	22	9	2	94	NO	0	2	3	2	0	2	cc235a64
7	Breaks	1	UK Garage	STAGE7	132	LAID BACK	50	APPLIED	22	14	3	142	NO	0	2	5	2	3	2	e2468950
7	Breaks	1	UK Garage	STAGE7	132	LAID BACK	60	APPLIED	22	15	4	189	NO	0	2	6	2	3	2	ac47a8b1
7	Breaks	1	UK Garage	STAGE7	132	LAID BACK	80	APPLIED	22	17	5	236	NO	0	2	8	2	3	2	660b9ffa
7	Breaks	1	UK Garage	STAGE7	132	LAID BACK	100	APPLIED	22	18	6	284	NO	0	2	8	2	4	2	8c056e01
7	Breaks	1	UK Garage	STAGE7	132	PUSH/PULL	0	APPLIED	22	0	0	0	NO	0	0	0	0	0	0	290628dd
7	Breaks	1	UK Garage	STAGE7	132	PUSH/PULL	2	APPLIED	22	0	0	0	NO	0	0	0	0	0	0	290628dd
7	Breaks	1	UK Garage	STAGE7	132	PUSH/PULL	12	APPLIED	22	0	0	0	NO	0	0	0	0	0	0	290628dd
7	Breaks	1	UK Garage	STAGE7	132	PUSH/PULL	20	APPLIED	22	0	0	0	NO	0	0	0	0	0	0	290628dd
7	Breaks	1	UK Garage	STAGE7	132	PUSH/PULL	22	APPLIED	22	0	0	0	NO	0	0	0	0	0	0	290628dd
7	Breaks	1	UK Garage	STAGE7	132	PUSH/PULL	30	APPLIED	22	5	1	47	YES	3	2	0	0	0	0	6f60353c
7	Breaks	1	UK Garage	STAGE7	132	PUSH/PULL	40	APPLIED	22	5	1	47	YES	3	2	0	0	0	0	6f60353c
7	Breaks	1	UK Garage	STAGE7	132	PUSH/PULL	50	APPLIED	22	11	2	94	YES	3	2	6	0	0	0	7d92aa07
7	Breaks	1	UK Garage	STAGE7	132	PUSH/PULL	60	APPLIED	22	19	3	142	YES	3	2	6	2	4	2	69df0568
7	Breaks	1	UK Garage	STAGE7	132	PUSH/PULL	80	APPLIED	22	19	3	142	YES	3	2	6	2	4	2	69df0568
7	Breaks	1	UK Garage	STAGE7	132	PUSH/PULL	100	APPLIED	22	21	4	189	YES	3	2	8	2	4	2	ed38b50b
7	Breaks	1	UK Garage	STAGE7	132	AUTO	0	APPLIED	22	0	0	0	NO	0	0	0	0	0	0	290628dd
7	Breaks	1	UK Garage	STAGE7	132	AUTO	2	APPLIED	22	0	0	0	NO	0	0	0	0	0	0	290628dd
7	Breaks	1	UK Garage	STAGE7	132	AUTO	12	APPLIED	22	0	0	0	NO	0	0	0	0	0	0	290628dd
7	Breaks	1	UK Garage	STAGE7	132	AUTO	20	APPLIED	22	0	0	0	NO	0	0	0	0	0	0	290628dd
7	Breaks	1	UK Garage	STAGE7	132	AUTO	22	APPLIED	22	0	0	0	NO	0	0	0	0	0	0	290628dd
7	Breaks	1	UK Garage	STAGE7	132	AUTO	30	APPLIED	22	5	1	47	YES	3	2	0	0	0	0	6f60353c
7	Breaks	1	UK Garage	STAGE7	132	AUTO	40	APPLIED	22	5	1	47	YES	3	2	0	0	0	0	6f60353c
7	Breaks	1	UK Garage	STAGE7	132	AUTO	50	APPLIED	22	11	2	94	YES	3	2	6	0	0	0	7d92aa07
7	Breaks	1	UK Garage	STAGE7	132	AUTO	60	APPLIED	22	19	3	142	YES	3	2	6	2	4	2	69df0568
7	Breaks	1	UK Garage	STAGE7	132	AUTO	80	APPLIED	22	19	3	142	YES	3	2	6	2	4	2	69df0568
7	Breaks	1	UK Garage	STAGE7	132	AUTO	100	APPLIED	22	21	4	189	YES	3	2	8	2	4	2	ed38b50b
7	Breaks	2	Drum&Bass	DNB	174	STRAIGHT	0	APPLIED	21	0	0	0	NO	0	0	0	0	0	0	214171cf
7	Breaks	2	Drum&Bass	DNB	174	STRAIGHT	2	APPLIED	21	0	0	0	NO	0	0	0	0	0	0	214171cf
7	Breaks	2	Drum&Bass	DNB	174	STRAIGHT	12	APPLIED	21	0	0	0	NO	0	0	0	0	0	0	214171cf
7	Breaks	2	Drum&Bass	DNB	174	STRAIGHT	20	APPLIED	21	0	0	0	NO	0	0	0	0	0	0	214171cf
7	Breaks	2	Drum&Bass	DNB	174	STRAIGHT	22	APPLIED	21	0	0	0	NO	0	0	0	0	0	0	214171cf
7	Breaks	2	Drum&Bass	DNB	174	STRAIGHT	30	APPLIED	21	0	0	0	NO	0	0	0	0	0	0	214171cf
7	Breaks	2	Drum&Bass	DNB	174	STRAIGHT	40	APPLIED	21	0	0	0	NO	0	0	0	0	0	0	214171cf
7	Breaks	2	Drum&Bass	DNB	174	STRAIGHT	50	APPLIED	21	0	0	0	NO	0	0	0	0	0	0	214171cf
7	Breaks	2	Drum&Bass	DNB	174	STRAIGHT	60	APPLIED	21	0	0	0	NO	0	0	0	0	0	0	214171cf
7	Breaks	2	Drum&Bass	DNB	174	STRAIGHT	80	APPLIED	21	0	0	0	NO	0	0	0	0	0	0	214171cf
7	Breaks	2	Drum&Bass	DNB	174	STRAIGHT	100	APPLIED	21	0	0	0	NO	0	0	0	0	0	0	214171cf
7	Breaks	2	Drum&Bass	DNB	174	SWING COMPAT	0	APPLIED	21	0	0	0	NO	0	0	0	0	0	0	214171cf
7	Breaks	2	Drum&Bass	DNB	174	SWING COMPAT	2	APPLIED	21	0	0	0	NO	0	0	0	0	0	0	214171cf
7	Breaks	2	Drum&Bass	DNB	174	SWING COMPAT	12	APPLIED	21	0	0	0	NO	0	0	0	0	0	0	214171cf
7	Breaks	2	Drum&Bass	DNB	174	SWING COMPAT	20	APPLIED	21	0	0	0	NO	0	0	0	0	0	0	214171cf
7	Breaks	2	Drum&Bass	DNB	174	SWING COMPAT	22	APPLIED	21	0	0	0	NO	0	0	0	0	0	0	214171cf
7	Breaks	2	Drum&Bass	DNB	174	SWING COMPAT	30	APPLIED	21	0	0	0	NO	0	0	0	0	0	0	214171cf
7	Breaks	2	Drum&Bass	DNB	174	SWING COMPAT	40	APPLIED	21	0	0	0	NO	0	0	0	0	0	0	214171cf
7	Breaks	2	Drum&Bass	DNB	174	SWING COMPAT	50	APPLIED	21	0	0	0	NO	0	0	0	0	0	0	214171cf
7	Breaks	2	Drum&Bass	DNB	174	SWING COMPAT	60	APPLIED	21	1	2	71	NO	0	0	1	0	0	0	7031f4bd
7	Breaks	2	Drum&Bass	DNB	174	SWING COMPAT	80	APPLIED	21	7	2	71	NO	0	0	5	2	0	0	bf10fe12
7	Breaks	2	Drum&Bass	DNB	174	SWING COMPAT	100	APPLIED	21	7	2	71	NO	0	0	5	2	0	0	bf10fe12
7	Breaks	2	Drum&Bass	DNB	174	LAID BACK	0	APPLIED	21	0	0	0	NO	0	0	0	0	0	0	214171cf
7	Breaks	2	Drum&Bass	DNB	174	LAID BACK	2	APPLIED	21	0	0	0	NO	0	0	0	0	0	0	214171cf
7	Breaks	2	Drum&Bass	DNB	174	LAID BACK	12	APPLIED	21	2	1	35	NO	0	2	0	0	0	0	a88ee7bd
7	Breaks	2	Drum&Bass	DNB	174	LAID BACK	20	APPLIED	21	2	1	35	NO	0	2	0	0	0	0	a88ee7bd
7	Breaks	2	Drum&Bass	DNB	174	LAID BACK	22	APPLIED	21	2	1	35	NO	0	2	0	0	0	0	a88ee7bd
7	Breaks	2	Drum&Bass	DNB	174	LAID BACK	30	APPLIED	21	8	2	71	NO	0	2	1	3	0	2	349d51bd
7	Breaks	2	Drum&Bass	DNB	174	LAID BACK	40	APPLIED	21	8	2	71	NO	0	2	1	3	0	2	349d51bd
7	Breaks	2	Drum&Bass	DNB	174	LAID BACK	50	APPLIED	21	10	3	107	NO	0	2	3	2	3	0	bcebd078
7	Breaks	2	Drum&Bass	DNB	174	LAID BACK	60	APPLIED	21	14	4	143	NO	0	2	4	3	3	2	2cd65b1e
7	Breaks	2	Drum&Bass	DNB	174	LAID BACK	80	APPLIED	21	16	5	179	NO	0	2	6	3	3	2	45847be4
7	Breaks	2	Drum&Bass	DNB	174	LAID BACK	100	APPLIED	21	17	6	215	NO	0	2	6	3	4	2	0eaf26ed
7	Breaks	2	Drum&Bass	DNB	174	PUSH/PULL	0	APPLIED	21	0	0	0	NO	0	0	0	0	0	0	214171cf
7	Breaks	2	Drum&Bass	DNB	174	PUSH/PULL	2	APPLIED	21	0	0	0	NO	0	0	0	0	0	0	214171cf
7	Breaks	2	Drum&Bass	DNB	174	PUSH/PULL	12	APPLIED	21	0	0	0	NO	0	0	0	0	0	0	214171cf
7	Breaks	2	Drum&Bass	DNB	174	PUSH/PULL	20	APPLIED	21	0	0	0	NO	0	0	0	0	0	0	214171cf
7	Breaks	2	Drum&Bass	DNB	174	PUSH/PULL	22	APPLIED	21	0	0	0	NO	0	0	0	0	0	0	214171cf
7	Breaks	2	Drum&Bass	DNB	174	PUSH/PULL	30	APPLIED	21	5	1	35	YES	3	2	0	0	0	0	d9f42b54
7	Breaks	2	Drum&Bass	DNB	174	PUSH/PULL	40	APPLIED	21	5	1	35	YES	3	2	0	0	0	0	d9f42b54
7	Breaks	2	Drum&Bass	DNB	174	PUSH/PULL	50	APPLIED	21	6	2	71	YES	1	1	4	0	0	0	a7d94c65
7	Breaks	2	Drum&Bass	DNB	174	PUSH/PULL	60	APPLIED	21	15	2	71	YES	3	2	4	1	4	1	2de48488
7	Breaks	2	Drum&Bass	DNB	174	PUSH/PULL	80	APPLIED	21	15	2	71	YES	3	2	4	1	4	1	2de48488
7	Breaks	2	Drum&Bass	DNB	174	PUSH/PULL	100	APPLIED	21	17	3	107	YES	3	2	6	1	4	1	279d4d3b
7	Breaks	2	Drum&Bass	DNB	174	AUTO	0	APPLIED	21	0	0	0	NO	0	0	0	0	0	0	214171cf
7	Breaks	2	Drum&Bass	DNB	174	AUTO	2	APPLIED	21	0	0	0	NO	0	0	0	0	0	0	214171cf
7	Breaks	2	Drum&Bass	DNB	174	AUTO	12	APPLIED	21	0	0	0	NO	0	0	0	0	0	0	214171cf
7	Breaks	2	Drum&Bass	DNB	174	AUTO	20	APPLIED	21	0	0	0	NO	0	0	0	0	0	0	214171cf
7	Breaks	2	Drum&Bass	DNB	174	AUTO	22	APPLIED	21	0	0	0	NO	0	0	0	0	0	0	214171cf
7	Breaks	2	Drum&Bass	DNB	174	AUTO	30	APPLIED	21	5	1	35	YES	3	2	0	0	0	0	d9f42b54
7	Breaks	2	Drum&Bass	DNB	174	AUTO	40	APPLIED	21	5	1	35	YES	3	2	0	0	0	0	d9f42b54
7	Breaks	2	Drum&Bass	DNB	174	AUTO	50	APPLIED	21	6	2	71	YES	1	1	4	0	0	0	a7d94c65
7	Breaks	2	Drum&Bass	DNB	174	AUTO	60	APPLIED	21	15	2	71	YES	3	2	4	1	4	1	2de48488
7	Breaks	2	Drum&Bass	DNB	174	AUTO	80	APPLIED	21	15	2	71	YES	3	2	4	1	4	1	2de48488
7	Breaks	2	Drum&Bass	DNB	174	AUTO	100	APPLIED	21	17	3	107	YES	3	2	6	1	4	1	279d4d3b
7	Breaks	3	Footwork	STAGE7	158	STRAIGHT	0	APPLIED	21	0	0	0	NO	0	0	0	0	0	0	214171cf
7	Breaks	3	Footwork	STAGE7	158	STRAIGHT	2	APPLIED	21	0	0	0	NO	0	0	0	0	0	0	214171cf
7	Breaks	3	Footwork	STAGE7	158	STRAIGHT	12	APPLIED	21	0	0	0	NO	0	0	0	0	0	0	214171cf
7	Breaks	3	Footwork	STAGE7	158	STRAIGHT	20	APPLIED	21	0	0	0	NO	0	0	0	0	0	0	214171cf
7	Breaks	3	Footwork	STAGE7	158	STRAIGHT	22	APPLIED	21	0	0	0	NO	0	0	0	0	0	0	214171cf
7	Breaks	3	Footwork	STAGE7	158	STRAIGHT	30	APPLIED	21	0	0	0	NO	0	0	0	0	0	0	214171cf
7	Breaks	3	Footwork	STAGE7	158	STRAIGHT	40	APPLIED	21	0	0	0	NO	0	0	0	0	0	0	214171cf
7	Breaks	3	Footwork	STAGE7	158	STRAIGHT	50	APPLIED	21	0	0	0	NO	0	0	0	0	0	0	214171cf
7	Breaks	3	Footwork	STAGE7	158	STRAIGHT	60	APPLIED	21	0	0	0	NO	0	0	0	0	0	0	214171cf
7	Breaks	3	Footwork	STAGE7	158	STRAIGHT	80	APPLIED	21	0	0	0	NO	0	0	0	0	0	0	214171cf
7	Breaks	3	Footwork	STAGE7	158	STRAIGHT	100	APPLIED	21	0	0	0	NO	0	0	0	0	0	0	214171cf
7	Breaks	3	Footwork	STAGE7	158	SWING COMPAT	0	APPLIED	21	0	0	0	NO	0	0	0	0	0	0	214171cf
7	Breaks	3	Footwork	STAGE7	158	SWING COMPAT	2	APPLIED	21	0	0	0	NO	0	0	0	0	0	0	214171cf
7	Breaks	3	Footwork	STAGE7	158	SWING COMPAT	12	APPLIED	21	0	0	0	NO	0	0	0	0	0	0	214171cf
7	Breaks	3	Footwork	STAGE7	158	SWING COMPAT	20	APPLIED	21	0	0	0	NO	0	0	0	0	0	0	214171cf
7	Breaks	3	Footwork	STAGE7	158	SWING COMPAT	22	APPLIED	21	0	0	0	NO	0	0	0	0	0	0	214171cf
7	Breaks	3	Footwork	STAGE7	158	SWING COMPAT	30	APPLIED	21	0	0	0	NO	0	0	0	0	0	0	214171cf
7	Breaks	3	Footwork	STAGE7	158	SWING COMPAT	40	APPLIED	21	0	0	0	NO	0	0	0	0	0	0	214171cf
7	Breaks	3	Footwork	STAGE7	158	SWING COMPAT	50	APPLIED	21	0	0	0	NO	0	0	0	0	0	0	214171cf
7	Breaks	3	Footwork	STAGE7	158	SWING COMPAT	60	APPLIED	21	2	1	39	NO	0	0	2	0	0	0	ea027439
7	Breaks	3	Footwork	STAGE7	158	SWING COMPAT	80	APPLIED	21	5	2	79	NO	0	0	4	1	0	0	5af590a5
7	Breaks	3	Footwork	STAGE7	158	SWING COMPAT	100	APPLIED	21	5	2	79	NO	0	0	4	1	0	0	5af590a5
7	Breaks	3	Footwork	STAGE7	158	LAID BACK	0	APPLIED	21	0	0	0	NO	0	0	0	0	0	0	214171cf
7	Breaks	3	Footwork	STAGE7	158	LAID BACK	2	APPLIED	21	0	0	0	NO	0	0	0	0	0	0	214171cf
7	Breaks	3	Footwork	STAGE7	158	LAID BACK	12	APPLIED	21	2	1	39	NO	0	2	0	0	0	0	a88ee7bd
7	Breaks	3	Footwork	STAGE7	158	LAID BACK	20	APPLIED	21	2	1	39	NO	0	2	0	0	0	0	a88ee7bd
7	Breaks	3	Footwork	STAGE7	158	LAID BACK	22	APPLIED	21	2	1	39	NO	0	2	0	0	0	0	a88ee7bd
7	Breaks	3	Footwork	STAGE7	158	LAID BACK	30	APPLIED	21	8	2	79	NO	0	2	2	2	0	2	45e2dd83
7	Breaks	3	Footwork	STAGE7	158	LAID BACK	40	APPLIED	21	8	2	79	NO	0	2	2	2	0	2	45e2dd83
7	Breaks	3	Footwork	STAGE7	158	LAID BACK	50	APPLIED	21	13	3	118	NO	0	2	5	1	3	2	c0616083
7	Breaks	3	Footwork	STAGE7	158	LAID BACK	60	APPLIED	21	15	4	158	NO	0	2	6	2	3	2	83b4dcf9
7	Breaks	3	Footwork	STAGE7	158	LAID BACK	80	APPLIED	21	16	5	197	NO	0	2	7	2	3	2	a84fddc0
7	Breaks	3	Footwork	STAGE7	158	LAID BACK	100	APPLIED	21	17	6	237	NO	0	2	7	2	4	2	fd4ce2c8
7	Breaks	3	Footwork	STAGE7	158	PUSH/PULL	0	APPLIED	21	0	0	0	NO	0	0	0	0	0	0	214171cf
7	Breaks	3	Footwork	STAGE7	158	PUSH/PULL	2	APPLIED	21	0	0	0	NO	0	0	0	0	0	0	214171cf
7	Breaks	3	Footwork	STAGE7	158	PUSH/PULL	12	APPLIED	21	0	0	0	NO	0	0	0	0	0	0	214171cf
7	Breaks	3	Footwork	STAGE7	158	PUSH/PULL	20	APPLIED	21	0	0	0	NO	0	0	0	0	0	0	214171cf
7	Breaks	3	Footwork	STAGE7	158	PUSH/PULL	22	APPLIED	21	0	0	0	NO	0	0	0	0	0	0	214171cf
7	Breaks	3	Footwork	STAGE7	158	PUSH/PULL	30	APPLIED	21	5	1	39	YES	3	2	0	0	0	0	d9f42b54
7	Breaks	3	Footwork	STAGE7	158	PUSH/PULL	40	APPLIED	21	5	1	39	YES	3	2	0	0	0	0	d9f42b54
7	Breaks	3	Footwork	STAGE7	158	PUSH/PULL	50	APPLIED	21	9	2	79	YES	3	2	4	0	0	0	b391106a
7	Breaks	3	Footwork	STAGE7	158	PUSH/PULL	60	APPLIED	21	14	3	118	YES	3	2	4	1	3	1	1c80c59d
7	Breaks	3	Footwork	STAGE7	158	PUSH/PULL	80	APPLIED	21	14	3	118	YES	3	2	4	1	3	1	1c80c59d
7	Breaks	3	Footwork	STAGE7	158	PUSH/PULL	100	APPLIED	21	17	4	158	YES	3	2	7	1	3	1	457083ff
7	Breaks	3	Footwork	STAGE7	158	AUTO	0	APPLIED	21	0	0	0	NO	0	0	0	0	0	0	214171cf
7	Breaks	3	Footwork	STAGE7	158	AUTO	2	APPLIED	21	0	0	0	NO	0	0	0	0	0	0	214171cf
7	Breaks	3	Footwork	STAGE7	158	AUTO	12	APPLIED	21	0	0	0	NO	0	0	0	0	0	0	214171cf
7	Breaks	3	Footwork	STAGE7	158	AUTO	20	APPLIED	21	0	0	0	NO	0	0	0	0	0	0	214171cf
7	Breaks	3	Footwork	STAGE7	158	AUTO	22	APPLIED	21	0	0	0	NO	0	0	0	0	0	0	214171cf
7	Breaks	3	Footwork	STAGE7	158	AUTO	30	APPLIED	21	0	0	0	NO	0	0	0	0	0	0	214171cf
7	Breaks	3	Footwork	STAGE7	158	AUTO	40	APPLIED	21	0	0	0	NO	0	0	0	0	0	0	214171cf
7	Breaks	3	Footwork	STAGE7	158	AUTO	50	APPLIED	21	0	0	0	NO	0	0	0	0	0	0	214171cf
7	Breaks	3	Footwork	STAGE7	158	AUTO	60	APPLIED	21	2	1	39	NO	0	0	2	0	0	0	ea027439
7	Breaks	3	Footwork	STAGE7	158	AUTO	80	APPLIED	21	5	2	79	NO	0	0	4	1	0	0	5af590a5
7	Breaks	3	Footwork	STAGE7	158	AUTO	100	APPLIED	21	5	2	79	NO	0	0	4	1	0	0	5af590a5
7	Breaks	8	Classic 2-Step	STAGE7	132	STRAIGHT	0	APPLIED	22	0	0	0	NO	0	0	0	0	0	0	290628dd
7	Breaks	8	Classic 2-Step	STAGE7	132	STRAIGHT	2	APPLIED	22	0	0	0	NO	0	0	0	0	0	0	290628dd
7	Breaks	8	Classic 2-Step	STAGE7	132	STRAIGHT	12	APPLIED	22	0	0	0	NO	0	0	0	0	0	0	290628dd
7	Breaks	8	Classic 2-Step	STAGE7	132	STRAIGHT	20	APPLIED	22	0	0	0	NO	0	0	0	0	0	0	290628dd
7	Breaks	8	Classic 2-Step	STAGE7	132	STRAIGHT	22	APPLIED	22	0	0	0	NO	0	0	0	0	0	0	290628dd
7	Breaks	8	Classic 2-Step	STAGE7	132	STRAIGHT	30	APPLIED	22	0	0	0	NO	0	0	0	0	0	0	290628dd
7	Breaks	8	Classic 2-Step	STAGE7	132	STRAIGHT	40	APPLIED	22	0	0	0	NO	0	0	0	0	0	0	290628dd
7	Breaks	8	Classic 2-Step	STAGE7	132	STRAIGHT	50	APPLIED	22	0	0	0	NO	0	0	0	0	0	0	290628dd
7	Breaks	8	Classic 2-Step	STAGE7	132	STRAIGHT	60	APPLIED	22	0	0	0	NO	0	0	0	0	0	0	290628dd
7	Breaks	8	Classic 2-Step	STAGE7	132	STRAIGHT	80	APPLIED	22	0	0	0	NO	0	0	0	0	0	0	290628dd
7	Breaks	8	Classic 2-Step	STAGE7	132	STRAIGHT	100	APPLIED	22	0	0	0	NO	0	0	0	0	0	0	290628dd
7	Breaks	8	Classic 2-Step	STAGE7	132	SWING COMPAT	0	APPLIED	22	0	0	0	NO	0	0	0	0	0	0	290628dd
7	Breaks	8	Classic 2-Step	STAGE7	132	SWING COMPAT	2	APPLIED	22	0	0	0	NO	0	0	0	0	0	0	290628dd
7	Breaks	8	Classic 2-Step	STAGE7	132	SWING COMPAT	12	APPLIED	22	0	0	0	NO	0	0	0	0	0	0	290628dd
7	Breaks	8	Classic 2-Step	STAGE7	132	SWING COMPAT	20	APPLIED	22	0	0	0	NO	0	0	0	0	0	0	290628dd
7	Breaks	8	Classic 2-Step	STAGE7	132	SWING COMPAT	22	APPLIED	22	0	0	0	NO	0	0	0	0	0	0	290628dd
7	Breaks	8	Classic 2-Step	STAGE7	132	SWING COMPAT	30	APPLIED	22	0	0	0	NO	0	0	0	0	0	0	290628dd
7	Breaks	8	Classic 2-Step	STAGE7	132	SWING COMPAT	40	APPLIED	22	0	0	0	NO	0	0	0	0	0	0	290628dd
7	Breaks	8	Classic 2-Step	STAGE7	132	SWING COMPAT	50	APPLIED	22	0	0	0	NO	0	0	0	0	0	0	290628dd
7	Breaks	8	Classic 2-Step	STAGE7	132	SWING COMPAT	60	APPLIED	22	3	2	94	NO	0	0	3	0	0	0	d3d73c06
7	Breaks	8	Classic 2-Step	STAGE7	132	SWING COMPAT	80	APPLIED	22	8	2	94	NO	0	0	6	2	0	0	5ef37f87
7	Breaks	8	Classic 2-Step	STAGE7	132	SWING COMPAT	100	APPLIED	22	8	2	94	NO	0	0	6	2	0	0	5ef37f87
7	Breaks	8	Classic 2-Step	STAGE7	132	LAID BACK	0	APPLIED	22	0	0	0	NO	0	0	0	0	0	0	290628dd
7	Breaks	8	Classic 2-Step	STAGE7	132	LAID BACK	2	APPLIED	22	0	0	0	NO	0	0	0	0	0	0	290628dd
7	Breaks	8	Classic 2-Step	STAGE7	132	LAID BACK	12	APPLIED	22	2	1	47	NO	0	2	0	0	0	0	15f6ce87
7	Breaks	8	Classic 2-Step	STAGE7	132	LAID BACK	20	APPLIED	22	2	1	47	NO	0	2	0	0	0	0	15f6ce87
7	Breaks	8	Classic 2-Step	STAGE7	132	LAID BACK	22	APPLIED	22	2	1	47	NO	0	2	0	0	0	0	15f6ce87
7	Breaks	8	Classic 2-Step	STAGE7	132	LAID BACK	30	APPLIED	22	9	2	94	NO	0	2	3	2	0	2	cc235a64
7	Breaks	8	Classic 2-Step	STAGE7	132	LAID BACK	40	APPLIED	22	9	2	94	NO	0	2	3	2	0	2	cc235a64
7	Breaks	8	Classic 2-Step	STAGE7	132	LAID BACK	50	APPLIED	22	12	3	142	NO	0	2	4	1	3	2	1652489a
7	Breaks	8	Classic 2-Step	STAGE7	132	LAID BACK	60	APPLIED	22	15	4	189	NO	0	2	6	2	3	2	fa33d0f5
7	Breaks	8	Classic 2-Step	STAGE7	132	LAID BACK	80	APPLIED	22	17	5	236	NO	0	2	8	2	3	2	41617334
7	Breaks	8	Classic 2-Step	STAGE7	132	LAID BACK	100	APPLIED	22	18	6	284	NO	0	2	8	2	4	2	d8137263
7	Breaks	8	Classic 2-Step	STAGE7	132	PUSH/PULL	0	APPLIED	22	0	0	0	NO	0	0	0	0	0	0	290628dd
7	Breaks	8	Classic 2-Step	STAGE7	132	PUSH/PULL	2	APPLIED	22	0	0	0	NO	0	0	0	0	0	0	290628dd
7	Breaks	8	Classic 2-Step	STAGE7	132	PUSH/PULL	12	APPLIED	22	0	0	0	NO	0	0	0	0	0	0	290628dd
7	Breaks	8	Classic 2-Step	STAGE7	132	PUSH/PULL	20	APPLIED	22	0	0	0	NO	0	0	0	0	0	0	290628dd
7	Breaks	8	Classic 2-Step	STAGE7	132	PUSH/PULL	22	APPLIED	22	0	0	0	NO	0	0	0	0	0	0	290628dd
7	Breaks	8	Classic 2-Step	STAGE7	132	PUSH/PULL	30	APPLIED	22	5	1	47	YES	3	2	0	0	0	0	6f60353c
7	Breaks	8	Classic 2-Step	STAGE7	132	PUSH/PULL	40	APPLIED	22	5	1	47	YES	3	2	0	0	0	0	6f60353c
7	Breaks	8	Classic 2-Step	STAGE7	132	PUSH/PULL	50	APPLIED	22	8	2	94	YES	1	2	5	0	0	0	c60bd6fe
7	Breaks	8	Classic 2-Step	STAGE7	132	PUSH/PULL	60	APPLIED	22	16	3	142	YES	3	2	5	2	3	1	cbd817b0
7	Breaks	8	Classic 2-Step	STAGE7	132	PUSH/PULL	80	APPLIED	22	16	3	142	YES	3	2	5	2	3	1	cbd817b0
7	Breaks	8	Classic 2-Step	STAGE7	132	PUSH/PULL	100	APPLIED	22	19	4	189	YES	3	2	8	2	3	1	1dfba475
7	Breaks	8	Classic 2-Step	STAGE7	132	AUTO	0	APPLIED	22	0	0	0	NO	0	0	0	0	0	0	290628dd
7	Breaks	8	Classic 2-Step	STAGE7	132	AUTO	2	APPLIED	22	0	0	0	NO	0	0	0	0	0	0	290628dd
7	Breaks	8	Classic 2-Step	STAGE7	132	AUTO	12	APPLIED	22	0	0	0	NO	0	0	0	0	0	0	290628dd
7	Breaks	8	Classic 2-Step	STAGE7	132	AUTO	20	APPLIED	22	0	0	0	NO	0	0	0	0	0	0	290628dd
7	Breaks	8	Classic 2-Step	STAGE7	132	AUTO	22	APPLIED	22	0	0	0	NO	0	0	0	0	0	0	290628dd
7	Breaks	8	Classic 2-Step	STAGE7	132	AUTO	30	APPLIED	22	5	1	47	YES	3	2	0	0	0	0	6f60353c
7	Breaks	8	Classic 2-Step	STAGE7	132	AUTO	40	APPLIED	22	5	1	47	YES	3	2	0	0	0	0	6f60353c
7	Breaks	8	Classic 2-Step	STAGE7	132	AUTO	50	APPLIED	22	8	2	94	YES	1	2	5	0	0	0	c60bd6fe
7	Breaks	8	Classic 2-Step	STAGE7	132	AUTO	60	APPLIED	22	16	3	142	YES	3	2	5	2	3	1	cbd817b0
7	Breaks	8	Classic 2-Step	STAGE7	132	AUTO	80	APPLIED	22	16	3	142	YES	3	2	5	2	3	1	cbd817b0
7	Breaks	8	Classic 2-Step	STAGE7	132	AUTO	100	APPLIED	22	19	4	189	YES	3	2	8	2	3	1	1dfba475
7	Breaks	9	Dark Skippy	STAGE7	134	STRAIGHT	0	APPLIED	22	0	0	0	NO	0	0	0	0	0	0	290628dd
7	Breaks	9	Dark Skippy	STAGE7	134	STRAIGHT	2	APPLIED	22	0	0	0	NO	0	0	0	0	0	0	290628dd
7	Breaks	9	Dark Skippy	STAGE7	134	STRAIGHT	12	APPLIED	22	0	0	0	NO	0	0	0	0	0	0	290628dd
7	Breaks	9	Dark Skippy	STAGE7	134	STRAIGHT	20	APPLIED	22	0	0	0	NO	0	0	0	0	0	0	290628dd
7	Breaks	9	Dark Skippy	STAGE7	134	STRAIGHT	22	APPLIED	22	0	0	0	NO	0	0	0	0	0	0	290628dd
7	Breaks	9	Dark Skippy	STAGE7	134	STRAIGHT	30	APPLIED	22	0	0	0	NO	0	0	0	0	0	0	290628dd
7	Breaks	9	Dark Skippy	STAGE7	134	STRAIGHT	40	APPLIED	22	0	0	0	NO	0	0	0	0	0	0	290628dd
7	Breaks	9	Dark Skippy	STAGE7	134	STRAIGHT	50	APPLIED	22	0	0	0	NO	0	0	0	0	0	0	290628dd
7	Breaks	9	Dark Skippy	STAGE7	134	STRAIGHT	60	APPLIED	22	0	0	0	NO	0	0	0	0	0	0	290628dd
7	Breaks	9	Dark Skippy	STAGE7	134	STRAIGHT	80	APPLIED	22	0	0	0	NO	0	0	0	0	0	0	290628dd
7	Breaks	9	Dark Skippy	STAGE7	134	STRAIGHT	100	APPLIED	22	0	0	0	NO	0	0	0	0	0	0	290628dd
7	Breaks	9	Dark Skippy	STAGE7	134	SWING COMPAT	0	APPLIED	22	0	0	0	NO	0	0	0	0	0	0	290628dd
7	Breaks	9	Dark Skippy	STAGE7	134	SWING COMPAT	2	APPLIED	22	0	0	0	NO	0	0	0	0	0	0	290628dd
7	Breaks	9	Dark Skippy	STAGE7	134	SWING COMPAT	12	APPLIED	22	0	0	0	NO	0	0	0	0	0	0	290628dd
7	Breaks	9	Dark Skippy	STAGE7	134	SWING COMPAT	20	APPLIED	22	0	0	0	NO	0	0	0	0	0	0	290628dd
7	Breaks	9	Dark Skippy	STAGE7	134	SWING COMPAT	22	APPLIED	22	0	0	0	NO	0	0	0	0	0	0	290628dd
7	Breaks	9	Dark Skippy	STAGE7	134	SWING COMPAT	30	APPLIED	22	0	0	0	NO	0	0	0	0	0	0	290628dd
7	Breaks	9	Dark Skippy	STAGE7	134	SWING COMPAT	40	APPLIED	22	0	0	0	NO	0	0	0	0	0	0	290628dd
7	Breaks	9	Dark Skippy	STAGE7	134	SWING COMPAT	50	APPLIED	22	0	0	0	NO	0	0	0	0	0	0	290628dd
7	Breaks	9	Dark Skippy	STAGE7	134	SWING COMPAT	60	APPLIED	22	1	1	46	NO	0	0	1	0	0	0	42553732
7	Breaks	9	Dark Skippy	STAGE7	134	SWING COMPAT	80	APPLIED	22	7	2	93	NO	0	0	5	2	0	0	5e49ec7a
7	Breaks	9	Dark Skippy	STAGE7	134	SWING COMPAT	100	APPLIED	22	7	2	93	NO	0	0	5	2	0	0	5e49ec7a
7	Breaks	9	Dark Skippy	STAGE7	134	LAID BACK	0	APPLIED	22	0	0	0	NO	0	0	0	0	0	0	290628dd
7	Breaks	9	Dark Skippy	STAGE7	134	LAID BACK	2	APPLIED	22	0	0	0	NO	0	0	0	0	0	0	290628dd
7	Breaks	9	Dark Skippy	STAGE7	134	LAID BACK	12	APPLIED	22	2	1	46	NO	0	2	0	0	0	0	15f6ce87
7	Breaks	9	Dark Skippy	STAGE7	134	LAID BACK	20	APPLIED	22	2	1	46	NO	0	2	0	0	0	0	15f6ce87
7	Breaks	9	Dark Skippy	STAGE7	134	LAID BACK	22	APPLIED	22	2	1	46	NO	0	2	0	0	0	0	15f6ce87
7	Breaks	9	Dark Skippy	STAGE7	134	LAID BACK	30	APPLIED	22	9	2	93	NO	0	2	2	2	0	3	97683f6c
7	Breaks	9	Dark Skippy	STAGE7	134	LAID BACK	40	APPLIED	22	9	2	93	NO	0	2	2	2	0	3	97683f6c
7	Breaks	9	Dark Skippy	STAGE7	134	LAID BACK	50	APPLIED	22	11	3	139	NO	0	2	4	2	1	2	75bb5df4
7	Breaks	9	Dark Skippy	STAGE7	134	LAID BACK	60	APPLIED	22	12	4	186	NO	0	2	4	2	1	3	4a542171
7	Breaks	9	Dark Skippy	STAGE7	134	LAID BACK	80	APPLIED	22	15	5	233	NO	0	2	7	2	1	3	e72dc3b6
7	Breaks	9	Dark Skippy	STAGE7	134	LAID BACK	100	APPLIED	22	15	6	279	NO	0	2	7	2	1	3	f0165082
7	Breaks	9	Dark Skippy	STAGE7	134	PUSH/PULL	0	APPLIED	22	0	0	0	NO	0	0	0	0	0	0	290628dd
7	Breaks	9	Dark Skippy	STAGE7	134	PUSH/PULL	2	APPLIED	22	0	0	0	NO	0	0	0	0	0	0	290628dd
7	Breaks	9	Dark Skippy	STAGE7	134	PUSH/PULL	12	APPLIED	22	0	0	0	NO	0	0	0	0	0	0	290628dd
7	Breaks	9	Dark Skippy	STAGE7	134	PUSH/PULL	20	APPLIED	22	0	0	0	NO	0	0	0	0	0	0	290628dd
7	Breaks	9	Dark Skippy	STAGE7	134	PUSH/PULL	22	APPLIED	22	0	0	0	NO	0	0	0	0	0	0	290628dd
7	Breaks	9	Dark Skippy	STAGE7	134	PUSH/PULL	30	APPLIED	22	5	1	46	YES	3	2	0	0	0	0	6f60353c
7	Breaks	9	Dark Skippy	STAGE7	134	PUSH/PULL	40	APPLIED	22	5	1	46	YES	3	2	0	0	0	0	6f60353c
7	Breaks	9	Dark Skippy	STAGE7	134	PUSH/PULL	50	APPLIED	22	8	2	93	YES	2	2	4	0	0	0	d4bc7d78
7	Breaks	9	Dark Skippy	STAGE7	134	PUSH/PULL	60	APPLIED	22	11	3	139	YES	3	2	4	0	0	2	4a11030c
7	Breaks	9	Dark Skippy	STAGE7	134	PUSH/PULL	80	APPLIED	22	11	3	139	YES	3	2	4	0	0	2	4a11030c
7	Breaks	9	Dark Skippy	STAGE7	134	PUSH/PULL	100	APPLIED	22	14	4	186	YES	3	2	7	0	0	2	23dad12e
7	Breaks	9	Dark Skippy	STAGE7	134	AUTO	0	APPLIED	22	0	0	0	NO	0	0	0	0	0	0	290628dd
7	Breaks	9	Dark Skippy	STAGE7	134	AUTO	2	APPLIED	22	0	0	0	NO	0	0	0	0	0	0	290628dd
7	Breaks	9	Dark Skippy	STAGE7	134	AUTO	12	APPLIED	22	0	0	0	NO	0	0	0	0	0	0	290628dd
7	Breaks	9	Dark Skippy	STAGE7	134	AUTO	20	APPLIED	22	0	0	0	NO	0	0	0	0	0	0	290628dd
7	Breaks	9	Dark Skippy	STAGE7	134	AUTO	22	APPLIED	22	0	0	0	NO	0	0	0	0	0	0	290628dd
7	Breaks	9	Dark Skippy	STAGE7	134	AUTO	30	APPLIED	22	0	0	0	NO	0	0	0	0	0	0	290628dd
7	Breaks	9	Dark Skippy	STAGE7	134	AUTO	40	APPLIED	22	0	0	0	NO	0	0	0	0	0	0	290628dd
7	Breaks	9	Dark Skippy	STAGE7	134	AUTO	50	APPLIED	22	0	0	0	NO	0	0	0	0	0	0	290628dd
7	Breaks	9	Dark Skippy	STAGE7	134	AUTO	60	APPLIED	22	1	1	46	NO	0	0	1	0	0	0	42553732
7	Breaks	9	Dark Skippy	STAGE7	134	AUTO	80	APPLIED	22	7	2	93	NO	0	0	5	2	0	0	5e49ec7a
7	Breaks	9	Dark Skippy	STAGE7	134	AUTO	100	APPLIED	22	7	2	93	NO	0	0	5	2	0	0	5e49ec7a
8	Chip	0	BASE	STAGE7	128	STRAIGHT	0	APPLIED	35	0	0	0	NO	0	0	0	0	0	0	0f2b1f37
8	Chip	0	BASE	STAGE7	128	STRAIGHT	2	APPLIED	35	0	0	0	NO	0	0	0	0	0	0	0f2b1f37
8	Chip	0	BASE	STAGE7	128	STRAIGHT	12	APPLIED	35	0	0	0	NO	0	0	0	0	0	0	0f2b1f37
8	Chip	0	BASE	STAGE7	128	STRAIGHT	20	APPLIED	35	0	0	0	NO	0	0	0	0	0	0	0f2b1f37
8	Chip	0	BASE	STAGE7	128	STRAIGHT	22	APPLIED	35	0	0	0	NO	0	0	0	0	0	0	0f2b1f37
8	Chip	0	BASE	STAGE7	128	STRAIGHT	30	APPLIED	35	0	0	0	NO	0	0	0	0	0	0	0f2b1f37
8	Chip	0	BASE	STAGE7	128	STRAIGHT	40	APPLIED	35	0	0	0	NO	0	0	0	0	0	0	0f2b1f37
8	Chip	0	BASE	STAGE7	128	STRAIGHT	50	APPLIED	35	0	0	0	NO	0	0	0	0	0	0	0f2b1f37
8	Chip	0	BASE	STAGE7	128	STRAIGHT	60	APPLIED	35	0	0	0	NO	0	0	0	0	0	0	0f2b1f37
8	Chip	0	BASE	STAGE7	128	STRAIGHT	80	APPLIED	35	0	0	0	NO	0	0	0	0	0	0	0f2b1f37
8	Chip	0	BASE	STAGE7	128	STRAIGHT	100	APPLIED	35	0	0	0	NO	0	0	0	0	0	0	0f2b1f37
8	Chip	0	BASE	STAGE7	128	SWING COMPAT	0	APPLIED	35	0	0	0	NO	0	0	0	0	0	0	0f2b1f37
8	Chip	0	BASE	STAGE7	128	SWING COMPAT	2	APPLIED	35	0	0	0	NO	0	0	0	0	0	0	0f2b1f37
8	Chip	0	BASE	STAGE7	128	SWING COMPAT	12	APPLIED	35	0	0	0	NO	0	0	0	0	0	0	0f2b1f37
8	Chip	0	BASE	STAGE7	128	SWING COMPAT	20	APPLIED	35	0	0	0	NO	0	0	0	0	0	0	0f2b1f37
8	Chip	0	BASE	STAGE7	128	SWING COMPAT	22	APPLIED	35	0	0	0	NO	0	0	0	0	0	0	0f2b1f37
8	Chip	0	BASE	STAGE7	128	SWING COMPAT	30	APPLIED	35	0	0	0	NO	0	0	0	0	0	0	0f2b1f37
8	Chip	0	BASE	STAGE7	128	SWING COMPAT	40	APPLIED	35	0	0	0	NO	0	0	0	0	0	0	0f2b1f37
8	Chip	0	BASE	STAGE7	128	SWING COMPAT	50	APPLIED	35	0	0	0	NO	0	0	0	0	0	0	0f2b1f37
8	Chip	0	BASE	STAGE7	128	SWING COMPAT	60	APPLIED	35	0	0	0	NO	0	0	0	0	0	0	0f2b1f37
8	Chip	0	BASE	STAGE7	128	SWING COMPAT	80	APPLIED	35	1	2	97	NO	0	0	0	1	0	0	13103bc9
8	Chip	0	BASE	STAGE7	128	SWING COMPAT	100	APPLIED	35	1	2	97	NO	0	0	0	1	0	0	13103bc9
8	Chip	0	BASE	STAGE7	128	LAID BACK	0	APPLIED	35	0	0	0	NO	0	0	0	0	0	0	0f2b1f37
8	Chip	0	BASE	STAGE7	128	LAID BACK	2	APPLIED	35	0	0	0	NO	0	0	0	0	0	0	0f2b1f37
8	Chip	0	BASE	STAGE7	128	LAID BACK	12	APPLIED	35	2	1	48	NO	0	2	0	0	0	0	80f30775
8	Chip	0	BASE	STAGE7	128	LAID BACK	20	APPLIED	35	2	1	48	NO	0	2	0	0	0	0	80f30775
8	Chip	0	BASE	STAGE7	128	LAID BACK	22	APPLIED	35	2	1	48	NO	0	2	0	0	0	0	80f30775
8	Chip	0	BASE	STAGE7	128	LAID BACK	30	APPLIED	35	4	2	97	NO	0	2	0	2	0	0	d35f1909
8	Chip	0	BASE	STAGE7	128	LAID BACK	40	APPLIED	35	4	2	97	NO	0	2	0	2	0	0	d35f1909
8	Chip	0	BASE	STAGE7	128	LAID BACK	50	APPLIED	35	6	3	146	NO	0	2	2	2	0	0	abdbcf49
8	Chip	0	BASE	STAGE7	128	LAID BACK	60	APPLIED	35	6	4	195	NO	0	2	2	2	0	0	87112795
8	Chip	0	BASE	STAGE7	128	LAID BACK	80	APPLIED	35	7	5	244	NO	0	2	3	2	0	0	0b045154
8	Chip	0	BASE	STAGE7	128	LAID BACK	100	APPLIED	35	7	6	292	NO	0	2	3	2	0	0	788d0a2e
8	Chip	0	BASE	STAGE7	128	PUSH/PULL	0	APPLIED	35	0	0	0	NO	0	0	0	0	0	0	0f2b1f37
8	Chip	0	BASE	STAGE7	128	PUSH/PULL	2	APPLIED	35	0	0	0	NO	0	0	0	0	0	0	0f2b1f37
8	Chip	0	BASE	STAGE7	128	PUSH/PULL	12	APPLIED	35	0	0	0	NO	0	0	0	0	0	0	0f2b1f37
8	Chip	0	BASE	STAGE7	128	PUSH/PULL	20	APPLIED	35	0	0	0	NO	0	0	0	0	0	0	0f2b1f37
8	Chip	0	BASE	STAGE7	128	PUSH/PULL	22	APPLIED	35	0	0	0	NO	0	0	0	0	0	0	0f2b1f37
8	Chip	0	BASE	STAGE7	128	PUSH/PULL	30	APPLIED	35	5	1	48	YES	3	2	0	0	0	0	477d1334
8	Chip	0	BASE	STAGE7	128	PUSH/PULL	40	APPLIED	35	5	1	48	YES	3	2	0	0	0	0	477d1334
8	Chip	0	BASE	STAGE7	128	PUSH/PULL	50	APPLIED	35	5	2	97	YES	3	0	2	0	0	0	ce5ccdf0
8	Chip	0	BASE	STAGE7	128	PUSH/PULL	60	APPLIED	35	9	3	146	YES	3	2	2	2	0	0	4dab0c5c
8	Chip	0	BASE	STAGE7	128	PUSH/PULL	80	APPLIED	35	9	3	146	YES	3	2	2	2	0	0	4dab0c5c
8	Chip	0	BASE	STAGE7	128	PUSH/PULL	100	APPLIED	35	10	4	195	YES	3	2	3	2	0	0	38ceac54
8	Chip	0	BASE	STAGE7	128	AUTO	0	APPLIED	35	0	0	0	NO	0	0	0	0	0	0	0f2b1f37
8	Chip	0	BASE	STAGE7	128	AUTO	2	APPLIED	35	0	0	0	NO	0	0	0	0	0	0	0f2b1f37
8	Chip	0	BASE	STAGE7	128	AUTO	12	APPLIED	35	0	0	0	NO	0	0	0	0	0	0	0f2b1f37
8	Chip	0	BASE	STAGE7	128	AUTO	20	APPLIED	35	0	0	0	NO	0	0	0	0	0	0	0f2b1f37
8	Chip	0	BASE	STAGE7	128	AUTO	22	APPLIED	35	0	0	0	NO	0	0	0	0	0	0	0f2b1f37
8	Chip	0	BASE	STAGE7	128	AUTO	30	APPLIED	35	0	0	0	NO	0	0	0	0	0	0	0f2b1f37
8	Chip	0	BASE	STAGE7	128	AUTO	40	APPLIED	35	0	0	0	NO	0	0	0	0	0	0	0f2b1f37
8	Chip	0	BASE	STAGE7	128	AUTO	50	APPLIED	35	0	0	0	NO	0	0	0	0	0	0	0f2b1f37
8	Chip	0	BASE	STAGE7	128	AUTO	60	APPLIED	35	0	0	0	NO	0	0	0	0	0	0	0f2b1f37
8	Chip	0	BASE	STAGE7	128	AUTO	80	APPLIED	35	0	0	0	NO	0	0	0	0	0	0	0f2b1f37
8	Chip	0	BASE	STAGE7	128	AUTO	100	APPLIED	35	0	0	0	NO	0	0	0	0	0	0	0f2b1f37
9	House	0	BASE	STAGE7	122	STRAIGHT	0	APPLIED	26	0	0	0	NO	0	0	0	0	0	0	537319ad
9	House	0	BASE	STAGE7	122	STRAIGHT	2	APPLIED	26	0	0	0	NO	0	0	0	0	0	0	537319ad
9	House	0	BASE	STAGE7	122	STRAIGHT	12	APPLIED	26	0	0	0	NO	0	0	0	0	0	0	537319ad
9	House	0	BASE	STAGE7	122	STRAIGHT	20	APPLIED	26	0	0	0	NO	0	0	0	0	0	0	537319ad
9	House	0	BASE	STAGE7	122	STRAIGHT	22	APPLIED	26	0	0	0	NO	0	0	0	0	0	0	537319ad
9	House	0	BASE	STAGE7	122	STRAIGHT	30	APPLIED	26	0	0	0	NO	0	0	0	0	0	0	537319ad
9	House	0	BASE	STAGE7	122	STRAIGHT	40	APPLIED	26	0	0	0	NO	0	0	0	0	0	0	537319ad
9	House	0	BASE	STAGE7	122	STRAIGHT	50	APPLIED	26	0	0	0	NO	0	0	0	0	0	0	537319ad
9	House	0	BASE	STAGE7	122	STRAIGHT	60	APPLIED	26	0	0	0	NO	0	0	0	0	0	0	537319ad
9	House	0	BASE	STAGE7	122	STRAIGHT	80	APPLIED	26	0	0	0	NO	0	0	0	0	0	0	537319ad
9	House	0	BASE	STAGE7	122	STRAIGHT	100	APPLIED	26	0	0	0	NO	0	0	0	0	0	0	537319ad
9	House	0	BASE	STAGE7	122	SWING COMPAT	0	APPLIED	26	0	0	0	NO	0	0	0	0	0	0	537319ad
9	House	0	BASE	STAGE7	122	SWING COMPAT	2	APPLIED	26	0	0	0	NO	0	0	0	0	0	0	537319ad
9	House	0	BASE	STAGE7	122	SWING COMPAT	12	APPLIED	26	0	0	0	NO	0	0	0	0	0	0	537319ad
9	House	0	BASE	STAGE7	122	SWING COMPAT	20	APPLIED	26	0	0	0	NO	0	0	0	0	0	0	537319ad
9	House	0	BASE	STAGE7	122	SWING COMPAT	22	APPLIED	26	0	0	0	NO	0	0	0	0	0	0	537319ad
9	House	0	BASE	STAGE7	122	SWING COMPAT	30	APPLIED	26	0	0	0	NO	0	0	0	0	0	0	537319ad
9	House	0	BASE	STAGE7	122	SWING COMPAT	40	APPLIED	26	0	0	0	NO	0	0	0	0	0	0	537319ad
9	House	0	BASE	STAGE7	122	SWING COMPAT	50	APPLIED	26	0	0	0	NO	0	0	0	0	0	0	537319ad
9	House	0	BASE	STAGE7	122	SWING COMPAT	60	APPLIED	26	1	2	102	NO	0	0	1	0	0	0	bc2a1e2f
9	House	0	BASE	STAGE7	122	SWING COMPAT	80	APPLIED	26	4	2	102	NO	0	0	4	0	0	0	d0da8b90
9	House	0	BASE	STAGE7	122	SWING COMPAT	100	APPLIED	26	4	2	102	NO	0	0	4	0	0	0	d0da8b90
9	House	0	BASE	STAGE7	122	LAID BACK	0	APPLIED	26	0	0	0	NO	0	0	0	0	0	0	537319ad
9	House	0	BASE	STAGE7	122	LAID BACK	2	APPLIED	26	0	0	0	NO	0	0	0	0	0	0	537319ad
9	House	0	BASE	STAGE7	122	LAID BACK	12	APPLIED	26	2	1	51	NO	0	2	0	0	0	0	e16aeff7
9	House	0	BASE	STAGE7	122	LAID BACK	20	APPLIED	26	2	1	51	NO	0	2	0	0	0	0	e16aeff7
9	House	0	BASE	STAGE7	122	LAID BACK	22	APPLIED	26	2	1	51	NO	0	2	0	0	0	0	e16aeff7
9	House	0	BASE	STAGE7	122	LAID BACK	30	APPLIED	26	3	2	102	NO	0	2	1	0	0	0	0814e4e4
9	House	0	BASE	STAGE7	122	LAID BACK	40	APPLIED	26	3	2	102	NO	0	2	1	0	0	0	0814e4e4
9	House	0	BASE	STAGE7	122	LAID BACK	50	APPLIED	26	7	3	153	NO	0	2	5	0	0	0	87f66ad7
9	House	0	BASE	STAGE7	122	LAID BACK	60	APPLIED	26	7	4	204	NO	0	2	5	0	0	0	6e5d1474
9	House	0	BASE	STAGE7	122	LAID BACK	80	APPLIED	26	7	5	256	NO	0	2	5	0	0	0	56ed9586
9	House	0	BASE	STAGE7	122	LAID BACK	100	APPLIED	26	7	6	307	NO	0	2	5	0	0	0	066bec9f
9	House	0	BASE	STAGE7	122	PUSH/PULL	0	APPLIED	26	0	0	0	NO	0	0	0	0	0	0	537319ad
9	House	0	BASE	STAGE7	122	PUSH/PULL	2	APPLIED	26	0	0	0	NO	0	0	0	0	0	0	537319ad
9	House	0	BASE	STAGE7	122	PUSH/PULL	12	APPLIED	26	0	0	0	NO	0	0	0	0	0	0	537319ad
9	House	0	BASE	STAGE7	122	PUSH/PULL	20	APPLIED	26	0	0	0	NO	0	0	0	0	0	0	537319ad
9	House	0	BASE	STAGE7	122	PUSH/PULL	22	APPLIED	26	0	0	0	NO	0	0	0	0	0	0	537319ad
9	House	0	BASE	STAGE7	122	PUSH/PULL	30	APPLIED	26	5	1	51	YES	3	2	0	0	0	0	f8cd4cfc
9	House	0	BASE	STAGE7	122	PUSH/PULL	40	APPLIED	26	5	1	51	YES	3	2	0	0	0	0	f8cd4cfc
9	House	0	BASE	STAGE7	122	PUSH/PULL	50	APPLIED	26	8	2	102	YES	3	2	3	0	0	0	f76c9eae
9	House	0	BASE	STAGE7	122	PUSH/PULL	60	APPLIED	26	8	3	153	YES	3	2	3	0	0	0	1b6a6e47
9	House	0	BASE	STAGE7	122	PUSH/PULL	80	APPLIED	26	8	3	153	YES	3	2	3	0	0	0	1b6a6e47
9	House	0	BASE	STAGE7	122	PUSH/PULL	100	APPLIED	26	10	4	204	YES	3	2	5	0	0	0	e7c3a409
9	House	0	BASE	STAGE7	122	AUTO	0	APPLIED	26	0	0	0	NO	0	0	0	0	0	0	537319ad
9	House	0	BASE	STAGE7	122	AUTO	2	APPLIED	26	0	0	0	NO	0	0	0	0	0	0	537319ad
9	House	0	BASE	STAGE7	122	AUTO	12	APPLIED	26	0	0	0	NO	0	0	0	0	0	0	537319ad
9	House	0	BASE	STAGE7	122	AUTO	20	APPLIED	26	0	0	0	NO	0	0	0	0	0	0	537319ad
9	House	0	BASE	STAGE7	122	AUTO	22	APPLIED	26	0	0	0	NO	0	0	0	0	0	0	537319ad
9	House	0	BASE	STAGE7	122	AUTO	30	APPLIED	26	5	1	51	YES	3	2	0	0	0	0	f8cd4cfc
9	House	0	BASE	STAGE7	122	AUTO	40	APPLIED	26	5	1	51	YES	3	2	0	0	0	0	f8cd4cfc
9	House	0	BASE	STAGE7	122	AUTO	50	APPLIED	26	8	2	102	YES	3	2	3	0	0	0	f76c9eae
9	House	0	BASE	STAGE7	122	AUTO	60	APPLIED	26	8	3	153	YES	3	2	3	0	0	0	1b6a6e47
9	House	0	BASE	STAGE7	122	AUTO	80	APPLIED	26	8	3	153	YES	3	2	3	0	0	0	1b6a6e47
9	House	0	BASE	STAGE7	122	AUTO	100	APPLIED	26	10	4	204	YES	3	2	5	0	0	0	e7c3a409
10	Techno	0	BASE	STAGE7	134	STRAIGHT	0	APPLIED	30	0	0	0	NO	0	0	0	0	0	0	57b2477d
10	Techno	0	BASE	STAGE7	134	STRAIGHT	2	APPLIED	30	0	0	0	NO	0	0	0	0	0	0	57b2477d
10	Techno	0	BASE	STAGE7	134	STRAIGHT	12	APPLIED	30	0	0	0	NO	0	0	0	0	0	0	57b2477d
10	Techno	0	BASE	STAGE7	134	STRAIGHT	20	APPLIED	30	0	0	0	NO	0	0	0	0	0	0	57b2477d
10	Techno	0	BASE	STAGE7	134	STRAIGHT	22	APPLIED	30	0	0	0	NO	0	0	0	0	0	0	57b2477d
10	Techno	0	BASE	STAGE7	134	STRAIGHT	30	APPLIED	30	0	0	0	NO	0	0	0	0	0	0	57b2477d
10	Techno	0	BASE	STAGE7	134	STRAIGHT	40	APPLIED	30	0	0	0	NO	0	0	0	0	0	0	57b2477d
10	Techno	0	BASE	STAGE7	134	STRAIGHT	50	APPLIED	30	0	0	0	NO	0	0	0	0	0	0	57b2477d
10	Techno	0	BASE	STAGE7	134	STRAIGHT	60	APPLIED	30	0	0	0	NO	0	0	0	0	0	0	57b2477d
10	Techno	0	BASE	STAGE7	134	STRAIGHT	80	APPLIED	30	0	0	0	NO	0	0	0	0	0	0	57b2477d
10	Techno	0	BASE	STAGE7	134	STRAIGHT	100	APPLIED	30	0	0	0	NO	0	0	0	0	0	0	57b2477d
10	Techno	0	BASE	STAGE7	134	SWING COMPAT	0	APPLIED	30	0	0	0	NO	0	0	0	0	0	0	57b2477d
10	Techno	0	BASE	STAGE7	134	SWING COMPAT	2	APPLIED	30	0	0	0	NO	0	0	0	0	0	0	57b2477d
10	Techno	0	BASE	STAGE7	134	SWING COMPAT	12	APPLIED	30	0	0	0	NO	0	0	0	0	0	0	57b2477d
10	Techno	0	BASE	STAGE7	134	SWING COMPAT	20	APPLIED	30	0	0	0	NO	0	0	0	0	0	0	57b2477d
10	Techno	0	BASE	STAGE7	134	SWING COMPAT	22	APPLIED	30	0	0	0	NO	0	0	0	0	0	0	57b2477d
10	Techno	0	BASE	STAGE7	134	SWING COMPAT	30	APPLIED	30	0	0	0	NO	0	0	0	0	0	0	57b2477d
10	Techno	0	BASE	STAGE7	134	SWING COMPAT	40	APPLIED	30	0	0	0	NO	0	0	0	0	0	0	57b2477d
10	Techno	0	BASE	STAGE7	134	SWING COMPAT	50	APPLIED	30	0	0	0	NO	0	0	0	0	0	0	57b2477d
10	Techno	0	BASE	STAGE7	134	SWING COMPAT	60	APPLIED	30	1	1	46	NO	0	0	1	0	0	0	a564a22c
10	Techno	0	BASE	STAGE7	134	SWING COMPAT	80	APPLIED	30	6	2	93	NO	0	0	5	1	0	0	ce1cf319
10	Techno	0	BASE	STAGE7	134	SWING COMPAT	100	APPLIED	30	6	2	93	NO	0	0	5	1	0	0	ce1cf319
10	Techno	0	BASE	STAGE7	134	LAID BACK	0	APPLIED	30	0	0	0	NO	0	0	0	0	0	0	57b2477d
10	Techno	0	BASE	STAGE7	134	LAID BACK	2	APPLIED	30	0	0	0	NO	0	0	0	0	0	0	57b2477d
10	Techno	0	BASE	STAGE7	134	LAID BACK	12	APPLIED	30	2	1	46	NO	0	2	0	0	0	0	3e2f07db
10	Techno	0	BASE	STAGE7	134	LAID BACK	20	APPLIED	30	2	1	46	NO	0	2	0	0	0	0	3e2f07db
10	Techno	0	BASE	STAGE7	134	LAID BACK	22	APPLIED	30	2	1	46	NO	0	2	0	0	0	0	3e2f07db
10	Techno	0	BASE	STAGE7	134	LAID BACK	30	APPLIED	30	4	2	93	NO	0	2	1	1	0	0	a9f6f3cf
10	Techno	0	BASE	STAGE7	134	LAID BACK	40	APPLIED	30	4	2	93	NO	0	2	1	1	0	0	a9f6f3cf
10	Techno	0	BASE	STAGE7	134	LAID BACK	50	APPLIED	30	6	3	139	NO	0	2	3	1	0	0	7c825d6b
10	Techno	0	BASE	STAGE7	134	LAID BACK	60	APPLIED	30	6	4	186	NO	0	2	3	1	0	0	35449f1d
10	Techno	0	BASE	STAGE7	134	LAID BACK	80	APPLIED	30	9	5	233	NO	0	2	6	1	0	0	269c23f1
10	Techno	0	BASE	STAGE7	134	LAID BACK	100	APPLIED	30	9	6	279	NO	0	2	6	1	0	0	1269aff2
10	Techno	0	BASE	STAGE7	134	PUSH/PULL	0	APPLIED	30	0	0	0	NO	0	0	0	0	0	0	57b2477d
10	Techno	0	BASE	STAGE7	134	PUSH/PULL	2	APPLIED	30	0	0	0	NO	0	0	0	0	0	0	57b2477d
10	Techno	0	BASE	STAGE7	134	PUSH/PULL	12	APPLIED	30	0	0	0	NO	0	0	0	0	0	0	57b2477d
10	Techno	0	BASE	STAGE7	134	PUSH/PULL	20	APPLIED	30	0	0	0	NO	0	0	0	0	0	0	57b2477d
10	Techno	0	BASE	STAGE7	134	PUSH/PULL	22	APPLIED	30	0	0	0	NO	0	0	0	0	0	0	57b2477d
10	Techno	0	BASE	STAGE7	134	PUSH/PULL	30	APPLIED	30	4	1	46	YES	2	2	0	0	0	0	2404a34d
10	Techno	0	BASE	STAGE7	134	PUSH/PULL	40	APPLIED	30	4	1	46	YES	2	2	0	0	0	0	2404a34d
10	Techno	0	BASE	STAGE7	134	PUSH/PULL	50	APPLIED	30	7	2	93	YES	1	2	4	0	0	0	24cad1d2
10	Techno	0	BASE	STAGE7	134	PUSH/PULL	60	APPLIED	30	8	2	93	YES	2	2	4	0	0	0	57bf0cc4
10	Techno	0	BASE	STAGE7	134	PUSH/PULL	80	APPLIED	30	8	2	93	YES	2	2	4	0	0	0	57bf0cc4
10	Techno	0	BASE	STAGE7	134	PUSH/PULL	100	APPLIED	30	10	3	139	YES	2	2	6	0	0	0	c369e176
10	Techno	0	BASE	STAGE7	134	AUTO	0	APPLIED	30	0	0	0	NO	0	0	0	0	0	0	57b2477d
10	Techno	0	BASE	STAGE7	134	AUTO	2	APPLIED	30	0	0	0	NO	0	0	0	0	0	0	57b2477d
10	Techno	0	BASE	STAGE7	134	AUTO	12	APPLIED	30	0	0	0	NO	0	0	0	0	0	0	57b2477d
10	Techno	0	BASE	STAGE7	134	AUTO	20	APPLIED	30	0	0	0	NO	0	0	0	0	0	0	57b2477d
10	Techno	0	BASE	STAGE7	134	AUTO	22	APPLIED	30	0	0	0	NO	0	0	0	0	0	0	57b2477d
10	Techno	0	BASE	STAGE7	134	AUTO	30	APPLIED	30	0	0	0	NO	0	0	0	0	0	0	57b2477d
10	Techno	0	BASE	STAGE7	134	AUTO	40	APPLIED	30	0	0	0	NO	0	0	0	0	0	0	57b2477d
10	Techno	0	BASE	STAGE7	134	AUTO	50	APPLIED	30	0	0	0	NO	0	0	0	0	0	0	57b2477d
10	Techno	0	BASE	STAGE7	134	AUTO	60	APPLIED	30	0	0	0	NO	0	0	0	0	0	0	57b2477d
10	Techno	0	BASE	STAGE7	134	AUTO	80	APPLIED	30	0	0	0	NO	0	0	0	0	0	0	57b2477d
10	Techno	0	BASE	STAGE7	134	AUTO	100	APPLIED	30	0	0	0	NO	0	0	0	0	0	0	57b2477d
11	Hip-Hop	0	BASE	STAGE7	90	STRAIGHT	0	APPLIED	13	0	0	0	NO	0	0	0	0	0	0	da0f62ef
11	Hip-Hop	0	BASE	STAGE7	90	STRAIGHT	2	APPLIED	13	0	0	0	NO	0	0	0	0	0	0	da0f62ef
11	Hip-Hop	0	BASE	STAGE7	90	STRAIGHT	12	APPLIED	13	0	0	0	NO	0	0	0	0	0	0	da0f62ef
11	Hip-Hop	0	BASE	STAGE7	90	STRAIGHT	20	APPLIED	13	0	0	0	NO	0	0	0	0	0	0	da0f62ef
11	Hip-Hop	0	BASE	STAGE7	90	STRAIGHT	22	APPLIED	13	0	0	0	NO	0	0	0	0	0	0	da0f62ef
11	Hip-Hop	0	BASE	STAGE7	90	STRAIGHT	30	APPLIED	13	0	0	0	NO	0	0	0	0	0	0	da0f62ef
11	Hip-Hop	0	BASE	STAGE7	90	STRAIGHT	40	APPLIED	13	0	0	0	NO	0	0	0	0	0	0	da0f62ef
11	Hip-Hop	0	BASE	STAGE7	90	STRAIGHT	50	APPLIED	13	0	0	0	NO	0	0	0	0	0	0	da0f62ef
11	Hip-Hop	0	BASE	STAGE7	90	STRAIGHT	60	APPLIED	13	0	0	0	NO	0	0	0	0	0	0	da0f62ef
11	Hip-Hop	0	BASE	STAGE7	90	STRAIGHT	80	APPLIED	13	0	0	0	NO	0	0	0	0	0	0	da0f62ef
11	Hip-Hop	0	BASE	STAGE7	90	STRAIGHT	100	APPLIED	13	0	0	0	NO	0	0	0	0	0	0	da0f62ef
11	Hip-Hop	0	BASE	STAGE7	90	SWING COMPAT	0	APPLIED	13	0	0	0	NO	0	0	0	0	0	0	da0f62ef
11	Hip-Hop	0	BASE	STAGE7	90	SWING COMPAT	2	APPLIED	13	0	0	0	NO	0	0	0	0	0	0	da0f62ef
11	Hip-Hop	0	BASE	STAGE7	90	SWING COMPAT	12	APPLIED	13	0	0	0	NO	0	0	0	0	0	0	da0f62ef
11	Hip-Hop	0	BASE	STAGE7	90	SWING COMPAT	20	APPLIED	13	0	0	0	NO	0	0	0	0	0	0	da0f62ef
11	Hip-Hop	0	BASE	STAGE7	90	SWING COMPAT	22	APPLIED	13	0	0	0	NO	0	0	0	0	0	0	da0f62ef
11	Hip-Hop	0	BASE	STAGE7	90	SWING COMPAT	30	APPLIED	13	0	0	0	NO	0	0	0	0	0	0	da0f62ef
11	Hip-Hop	0	BASE	STAGE7	90	SWING COMPAT	40	APPLIED	13	0	0	0	NO	0	0	0	0	0	0	da0f62ef
11	Hip-Hop	0	BASE	STAGE7	90	SWING COMPAT	50	APPLIED	13	0	0	0	NO	0	0	0	0	0	0	da0f62ef
11	Hip-Hop	0	BASE	STAGE7	90	SWING COMPAT	60	APPLIED	13	0	0	0	NO	0	0	0	0	0	0	da0f62ef
11	Hip-Hop	0	BASE	STAGE7	90	SWING COMPAT	80	APPLIED	13	2	2	138	NO	0	0	2	0	0	0	28773f2a
11	Hip-Hop	0	BASE	STAGE7	90	SWING COMPAT	100	APPLIED	13	2	2	138	NO	0	0	2	0	0	0	28773f2a
11	Hip-Hop	0	BASE	STAGE7	90	LAID BACK	0	APPLIED	13	0	0	0	NO	0	0	0	0	0	0	da0f62ef
11	Hip-Hop	0	BASE	STAGE7	90	LAID BACK	2	APPLIED	13	0	0	0	NO	0	0	0	0	0	0	da0f62ef
11	Hip-Hop	0	BASE	STAGE7	90	LAID BACK	12	APPLIED	13	2	1	69	NO	0	2	0	0	0	0	b10360c9
11	Hip-Hop	0	BASE	STAGE7	90	LAID BACK	20	APPLIED	13	2	1	69	NO	0	2	0	0	0	0	b10360c9
11	Hip-Hop	0	BASE	STAGE7	90	LAID BACK	22	APPLIED	13	2	1	69	NO	0	2	0	0	0	0	b10360c9
11	Hip-Hop	0	BASE	STAGE7	90	LAID BACK	30	APPLIED	13	4	2	138	NO	0	2	0	2	0	0	919f71e1
11	Hip-Hop	0	BASE	STAGE7	90	LAID BACK	40	APPLIED	13	4	2	138	NO	0	2	0	2	0	0	919f71e1
11	Hip-Hop	0	BASE	STAGE7	90	LAID BACK	50	APPLIED	13	6	3	208	NO	0	2	2	2	0	0	00a0da52
11	Hip-Hop	0	BASE	STAGE7	90	LAID BACK	60	APPLIED	13	6	4	277	NO	0	2	2	2	0	0	489c45d4
11	Hip-Hop	0	BASE	STAGE7	90	LAID BACK	80	APPLIED	13	8	5	347	NO	0	2	4	2	0	0	2f5dc6a2
11	Hip-Hop	0	BASE	STAGE7	90	LAID BACK	100	APPLIED	13	8	6	416	NO	0	2	4	2	0	0	0ff2fb8c
11	Hip-Hop	0	BASE	STAGE7	90	PUSH/PULL	0	APPLIED	13	0	0	0	NO	0	0	0	0	0	0	da0f62ef
11	Hip-Hop	0	BASE	STAGE7	90	PUSH/PULL	2	APPLIED	13	0	0	0	NO	0	0	0	0	0	0	da0f62ef
11	Hip-Hop	0	BASE	STAGE7	90	PUSH/PULL	12	APPLIED	13	0	0	0	NO	0	0	0	0	0	0	da0f62ef
11	Hip-Hop	0	BASE	STAGE7	90	PUSH/PULL	20	APPLIED	13	0	0	0	NO	0	0	0	0	0	0	da0f62ef
11	Hip-Hop	0	BASE	STAGE7	90	PUSH/PULL	22	APPLIED	13	0	0	0	NO	0	0	0	0	0	0	da0f62ef
11	Hip-Hop	0	BASE	STAGE7	90	PUSH/PULL	30	APPLIED	13	6	1	69	YES	4	2	0	0	0	0	bd0bd2e5
11	Hip-Hop	0	BASE	STAGE7	90	PUSH/PULL	40	APPLIED	13	6	1	69	YES	4	2	0	0	0	0	bd0bd2e5
11	Hip-Hop	0	BASE	STAGE7	90	PUSH/PULL	50	APPLIED	13	8	2	138	YES	4	1	3	0	0	0	ed843120
11	Hip-Hop	0	BASE	STAGE7	90	PUSH/PULL	60	APPLIED	13	11	3	208	YES	4	2	3	2	0	0	9e825574
11	Hip-Hop	0	BASE	STAGE7	90	PUSH/PULL	80	APPLIED	13	11	3	208	YES	4	2	3	2	0	0	9e825574
11	Hip-Hop	0	BASE	STAGE7	90	PUSH/PULL	100	APPLIED	13	12	4	277	YES	4	2	4	2	0	0	8be8f174
11	Hip-Hop	0	BASE	STAGE7	90	AUTO	0	APPLIED	13	0	0	0	NO	0	0	0	0	0	0	da0f62ef
11	Hip-Hop	0	BASE	STAGE7	90	AUTO	2	APPLIED	13	0	0	0	NO	0	0	0	0	0	0	da0f62ef
11	Hip-Hop	0	BASE	STAGE7	90	AUTO	12	APPLIED	13	2	1	69	NO	0	2	0	0	0	0	b10360c9
11	Hip-Hop	0	BASE	STAGE7	90	AUTO	20	APPLIED	13	2	1	69	NO	0	2	0	0	0	0	b10360c9
11	Hip-Hop	0	BASE	STAGE7	90	AUTO	22	APPLIED	13	2	1	69	NO	0	2	0	0	0	0	b10360c9
11	Hip-Hop	0	BASE	STAGE7	90	AUTO	30	APPLIED	13	4	2	138	NO	0	2	0	2	0	0	919f71e1
11	Hip-Hop	0	BASE	STAGE7	90	AUTO	40	APPLIED	13	4	2	138	NO	0	2	0	2	0	0	919f71e1
11	Hip-Hop	0	BASE	STAGE7	90	AUTO	50	APPLIED	13	6	3	208	NO	0	2	2	2	0	0	00a0da52
11	Hip-Hop	0	BASE	STAGE7	90	AUTO	60	APPLIED	13	6	4	277	NO	0	2	2	2	0	0	489c45d4
11	Hip-Hop	0	BASE	STAGE7	90	AUTO	80	APPLIED	13	8	5	347	NO	0	2	4	2	0	0	2f5dc6a2
11	Hip-Hop	0	BASE	STAGE7	90	AUTO	100	APPLIED	13	8	6	416	NO	0	2	4	2	0	0	0ff2fb8c
11	Hip-Hop	16	Golden Era	STAGE7	92	STRAIGHT	0	APPLIED	13	0	0	0	NO	0	0	0	0	0	0	da0f62ef
11	Hip-Hop	16	Golden Era	STAGE7	92	STRAIGHT	2	APPLIED	13	0	0	0	NO	0	0	0	0	0	0	da0f62ef
11	Hip-Hop	16	Golden Era	STAGE7	92	STRAIGHT	12	APPLIED	13	0	0	0	NO	0	0	0	0	0	0	da0f62ef
11	Hip-Hop	16	Golden Era	STAGE7	92	STRAIGHT	20	APPLIED	13	0	0	0	NO	0	0	0	0	0	0	da0f62ef
11	Hip-Hop	16	Golden Era	STAGE7	92	STRAIGHT	22	APPLIED	13	0	0	0	NO	0	0	0	0	0	0	da0f62ef
11	Hip-Hop	16	Golden Era	STAGE7	92	STRAIGHT	30	APPLIED	13	0	0	0	NO	0	0	0	0	0	0	da0f62ef
11	Hip-Hop	16	Golden Era	STAGE7	92	STRAIGHT	40	APPLIED	13	0	0	0	NO	0	0	0	0	0	0	da0f62ef
11	Hip-Hop	16	Golden Era	STAGE7	92	STRAIGHT	50	APPLIED	13	0	0	0	NO	0	0	0	0	0	0	da0f62ef
11	Hip-Hop	16	Golden Era	STAGE7	92	STRAIGHT	60	APPLIED	13	0	0	0	NO	0	0	0	0	0	0	da0f62ef
11	Hip-Hop	16	Golden Era	STAGE7	92	STRAIGHT	80	APPLIED	13	0	0	0	NO	0	0	0	0	0	0	da0f62ef
11	Hip-Hop	16	Golden Era	STAGE7	92	STRAIGHT	100	APPLIED	13	0	0	0	NO	0	0	0	0	0	0	da0f62ef
11	Hip-Hop	16	Golden Era	STAGE7	92	SWING COMPAT	0	APPLIED	13	0	0	0	NO	0	0	0	0	0	0	da0f62ef
11	Hip-Hop	16	Golden Era	STAGE7	92	SWING COMPAT	2	APPLIED	13	0	0	0	NO	0	0	0	0	0	0	da0f62ef
11	Hip-Hop	16	Golden Era	STAGE7	92	SWING COMPAT	12	APPLIED	13	0	0	0	NO	0	0	0	0	0	0	da0f62ef
11	Hip-Hop	16	Golden Era	STAGE7	92	SWING COMPAT	20	APPLIED	13	0	0	0	NO	0	0	0	0	0	0	da0f62ef
11	Hip-Hop	16	Golden Era	STAGE7	92	SWING COMPAT	22	APPLIED	13	0	0	0	NO	0	0	0	0	0	0	da0f62ef
11	Hip-Hop	16	Golden Era	STAGE7	92	SWING COMPAT	30	APPLIED	13	0	0	0	NO	0	0	0	0	0	0	da0f62ef
11	Hip-Hop	16	Golden Era	STAGE7	92	SWING COMPAT	40	APPLIED	13	0	0	0	NO	0	0	0	0	0	0	da0f62ef
11	Hip-Hop	16	Golden Era	STAGE7	92	SWING COMPAT	50	APPLIED	13	0	0	0	NO	0	0	0	0	0	0	da0f62ef
11	Hip-Hop	16	Golden Era	STAGE7	92	SWING COMPAT	60	APPLIED	13	0	0	0	NO	0	0	0	0	0	0	da0f62ef
11	Hip-Hop	16	Golden Era	STAGE7	92	SWING COMPAT	80	APPLIED	13	4	2	135	NO	0	0	2	2	0	0	1f84de6c
11	Hip-Hop	16	Golden Era	STAGE7	92	SWING COMPAT	100	APPLIED	13	4	2	135	NO	0	0	2	2	0	0	1f84de6c
11	Hip-Hop	16	Golden Era	STAGE7	92	LAID BACK	0	APPLIED	13	0	0	0	NO	0	0	0	0	0	0	da0f62ef
11	Hip-Hop	16	Golden Era	STAGE7	92	LAID BACK	2	APPLIED	13	0	0	0	NO	0	0	0	0	0	0	da0f62ef
11	Hip-Hop	16	Golden Era	STAGE7	92	LAID BACK	12	APPLIED	13	2	1	67	NO	0	2	0	0	0	0	b10360c9
11	Hip-Hop	16	Golden Era	STAGE7	92	LAID BACK	20	APPLIED	13	2	1	67	NO	0	2	0	0	0	0	b10360c9
11	Hip-Hop	16	Golden Era	STAGE7	92	LAID BACK	22	APPLIED	13	2	1	67	NO	0	2	0	0	0	0	b10360c9
11	Hip-Hop	16	Golden Era	STAGE7	92	LAID BACK	30	APPLIED	13	4	2	135	NO	0	2	0	2	0	0	919f71e1
11	Hip-Hop	16	Golden Era	STAGE7	92	LAID BACK	40	APPLIED	13	4	2	135	NO	0	2	0	2	0	0	919f71e1
11	Hip-Hop	16	Golden Era	STAGE7	92	LAID BACK	50	APPLIED	13	4	3	203	NO	0	2	1	1	0	0	34c197d5
11	Hip-Hop	16	Golden Era	STAGE7	92	LAID BACK	60	APPLIED	13	5	4	271	NO	0	2	1	2	0	0	9aae2807
11	Hip-Hop	16	Golden Era	STAGE7	92	LAID BACK	80	APPLIED	13	8	5	339	NO	0	2	4	2	0	0	ad381127
11	Hip-Hop	16	Golden Era	STAGE7	92	LAID BACK	100	APPLIED	13	8	6	407	NO	0	2	4	2	0	0	323c6f21
11	Hip-Hop	16	Golden Era	STAGE7	92	PUSH/PULL	0	APPLIED	13	0	0	0	NO	0	0	0	0	0	0	da0f62ef
11	Hip-Hop	16	Golden Era	STAGE7	92	PUSH/PULL	2	APPLIED	13	0	0	0	NO	0	0	0	0	0	0	da0f62ef
11	Hip-Hop	16	Golden Era	STAGE7	92	PUSH/PULL	12	APPLIED	13	0	0	0	NO	0	0	0	0	0	0	da0f62ef
11	Hip-Hop	16	Golden Era	STAGE7	92	PUSH/PULL	20	APPLIED	13	0	0	0	NO	0	0	0	0	0	0	da0f62ef
11	Hip-Hop	16	Golden Era	STAGE7	92	PUSH/PULL	22	APPLIED	13	0	0	0	NO	0	0	0	0	0	0	da0f62ef
11	Hip-Hop	16	Golden Era	STAGE7	92	PUSH/PULL	30	APPLIED	13	6	1	67	YES	4	2	0	0	0	0	bd0bd2e5
11	Hip-Hop	16	Golden Era	STAGE7	92	PUSH/PULL	40	APPLIED	13	6	1	67	YES	4	2	0	0	0	0	bd0bd2e5
11	Hip-Hop	16	Golden Era	STAGE7	92	PUSH/PULL	50	APPLIED	13	8	2	135	YES	4	1	3	0	0	0	51af5ae7
11	Hip-Hop	16	Golden Era	STAGE7	92	PUSH/PULL	60	APPLIED	13	10	3	203	YES	4	2	3	1	0	0	db1b8457
11	Hip-Hop	16	Golden Era	STAGE7	92	PUSH/PULL	80	APPLIED	13	10	3	203	YES	4	2	3	1	0	0	db1b8457
11	Hip-Hop	16	Golden Era	STAGE7	92	PUSH/PULL	100	APPLIED	13	11	4	271	YES	4	2	4	1	0	0	1b182cfd
11	Hip-Hop	16	Golden Era	STAGE7	92	AUTO	0	APPLIED	13	0	0	0	NO	0	0	0	0	0	0	da0f62ef
11	Hip-Hop	16	Golden Era	STAGE7	92	AUTO	2	APPLIED	13	0	0	0	NO	0	0	0	0	0	0	da0f62ef
11	Hip-Hop	16	Golden Era	STAGE7	92	AUTO	12	APPLIED	13	2	1	67	NO	0	2	0	0	0	0	b10360c9
11	Hip-Hop	16	Golden Era	STAGE7	92	AUTO	20	APPLIED	13	2	1	67	NO	0	2	0	0	0	0	b10360c9
11	Hip-Hop	16	Golden Era	STAGE7	92	AUTO	22	APPLIED	13	2	1	67	NO	0	2	0	0	0	0	b10360c9
11	Hip-Hop	16	Golden Era	STAGE7	92	AUTO	30	APPLIED	13	4	2	135	NO	0	2	0	2	0	0	919f71e1
11	Hip-Hop	16	Golden Era	STAGE7	92	AUTO	40	APPLIED	13	4	2	135	NO	0	2	0	2	0	0	919f71e1
11	Hip-Hop	16	Golden Era	STAGE7	92	AUTO	50	APPLIED	13	4	3	203	NO	0	2	1	1	0	0	34c197d5
11	Hip-Hop	16	Golden Era	STAGE7	92	AUTO	60	APPLIED	13	5	4	271	NO	0	2	1	2	0	0	9aae2807
11	Hip-Hop	16	Golden Era	STAGE7	92	AUTO	80	APPLIED	13	8	5	339	NO	0	2	4	2	0	0	ad381127
11	Hip-Hop	16	Golden Era	STAGE7	92	AUTO	100	APPLIED	13	8	6	407	NO	0	2	4	2	0	0	323c6f21
11	Hip-Hop	17	Dusty Jazz	STAGE7	84	STRAIGHT	0	APPLIED	11	0	0	0	NO	0	0	0	0	0	0	a413d797
11	Hip-Hop	17	Dusty Jazz	STAGE7	84	STRAIGHT	2	APPLIED	11	0	0	0	NO	0	0	0	0	0	0	a413d797
11	Hip-Hop	17	Dusty Jazz	STAGE7	84	STRAIGHT	12	APPLIED	11	0	0	0	NO	0	0	0	0	0	0	a413d797
11	Hip-Hop	17	Dusty Jazz	STAGE7	84	STRAIGHT	20	APPLIED	11	0	0	0	NO	0	0	0	0	0	0	a413d797
11	Hip-Hop	17	Dusty Jazz	STAGE7	84	STRAIGHT	22	APPLIED	11	0	0	0	NO	0	0	0	0	0	0	a413d797
11	Hip-Hop	17	Dusty Jazz	STAGE7	84	STRAIGHT	30	APPLIED	11	0	0	0	NO	0	0	0	0	0	0	a413d797
11	Hip-Hop	17	Dusty Jazz	STAGE7	84	STRAIGHT	40	APPLIED	11	0	0	0	NO	0	0	0	0	0	0	a413d797
11	Hip-Hop	17	Dusty Jazz	STAGE7	84	STRAIGHT	50	APPLIED	11	0	0	0	NO	0	0	0	0	0	0	a413d797
11	Hip-Hop	17	Dusty Jazz	STAGE7	84	STRAIGHT	60	APPLIED	11	0	0	0	NO	0	0	0	0	0	0	a413d797
11	Hip-Hop	17	Dusty Jazz	STAGE7	84	STRAIGHT	80	APPLIED	11	0	0	0	NO	0	0	0	0	0	0	a413d797
11	Hip-Hop	17	Dusty Jazz	STAGE7	84	STRAIGHT	100	APPLIED	11	0	0	0	NO	0	0	0	0	0	0	a413d797
11	Hip-Hop	17	Dusty Jazz	STAGE7	84	SWING COMPAT	0	APPLIED	11	0	0	0	NO	0	0	0	0	0	0	a413d797
11	Hip-Hop	17	Dusty Jazz	STAGE7	84	SWING COMPAT	2	APPLIED	11	0	0	0	NO	0	0	0	0	0	0	a413d797
11	Hip-Hop	17	Dusty Jazz	STAGE7	84	SWING COMPAT	12	APPLIED	11	0	0	0	NO	0	0	0	0	0	0	a413d797
11	Hip-Hop	17	Dusty Jazz	STAGE7	84	SWING COMPAT	20	APPLIED	11	0	0	0	NO	0	0	0	0	0	0	a413d797
11	Hip-Hop	17	Dusty Jazz	STAGE7	84	SWING COMPAT	22	APPLIED	11	0	0	0	NO	0	0	0	0	0	0	a413d797
11	Hip-Hop	17	Dusty Jazz	STAGE7	84	SWING COMPAT	30	APPLIED	11	0	0	0	NO	0	0	0	0	0	0	a413d797
11	Hip-Hop	17	Dusty Jazz	STAGE7	84	SWING COMPAT	40	APPLIED	11	0	0	0	NO	0	0	0	0	0	0	a413d797
11	Hip-Hop	17	Dusty Jazz	STAGE7	84	SWING COMPAT	50	APPLIED	11	0	0	0	NO	0	0	0	0	0	0	a413d797
11	Hip-Hop	17	Dusty Jazz	STAGE7	84	SWING COMPAT	60	APPLIED	11	0	0	0	NO	0	0	0	0	0	0	a413d797
11	Hip-Hop	17	Dusty Jazz	STAGE7	84	SWING COMPAT	80	APPLIED	11	6	2	148	NO	0	0	4	2	0	0	aec1c561
11	Hip-Hop	17	Dusty Jazz	STAGE7	84	SWING COMPAT	100	APPLIED	11	6	2	148	NO	0	0	4	2	0	0	aec1c561
11	Hip-Hop	17	Dusty Jazz	STAGE7	84	LAID BACK	0	APPLIED	11	0	0	0	NO	0	0	0	0	0	0	a413d797
11	Hip-Hop	17	Dusty Jazz	STAGE7	84	LAID BACK	2	APPLIED	11	0	0	0	NO	0	0	0	0	0	0	a413d797
11	Hip-Hop	17	Dusty Jazz	STAGE7	84	LAID BACK	12	APPLIED	11	1	1	74	NO	0	1	0	0	0	0	46b27876
11	Hip-Hop	17	Dusty Jazz	STAGE7	84	LAID BACK	20	APPLIED	11	1	1	74	NO	0	1	0	0	0	0	46b27876
11	Hip-Hop	17	Dusty Jazz	STAGE7	84	LAID BACK	22	APPLIED	11	1	1	74	NO	0	1	0	0	0	0	46b27876
11	Hip-Hop	17	Dusty Jazz	STAGE7	84	LAID BACK	30	APPLIED	11	3	2	148	NO	0	1	0	2	0	0	c44ea07f
11	Hip-Hop	17	Dusty Jazz	STAGE7	84	LAID BACK	40	APPLIED	11	3	2	148	NO	0	1	0	2	0	0	c44ea07f
11	Hip-Hop	17	Dusty Jazz	STAGE7	84	LAID BACK	50	APPLIED	11	6	2	148	NO	0	1	3	2	0	0	6528ddd7
11	Hip-Hop	17	Dusty Jazz	STAGE7	84	LAID BACK	60	APPLIED	11	6	3	223	NO	0	1	3	2	0	0	351a6e88
11	Hip-Hop	17	Dusty Jazz	STAGE7	84	LAID BACK	80	APPLIED	11	8	4	297	NO	0	1	5	2	0	0	c1017b32
11	Hip-Hop	17	Dusty Jazz	STAGE7	84	LAID BACK	100	APPLIED	11	8	5	372	NO	0	1	5	2	0	0	1774c1bb
11	Hip-Hop	17	Dusty Jazz	STAGE7	84	PUSH/PULL	0	APPLIED	11	0	0	0	NO	0	0	0	0	0	0	a413d797
11	Hip-Hop	17	Dusty Jazz	STAGE7	84	PUSH/PULL	2	APPLIED	11	0	0	0	NO	0	0	0	0	0	0	a413d797
11	Hip-Hop	17	Dusty Jazz	STAGE7	84	PUSH/PULL	12	APPLIED	11	0	0	0	NO	0	0	0	0	0	0	a413d797
11	Hip-Hop	17	Dusty Jazz	STAGE7	84	PUSH/PULL	20	APPLIED	11	0	0	0	NO	0	0	0	0	0	0	a413d797
11	Hip-Hop	17	Dusty Jazz	STAGE7	84	PUSH/PULL	22	APPLIED	11	0	0	0	NO	0	0	0	0	0	0	a413d797
11	Hip-Hop	17	Dusty Jazz	STAGE7	84	PUSH/PULL	30	APPLIED	11	3	1	74	YES	2	1	0	0	0	0	9190200c
11	Hip-Hop	17	Dusty Jazz	STAGE7	84	PUSH/PULL	40	APPLIED	11	3	1	74	YES	2	1	0	0	0	0	9190200c
11	Hip-Hop	17	Dusty Jazz	STAGE7	84	PUSH/PULL	50	APPLIED	11	6	2	148	YES	2	1	3	0	0	0	94efeb80
11	Hip-Hop	17	Dusty Jazz	STAGE7	84	PUSH/PULL	60	APPLIED	11	8	3	223	YES	2	1	3	2	0	0	072ade4f
11	Hip-Hop	17	Dusty Jazz	STAGE7	84	PUSH/PULL	80	APPLIED	11	8	3	223	YES	2	1	3	2	0	0	072ade4f
11	Hip-Hop	17	Dusty Jazz	STAGE7	84	PUSH/PULL	100	APPLIED	11	10	4	297	YES	2	1	5	2	0	0	4eb8f9a7
11	Hip-Hop	17	Dusty Jazz	STAGE7	84	AUTO	0	APPLIED	11	0	0	0	NO	0	0	0	0	0	0	a413d797
11	Hip-Hop	17	Dusty Jazz	STAGE7	84	AUTO	2	APPLIED	11	0	0	0	NO	0	0	0	0	0	0	a413d797
11	Hip-Hop	17	Dusty Jazz	STAGE7	84	AUTO	12	APPLIED	11	0	0	0	NO	0	0	0	0	0	0	a413d797
11	Hip-Hop	17	Dusty Jazz	STAGE7	84	AUTO	20	APPLIED	11	0	0	0	NO	0	0	0	0	0	0	a413d797
11	Hip-Hop	17	Dusty Jazz	STAGE7	84	AUTO	22	APPLIED	11	0	0	0	NO	0	0	0	0	0	0	a413d797
11	Hip-Hop	17	Dusty Jazz	STAGE7	84	AUTO	30	APPLIED	11	0	0	0	NO	0	0	0	0	0	0	a413d797
11	Hip-Hop	17	Dusty Jazz	STAGE7	84	AUTO	40	APPLIED	11	0	0	0	NO	0	0	0	0	0	0	a413d797
11	Hip-Hop	17	Dusty Jazz	STAGE7	84	AUTO	50	APPLIED	11	0	0	0	NO	0	0	0	0	0	0	a413d797
11	Hip-Hop	17	Dusty Jazz	STAGE7	84	AUTO	60	APPLIED	11	0	0	0	NO	0	0	0	0	0	0	a413d797
11	Hip-Hop	17	Dusty Jazz	STAGE7	84	AUTO	80	APPLIED	11	6	2	148	NO	0	0	4	2	0	0	aec1c561
11	Hip-Hop	17	Dusty Jazz	STAGE7	84	AUTO	100	APPLIED	11	6	2	148	NO	0	0	4	2	0	0	aec1c561
12	Funk/Soul	0	BASE	STAGE7	102	STRAIGHT	0	APPLIED	29	0	0	0	NO	0	0	0	0	0	0	e51a7caf
12	Funk/Soul	0	BASE	STAGE7	102	STRAIGHT	2	APPLIED	29	0	0	0	NO	0	0	0	0	0	0	e51a7caf
12	Funk/Soul	0	BASE	STAGE7	102	STRAIGHT	12	APPLIED	29	0	0	0	NO	0	0	0	0	0	0	e51a7caf
12	Funk/Soul	0	BASE	STAGE7	102	STRAIGHT	20	APPLIED	29	0	0	0	NO	0	0	0	0	0	0	e51a7caf
12	Funk/Soul	0	BASE	STAGE7	102	STRAIGHT	22	APPLIED	29	0	0	0	NO	0	0	0	0	0	0	e51a7caf
12	Funk/Soul	0	BASE	STAGE7	102	STRAIGHT	30	APPLIED	29	0	0	0	NO	0	0	0	0	0	0	e51a7caf
12	Funk/Soul	0	BASE	STAGE7	102	STRAIGHT	40	APPLIED	29	0	0	0	NO	0	0	0	0	0	0	e51a7caf
12	Funk/Soul	0	BASE	STAGE7	102	STRAIGHT	50	APPLIED	29	0	0	0	NO	0	0	0	0	0	0	e51a7caf
12	Funk/Soul	0	BASE	STAGE7	102	STRAIGHT	60	APPLIED	29	0	0	0	NO	0	0	0	0	0	0	e51a7caf
12	Funk/Soul	0	BASE	STAGE7	102	STRAIGHT	80	APPLIED	29	0	0	0	NO	0	0	0	0	0	0	e51a7caf
12	Funk/Soul	0	BASE	STAGE7	102	STRAIGHT	100	APPLIED	29	0	0	0	NO	0	0	0	0	0	0	e51a7caf
12	Funk/Soul	0	BASE	STAGE7	102	SWING COMPAT	0	APPLIED	29	0	0	0	NO	0	0	0	0	0	0	e51a7caf
12	Funk/Soul	0	BASE	STAGE7	102	SWING COMPAT	2	APPLIED	29	0	0	0	NO	0	0	0	0	0	0	e51a7caf
12	Funk/Soul	0	BASE	STAGE7	102	SWING COMPAT	12	APPLIED	29	0	0	0	NO	0	0	0	0	0	0	e51a7caf
12	Funk/Soul	0	BASE	STAGE7	102	SWING COMPAT	20	APPLIED	29	0	0	0	NO	0	0	0	0	0	0	e51a7caf
12	Funk/Soul	0	BASE	STAGE7	102	SWING COMPAT	22	APPLIED	29	0	0	0	NO	0	0	0	0	0	0	e51a7caf
12	Funk/Soul	0	BASE	STAGE7	102	SWING COMPAT	30	APPLIED	29	0	0	0	NO	0	0	0	0	0	0	e51a7caf
12	Funk/Soul	0	BASE	STAGE7	102	SWING COMPAT	40	APPLIED	29	0	0	0	NO	0	0	0	0	0	0	e51a7caf
12	Funk/Soul	0	BASE	STAGE7	102	SWING COMPAT	50	APPLIED	29	0	0	0	NO	0	0	0	0	0	0	e51a7caf
12	Funk/Soul	0	BASE	STAGE7	102	SWING COMPAT	60	APPLIED	29	0	0	0	NO	0	0	0	0	0	0	e51a7caf
12	Funk/Soul	0	BASE	STAGE7	102	SWING COMPAT	80	APPLIED	29	4	2	122	NO	0	0	3	1	0	0	c3002fce
12	Funk/Soul	0	BASE	STAGE7	102	SWING COMPAT	100	APPLIED	29	4	2	122	NO	0	0	3	1	0	0	c3002fce
12	Funk/Soul	0	BASE	STAGE7	102	LAID BACK	0	APPLIED	29	0	0	0	NO	0	0	0	0	0	0	e51a7caf
12	Funk/Soul	0	BASE	STAGE7	102	LAID BACK	2	APPLIED	29	0	0	0	NO	0	0	0	0	0	0	e51a7caf
12	Funk/Soul	0	BASE	STAGE7	102	LAID BACK	12	APPLIED	29	2	1	61	NO	0	2	0	0	0	0	3a08025d
12	Funk/Soul	0	BASE	STAGE7	102	LAID BACK	20	APPLIED	29	2	1	61	NO	0	2	0	0	0	0	3a08025d
12	Funk/Soul	0	BASE	STAGE7	102	LAID BACK	22	APPLIED	29	2	1	61	NO	0	2	0	0	0	0	3a08025d
12	Funk/Soul	0	BASE	STAGE7	102	LAID BACK	30	APPLIED	29	4	2	122	NO	0	2	0	2	0	0	db3bbc81
12	Funk/Soul	0	BASE	STAGE7	102	LAID BACK	40	APPLIED	29	4	2	122	NO	0	2	0	2	0	0	db3bbc81
12	Funk/Soul	0	BASE	STAGE7	102	LAID BACK	50	APPLIED	29	5	3	183	NO	0	2	3	0	0	0	4ef58613
12	Funk/Soul	0	BASE	STAGE7	102	LAID BACK	60	APPLIED	29	7	4	245	NO	0	2	3	2	0	0	66f8a9ff
12	Funk/Soul	0	BASE	STAGE7	102	LAID BACK	80	APPLIED	29	9	5	306	NO	0	2	5	2	0	0	a5901904
12	Funk/Soul	0	BASE	STAGE7	102	LAID BACK	100	APPLIED	29	9	6	367	NO	0	2	5	2	0	0	ec0f7022
12	Funk/Soul	0	BASE	STAGE7	102	PUSH/PULL	0	APPLIED	29	0	0	0	NO	0	0	0	0	0	0	e51a7caf
12	Funk/Soul	0	BASE	STAGE7	102	PUSH/PULL	2	APPLIED	29	0	0	0	NO	0	0	0	0	0	0	e51a7caf
12	Funk/Soul	0	BASE	STAGE7	102	PUSH/PULL	12	APPLIED	29	0	0	0	NO	0	0	0	0	0	0	e51a7caf
12	Funk/Soul	0	BASE	STAGE7	102	PUSH/PULL	20	APPLIED	29	0	0	0	NO	0	0	0	0	0	0	e51a7caf
12	Funk/Soul	0	BASE	STAGE7	102	PUSH/PULL	22	APPLIED	29	0	0	0	NO	0	0	0	0	0	0	e51a7caf
12	Funk/Soul	0	BASE	STAGE7	102	PUSH/PULL	30	APPLIED	29	5	1	61	YES	3	2	0	0	0	0	a361c1d4
12	Funk/Soul	0	BASE	STAGE7	102	PUSH/PULL	40	APPLIED	29	5	1	61	YES	3	2	0	0	0	0	a361c1d4
12	Funk/Soul	0	BASE	STAGE7	102	PUSH/PULL	50	APPLIED	29	6	2	122	YES	2	2	2	0	0	0	072860c0
12	Funk/Soul	0	BASE	STAGE7	102	PUSH/PULL	60	APPLIED	29	8	3	183	YES	3	2	2	1	0	0	31df4418
12	Funk/Soul	0	BASE	STAGE7	102	PUSH/PULL	80	APPLIED	29	8	3	183	YES	3	2	2	1	0	0	31df4418
12	Funk/Soul	0	BASE	STAGE7	102	PUSH/PULL	100	APPLIED	29	11	4	245	YES	3	2	5	1	0	0	202dbfd0
12	Funk/Soul	0	BASE	STAGE7	102	AUTO	0	APPLIED	29	0	0	0	NO	0	0	0	0	0	0	e51a7caf
12	Funk/Soul	0	BASE	STAGE7	102	AUTO	2	APPLIED	29	0	0	0	NO	0	0	0	0	0	0	e51a7caf
12	Funk/Soul	0	BASE	STAGE7	102	AUTO	12	APPLIED	29	0	0	0	NO	0	0	0	0	0	0	e51a7caf
12	Funk/Soul	0	BASE	STAGE7	102	AUTO	20	APPLIED	29	0	0	0	NO	0	0	0	0	0	0	e51a7caf
12	Funk/Soul	0	BASE	STAGE7	102	AUTO	22	APPLIED	29	0	0	0	NO	0	0	0	0	0	0	e51a7caf
12	Funk/Soul	0	BASE	STAGE7	102	AUTO	30	APPLIED	29	0	0	0	NO	0	0	0	0	0	0	e51a7caf
12	Funk/Soul	0	BASE	STAGE7	102	AUTO	40	APPLIED	29	0	0	0	NO	0	0	0	0	0	0	e51a7caf
12	Funk/Soul	0	BASE	STAGE7	102	AUTO	50	APPLIED	29	0	0	0	NO	0	0	0	0	0	0	e51a7caf
12	Funk/Soul	0	BASE	STAGE7	102	AUTO	60	APPLIED	29	0	0	0	NO	0	0	0	0	0	0	e51a7caf
12	Funk/Soul	0	BASE	STAGE7	102	AUTO	80	APPLIED	29	4	2	122	NO	0	0	3	1	0	0	c3002fce
12	Funk/Soul	0	BASE	STAGE7	102	AUTO	100	APPLIED	29	4	2	122	NO	0	0	3	1	0	0	c3002fce
13	UK Garage	0	BASE	STAGE7	132	STRAIGHT	0	APPLIED	15	0	0	0	NO	0	0	0	0	0	0	05537a07
13	UK Garage	0	BASE	STAGE7	132	STRAIGHT	2	APPLIED	15	0	0	0	NO	0	0	0	0	0	0	05537a07
13	UK Garage	0	BASE	STAGE7	132	STRAIGHT	12	APPLIED	15	0	0	0	NO	0	0	0	0	0	0	05537a07
13	UK Garage	0	BASE	STAGE7	132	STRAIGHT	20	APPLIED	15	0	0	0	NO	0	0	0	0	0	0	05537a07
13	UK Garage	0	BASE	STAGE7	132	STRAIGHT	22	APPLIED	15	0	0	0	NO	0	0	0	0	0	0	05537a07
13	UK Garage	0	BASE	STAGE7	132	STRAIGHT	30	APPLIED	15	0	0	0	NO	0	0	0	0	0	0	05537a07
13	UK Garage	0	BASE	STAGE7	132	STRAIGHT	40	APPLIED	15	0	0	0	NO	0	0	0	0	0	0	05537a07
13	UK Garage	0	BASE	STAGE7	132	STRAIGHT	50	APPLIED	15	0	0	0	NO	0	0	0	0	0	0	05537a07
13	UK Garage	0	BASE	STAGE7	132	STRAIGHT	60	APPLIED	15	0	0	0	NO	0	0	0	0	0	0	05537a07
13	UK Garage	0	BASE	STAGE7	132	STRAIGHT	80	APPLIED	15	0	0	0	NO	0	0	0	0	0	0	05537a07
13	UK Garage	0	BASE	STAGE7	132	STRAIGHT	100	APPLIED	15	0	0	0	NO	0	0	0	0	0	0	05537a07
13	UK Garage	0	BASE	STAGE7	132	SWING COMPAT	0	APPLIED	15	0	0	0	NO	0	0	0	0	0	0	05537a07
13	UK Garage	0	BASE	STAGE7	132	SWING COMPAT	2	APPLIED	15	0	0	0	NO	0	0	0	0	0	0	05537a07
13	UK Garage	0	BASE	STAGE7	132	SWING COMPAT	12	APPLIED	15	0	0	0	NO	0	0	0	0	0	0	05537a07
13	UK Garage	0	BASE	STAGE7	132	SWING COMPAT	20	APPLIED	15	0	0	0	NO	0	0	0	0	0	0	05537a07
13	UK Garage	0	BASE	STAGE7	132	SWING COMPAT	22	APPLIED	15	0	0	0	NO	0	0	0	0	0	0	05537a07
13	UK Garage	0	BASE	STAGE7	132	SWING COMPAT	30	APPLIED	15	0	0	0	NO	0	0	0	0	0	0	05537a07
13	UK Garage	0	BASE	STAGE7	132	SWING COMPAT	40	APPLIED	15	0	0	0	NO	0	0	0	0	0	0	05537a07
13	UK Garage	0	BASE	STAGE7	132	SWING COMPAT	50	APPLIED	15	0	0	0	NO	0	0	0	0	0	0	05537a07
13	UK Garage	0	BASE	STAGE7	132	SWING COMPAT	60	APPLIED	15	3	2	94	NO	0	0	3	0	0	0	c12b1ae6
13	UK Garage	0	BASE	STAGE7	132	SWING COMPAT	80	APPLIED	15	5	2	94	NO	0	0	5	0	0	0	47c83420
13	UK Garage	0	BASE	STAGE7	132	SWING COMPAT	100	APPLIED	15	5	2	94	NO	0	0	5	0	0	0	47c83420
13	UK Garage	0	BASE	STAGE7	132	LAID BACK	0	APPLIED	15	0	0	0	NO	0	0	0	0	0	0	05537a07
13	UK Garage	0	BASE	STAGE7	132	LAID BACK	2	APPLIED	15	0	0	0	NO	0	0	0	0	0	0	05537a07
13	UK Garage	0	BASE	STAGE7	132	LAID BACK	12	APPLIED	15	2	1	47	NO	0	2	0	0	0	0	772a46e5
13	UK Garage	0	BASE	STAGE7	132	LAID BACK	20	APPLIED	15	2	1	47	NO	0	2	0	0	0	0	772a46e5
13	UK Garage	0	BASE	STAGE7	132	LAID BACK	22	APPLIED	15	2	1	47	NO	0	2	0	0	0	0	772a46e5
13	UK Garage	0	BASE	STAGE7	132	LAID BACK	30	APPLIED	15	6	2	94	NO	0	2	3	1	0	0	4d7cd5d3
13	UK Garage	0	BASE	STAGE7	132	LAID BACK	40	APPLIED	15	6	2	94	NO	0	2	3	1	0	0	4d7cd5d3
13	UK Garage	0	BASE	STAGE7	132	LAID BACK	50	APPLIED	15	6	3	142	NO	0	2	4	0	0	0	44761be6
13	UK Garage	0	BASE	STAGE7	132	LAID BACK	60	APPLIED	15	7	4	189	NO	0	2	4	1	0	0	c2b914e4
13	UK Garage	0	BASE	STAGE7	132	LAID BACK	80	APPLIED	15	11	5	236	NO	0	2	8	1	0	0	0eb05a20
13	UK Garage	0	BASE	STAGE7	132	LAID BACK	100	APPLIED	15	11	6	284	NO	0	2	8	1	0	0	9023c457
13	UK Garage	0	BASE	STAGE7	132	PUSH/PULL	0	APPLIED	15	0	0	0	NO	0	0	0	0	0	0	05537a07
13	UK Garage	0	BASE	STAGE7	132	PUSH/PULL	2	APPLIED	15	0	0	0	NO	0	0	0	0	0	0	05537a07
13	UK Garage	0	BASE	STAGE7	132	PUSH/PULL	12	APPLIED	15	0	0	0	NO	0	0	0	0	0	0	05537a07
13	UK Garage	0	BASE	STAGE7	132	PUSH/PULL	20	APPLIED	15	0	0	0	NO	0	0	0	0	0	0	05537a07
13	UK Garage	0	BASE	STAGE7	132	PUSH/PULL	22	APPLIED	15	0	0	0	NO	0	0	0	0	0	0	05537a07
13	UK Garage	0	BASE	STAGE7	132	PUSH/PULL	30	APPLIED	15	5	1	47	YES	3	2	0	0	0	0	766ae2f4
13	UK Garage	0	BASE	STAGE7	132	PUSH/PULL	40	APPLIED	15	5	1	47	YES	3	2	0	0	0	0	766ae2f4
13	UK Garage	0	BASE	STAGE7	132	PUSH/PULL	50	APPLIED	15	8	2	94	YES	3	1	4	0	0	0	e881248e
13	UK Garage	0	BASE	STAGE7	132	PUSH/PULL	60	APPLIED	15	10	3	142	YES	3	2	4	1	0	0	258c120f
13	UK Garage	0	BASE	STAGE7	132	PUSH/PULL	80	APPLIED	15	10	3	142	YES	3	2	4	1	0	0	258c120f
13	UK Garage	0	BASE	STAGE7	132	PUSH/PULL	100	APPLIED	15	14	4	189	YES	3	2	8	1	0	0	393d359c
13	UK Garage	0	BASE	STAGE7	132	AUTO	0	APPLIED	15	0	0	0	NO	0	0	0	0	0	0	05537a07
13	UK Garage	0	BASE	STAGE7	132	AUTO	2	APPLIED	15	0	0	0	NO	0	0	0	0	0	0	05537a07
13	UK Garage	0	BASE	STAGE7	132	AUTO	12	APPLIED	15	0	0	0	NO	0	0	0	0	0	0	05537a07
13	UK Garage	0	BASE	STAGE7	132	AUTO	20	APPLIED	15	0	0	0	NO	0	0	0	0	0	0	05537a07
13	UK Garage	0	BASE	STAGE7	132	AUTO	22	APPLIED	15	0	0	0	NO	0	0	0	0	0	0	05537a07
13	UK Garage	0	BASE	STAGE7	132	AUTO	30	APPLIED	15	0	0	0	NO	0	0	0	0	0	0	05537a07
13	UK Garage	0	BASE	STAGE7	132	AUTO	40	APPLIED	15	0	0	0	NO	0	0	0	0	0	0	05537a07
13	UK Garage	0	BASE	STAGE7	132	AUTO	50	APPLIED	15	0	0	0	NO	0	0	0	0	0	0	05537a07
13	UK Garage	0	BASE	STAGE7	132	AUTO	60	APPLIED	15	3	2	94	NO	0	0	3	0	0	0	c12b1ae6
13	UK Garage	0	BASE	STAGE7	132	AUTO	80	APPLIED	15	5	2	94	NO	0	0	5	0	0	0	47c83420
13	UK Garage	0	BASE	STAGE7	132	AUTO	100	APPLIED	15	5	2	94	NO	0	0	5	0	0	0	47c83420
14	Drum&Bass	0	BASE	STAGE7	174	STRAIGHT	0	APPLIED	15	0	0	0	NO	0	0	0	0	0	0	05537a07
14	Drum&Bass	0	BASE	STAGE7	174	STRAIGHT	2	APPLIED	15	0	0	0	NO	0	0	0	0	0	0	05537a07
14	Drum&Bass	0	BASE	STAGE7	174	STRAIGHT	12	APPLIED	15	0	0	0	NO	0	0	0	0	0	0	05537a07
14	Drum&Bass	0	BASE	STAGE7	174	STRAIGHT	20	APPLIED	15	0	0	0	NO	0	0	0	0	0	0	05537a07
14	Drum&Bass	0	BASE	STAGE7	174	STRAIGHT	22	APPLIED	15	0	0	0	NO	0	0	0	0	0	0	05537a07
14	Drum&Bass	0	BASE	STAGE7	174	STRAIGHT	30	APPLIED	15	0	0	0	NO	0	0	0	0	0	0	05537a07
14	Drum&Bass	0	BASE	STAGE7	174	STRAIGHT	40	APPLIED	15	0	0	0	NO	0	0	0	0	0	0	05537a07
14	Drum&Bass	0	BASE	STAGE7	174	STRAIGHT	50	APPLIED	15	0	0	0	NO	0	0	0	0	0	0	05537a07
14	Drum&Bass	0	BASE	STAGE7	174	STRAIGHT	60	APPLIED	15	0	0	0	NO	0	0	0	0	0	0	05537a07
14	Drum&Bass	0	BASE	STAGE7	174	STRAIGHT	80	APPLIED	15	0	0	0	NO	0	0	0	0	0	0	05537a07
14	Drum&Bass	0	BASE	STAGE7	174	STRAIGHT	100	APPLIED	15	0	0	0	NO	0	0	0	0	0	0	05537a07
14	Drum&Bass	0	BASE	STAGE7	174	SWING COMPAT	0	APPLIED	15	0	0	0	NO	0	0	0	0	0	0	05537a07
14	Drum&Bass	0	BASE	STAGE7	174	SWING COMPAT	2	APPLIED	15	0	0	0	NO	0	0	0	0	0	0	05537a07
14	Drum&Bass	0	BASE	STAGE7	174	SWING COMPAT	12	APPLIED	15	0	0	0	NO	0	0	0	0	0	0	05537a07
14	Drum&Bass	0	BASE	STAGE7	174	SWING COMPAT	20	APPLIED	15	0	0	0	NO	0	0	0	0	0	0	05537a07
14	Drum&Bass	0	BASE	STAGE7	174	SWING COMPAT	22	APPLIED	15	0	0	0	NO	0	0	0	0	0	0	05537a07
14	Drum&Bass	0	BASE	STAGE7	174	SWING COMPAT	30	APPLIED	15	0	0	0	NO	0	0	0	0	0	0	05537a07
14	Drum&Bass	0	BASE	STAGE7	174	SWING COMPAT	40	APPLIED	15	0	0	0	NO	0	0	0	0	0	0	05537a07
14	Drum&Bass	0	BASE	STAGE7	174	SWING COMPAT	50	APPLIED	15	0	0	0	NO	0	0	0	0	0	0	05537a07
14	Drum&Bass	0	BASE	STAGE7	174	SWING COMPAT	60	APPLIED	15	0	0	0	NO	0	0	0	0	0	0	05537a07
14	Drum&Bass	0	BASE	STAGE7	174	SWING COMPAT	80	APPLIED	15	5	2	71	NO	0	0	3	2	0	0	55d0a665
14	Drum&Bass	0	BASE	STAGE7	174	SWING COMPAT	100	APPLIED	15	5	2	71	NO	0	0	3	2	0	0	55d0a665
14	Drum&Bass	0	BASE	STAGE7	174	LAID BACK	0	APPLIED	15	0	0	0	NO	0	0	0	0	0	0	05537a07
14	Drum&Bass	0	BASE	STAGE7	174	LAID BACK	2	APPLIED	15	0	0	0	NO	0	0	0	0	0	0	05537a07
14	Drum&Bass	0	BASE	STAGE7	174	LAID BACK	12	APPLIED	15	2	1	35	NO	0	2	0	0	0	0	772a46e5
14	Drum&Bass	0	BASE	STAGE7	174	LAID BACK	20	APPLIED	15	2	1	35	NO	0	2	0	0	0	0	772a46e5
14	Drum&Bass	0	BASE	STAGE7	174	LAID BACK	22	APPLIED	15	2	1	35	NO	0	2	0	0	0	0	772a46e5
14	Drum&Bass	0	BASE	STAGE7	174	LAID BACK	30	APPLIED	15	6	2	71	NO	0	2	0	4	0	0	4d7cd5d3
14	Drum&Bass	0	BASE	STAGE7	174	LAID BACK	40	APPLIED	15	6	2	71	NO	0	2	0	4	0	0	4d7cd5d3
14	Drum&Bass	0	BASE	STAGE7	174	LAID BACK	50	APPLIED	15	8	3	107	NO	0	2	3	3	0	0	662d31db
14	Drum&Bass	0	BASE	STAGE7	174	LAID BACK	60	APPLIED	15	9	4	143	NO	0	2	3	4	0	0	cd23e247
14	Drum&Bass	0	BASE	STAGE7	174	LAID BACK	80	APPLIED	15	11	5	179	NO	0	2	5	4	0	0	6a82423a
14	Drum&Bass	0	BASE	STAGE7	174	LAID BACK	100	APPLIED	15	11	6	215	NO	0	2	5	4	0	0	31571570
14	Drum&Bass	0	BASE	STAGE7	174	PUSH/PULL	0	APPLIED	15	0	0	0	NO	0	0	0	0	0	0	05537a07
14	Drum&Bass	0	BASE	STAGE7	174	PUSH/PULL	2	APPLIED	15	0	0	0	NO	0	0	0	0	0	0	05537a07
14	Drum&Bass	0	BASE	STAGE7	174	PUSH/PULL	12	APPLIED	15	0	0	0	NO	0	0	0	0	0	0	05537a07
14	Drum&Bass	0	BASE	STAGE7	174	PUSH/PULL	20	APPLIED	15	0	0	0	NO	0	0	0	0	0	0	05537a07
14	Drum&Bass	0	BASE	STAGE7	174	PUSH/PULL	22	APPLIED	15	0	0	0	NO	0	0	0	0	0	0	05537a07
14	Drum&Bass	0	BASE	STAGE7	174	PUSH/PULL	30	APPLIED	15	5	1	35	YES	3	2	0	0	0	0	766ae2f4
14	Drum&Bass	0	BASE	STAGE7	174	PUSH/PULL	40	APPLIED	15	5	1	35	YES	3	2	0	0	0	0	766ae2f4
14	Drum&Bass	0	BASE	STAGE7	174	PUSH/PULL	50	APPLIED	15	6	2	71	YES	2	1	3	0	0	0	c20da2a1
14	Drum&Bass	0	BASE	STAGE7	174	PUSH/PULL	60	APPLIED	15	12	3	107	YES	3	2	3	4	0	0	5cdbf2bc
14	Drum&Bass	0	BASE	STAGE7	174	PUSH/PULL	80	APPLIED	15	12	3	107	YES	3	2	3	4	0	0	5cdbf2bc
14	Drum&Bass	0	BASE	STAGE7	174	PUSH/PULL	100	APPLIED	15	14	4	143	YES	3	2	5	4	0	0	19c14ba2
14	Drum&Bass	0	BASE	STAGE7	174	AUTO	0	APPLIED	15	0	0	0	NO	0	0	0	0	0	0	05537a07
14	Drum&Bass	0	BASE	STAGE7	174	AUTO	2	APPLIED	15	0	0	0	NO	0	0	0	0	0	0	05537a07
14	Drum&Bass	0	BASE	STAGE7	174	AUTO	12	APPLIED	15	0	0	0	NO	0	0	0	0	0	0	05537a07
14	Drum&Bass	0	BASE	STAGE7	174	AUTO	20	APPLIED	15	0	0	0	NO	0	0	0	0	0	0	05537a07
14	Drum&Bass	0	BASE	STAGE7	174	AUTO	22	APPLIED	15	0	0	0	NO	0	0	0	0	0	0	05537a07
14	Drum&Bass	0	BASE	STAGE7	174	AUTO	30	APPLIED	15	0	0	0	NO	0	0	0	0	0	0	05537a07
14	Drum&Bass	0	BASE	STAGE7	174	AUTO	40	APPLIED	15	0	0	0	NO	0	0	0	0	0	0	05537a07
14	Drum&Bass	0	BASE	STAGE7	174	AUTO	50	APPLIED	15	0	0	0	NO	0	0	0	0	0	0	05537a07
14	Drum&Bass	0	BASE	STAGE7	174	AUTO	60	APPLIED	15	0	0	0	NO	0	0	0	0	0	0	05537a07
14	Drum&Bass	0	BASE	STAGE7	174	AUTO	80	APPLIED	15	0	0	0	NO	0	0	0	0	0	0	05537a07
14	Drum&Bass	0	BASE	STAGE7	174	AUTO	100	APPLIED	15	0	0	0	NO	0	0	0	0	0	0	05537a07
15	Lo-Fi	0	BASE	STAGE7	72	STRAIGHT	0	APPLIED	26	0	0	0	NO	0	0	0	0	0	0	537319ad
15	Lo-Fi	0	BASE	STAGE7	72	STRAIGHT	2	APPLIED	26	0	0	0	NO	0	0	0	0	0	0	537319ad
15	Lo-Fi	0	BASE	STAGE7	72	STRAIGHT	12	APPLIED	26	0	0	0	NO	0	0	0	0	0	0	537319ad
15	Lo-Fi	0	BASE	STAGE7	72	STRAIGHT	20	APPLIED	26	0	0	0	NO	0	0	0	0	0	0	537319ad
15	Lo-Fi	0	BASE	STAGE7	72	STRAIGHT	22	APPLIED	26	0	0	0	NO	0	0	0	0	0	0	537319ad
15	Lo-Fi	0	BASE	STAGE7	72	STRAIGHT	30	APPLIED	26	0	0	0	NO	0	0	0	0	0	0	537319ad
15	Lo-Fi	0	BASE	STAGE7	72	STRAIGHT	40	APPLIED	26	0	0	0	NO	0	0	0	0	0	0	537319ad
15	Lo-Fi	0	BASE	STAGE7	72	STRAIGHT	50	APPLIED	26	0	0	0	NO	0	0	0	0	0	0	537319ad
15	Lo-Fi	0	BASE	STAGE7	72	STRAIGHT	60	APPLIED	26	0	0	0	NO	0	0	0	0	0	0	537319ad
15	Lo-Fi	0	BASE	STAGE7	72	STRAIGHT	80	APPLIED	26	0	0	0	NO	0	0	0	0	0	0	537319ad
15	Lo-Fi	0	BASE	STAGE7	72	STRAIGHT	100	APPLIED	26	0	0	0	NO	0	0	0	0	0	0	537319ad
15	Lo-Fi	0	BASE	STAGE7	72	SWING COMPAT	0	APPLIED	26	0	0	0	NO	0	0	0	0	0	0	537319ad
15	Lo-Fi	0	BASE	STAGE7	72	SWING COMPAT	2	APPLIED	26	0	0	0	NO	0	0	0	0	0	0	537319ad
15	Lo-Fi	0	BASE	STAGE7	72	SWING COMPAT	12	APPLIED	26	0	0	0	NO	0	0	0	0	0	0	537319ad
15	Lo-Fi	0	BASE	STAGE7	72	SWING COMPAT	20	APPLIED	26	0	0	0	NO	0	0	0	0	0	0	537319ad
15	Lo-Fi	0	BASE	STAGE7	72	SWING COMPAT	22	APPLIED	26	0	0	0	NO	0	0	0	0	0	0	537319ad
15	Lo-Fi	0	BASE	STAGE7	72	SWING COMPAT	30	APPLIED	26	0	0	0	NO	0	0	0	0	0	0	537319ad
15	Lo-Fi	0	BASE	STAGE7	72	SWING COMPAT	40	APPLIED	26	0	0	0	NO	0	0	0	0	0	0	537319ad
15	Lo-Fi	0	BASE	STAGE7	72	SWING COMPAT	50	APPLIED	26	0	0	0	NO	0	0	0	0	0	0	537319ad
15	Lo-Fi	0	BASE	STAGE7	72	SWING COMPAT	60	APPLIED	26	0	0	0	NO	0	0	0	0	0	0	537319ad
15	Lo-Fi	0	BASE	STAGE7	72	SWING COMPAT	80	APPLIED	26	5	2	173	NO	0	0	4	1	0	0	548673d2
15	Lo-Fi	0	BASE	STAGE7	72	SWING COMPAT	100	APPLIED	26	5	2	173	NO	0	0	4	1	0	0	548673d2
15	Lo-Fi	0	BASE	STAGE7	72	LAID BACK	0	APPLIED	26	0	0	0	NO	0	0	0	0	0	0	537319ad
15	Lo-Fi	0	BASE	STAGE7	72	LAID BACK	2	APPLIED	26	0	0	0	NO	0	0	0	0	0	0	537319ad
15	Lo-Fi	0	BASE	STAGE7	72	LAID BACK	12	APPLIED	26	1	1	86	NO	0	1	0	0	0	0	a75607f2
15	Lo-Fi	0	BASE	STAGE7	72	LAID BACK	20	APPLIED	26	1	1	86	NO	0	1	0	0	0	0	a75607f2
15	Lo-Fi	0	BASE	STAGE7	72	LAID BACK	22	APPLIED	26	1	1	86	NO	0	1	0	0	0	0	a75607f2
15	Lo-Fi	0	BASE	STAGE7	72	LAID BACK	30	APPLIED	26	3	2	173	NO	0	1	0	2	0	0	82866c25
15	Lo-Fi	0	BASE	STAGE7	72	LAID BACK	40	APPLIED	26	3	2	173	NO	0	1	0	2	0	0	82866c25
15	Lo-Fi	0	BASE	STAGE7	72	LAID BACK	50	APPLIED	26	5	2	173	NO	0	1	2	2	0	0	98ebc6ed
15	Lo-Fi	0	BASE	STAGE7	72	LAID BACK	60	APPLIED	26	5	3	260	NO	0	1	2	2	0	0	8437b67e
15	Lo-Fi	0	BASE	STAGE7	72	LAID BACK	80	APPLIED	26	8	4	347	NO	0	1	5	2	0	0	23a574e8
15	Lo-Fi	0	BASE	STAGE7	72	LAID BACK	100	APPLIED	26	8	5	434	NO	0	1	5	2	0	0	1f26db8b
15	Lo-Fi	0	BASE	STAGE7	72	PUSH/PULL	0	APPLIED	26	0	0	0	NO	0	0	0	0	0	0	537319ad
15	Lo-Fi	0	BASE	STAGE7	72	PUSH/PULL	2	APPLIED	26	0	0	0	NO	0	0	0	0	0	0	537319ad
15	Lo-Fi	0	BASE	STAGE7	72	PUSH/PULL	12	APPLIED	26	0	0	0	NO	0	0	0	0	0	0	537319ad
15	Lo-Fi	0	BASE	STAGE7	72	PUSH/PULL	20	APPLIED	26	0	0	0	NO	0	0	0	0	0	0	537319ad
15	Lo-Fi	0	BASE	STAGE7	72	PUSH/PULL	22	APPLIED	26	0	0	0	NO	0	0	0	0	0	0	537319ad
15	Lo-Fi	0	BASE	STAGE7	72	PUSH/PULL	30	APPLIED	26	3	1	86	YES	2	1	0	0	0	0	01b8f044
15	Lo-Fi	0	BASE	STAGE7	72	PUSH/PULL	40	APPLIED	26	3	1	86	YES	2	1	0	0	0	0	01b8f044
15	Lo-Fi	0	BASE	STAGE7	72	PUSH/PULL	50	APPLIED	26	5	2	173	NO	0	1	4	0	0	0	82276b0f
15	Lo-Fi	0	BASE	STAGE7	72	PUSH/PULL	60	APPLIED	26	9	2	173	YES	2	1	4	2	0	0	a0301ffa
15	Lo-Fi	0	BASE	STAGE7	72	PUSH/PULL	80	APPLIED	26	9	2	173	YES	2	1	4	2	0	0	a0301ffa
15	Lo-Fi	0	BASE	STAGE7	72	PUSH/PULL	100	APPLIED	26	10	3	260	YES	2	1	5	2	0	0	42ad1c40
15	Lo-Fi	0	BASE	STAGE7	72	AUTO	0	APPLIED	26	0	0	0	NO	0	0	0	0	0	0	537319ad
15	Lo-Fi	0	BASE	STAGE7	72	AUTO	2	APPLIED	26	0	0	0	NO	0	0	0	0	0	0	537319ad
15	Lo-Fi	0	BASE	STAGE7	72	AUTO	12	APPLIED	26	0	0	0	NO	0	0	0	0	0	0	537319ad
15	Lo-Fi	0	BASE	STAGE7	72	AUTO	20	APPLIED	26	0	0	0	NO	0	0	0	0	0	0	537319ad
15	Lo-Fi	0	BASE	STAGE7	72	AUTO	22	APPLIED	26	0	0	0	NO	0	0	0	0	0	0	537319ad
15	Lo-Fi	0	BASE	STAGE7	72	AUTO	30	APPLIED	26	0	0	0	NO	0	0	0	0	0	0	537319ad
15	Lo-Fi	0	BASE	STAGE7	72	AUTO	40	APPLIED	26	0	0	0	NO	0	0	0	0	0	0	537319ad
15	Lo-Fi	0	BASE	STAGE7	72	AUTO	50	APPLIED	26	0	0	0	NO	0	0	0	0	0	0	537319ad
15	Lo-Fi	0	BASE	STAGE7	72	AUTO	60	APPLIED	26	0	0	0	NO	0	0	0	0	0	0	537319ad
15	Lo-Fi	0	BASE	STAGE7	72	AUTO	80	APPLIED	26	5	2	173	NO	0	0	4	1	0	0	548673d2
15	Lo-Fi	0	BASE	STAGE7	72	AUTO	100	APPLIED	26	5	2	173	NO	0	0	4	1	0	0	548673d2
15	Lo-Fi	12	Classic Chill	STAGE7	72	STRAIGHT	0	APPLIED	25	0	0	0	NO	0	0	0	0	0	0	8fee7fbf
15	Lo-Fi	12	Classic Chill	STAGE7	72	STRAIGHT	2	APPLIED	25	0	0	0	NO	0	0	0	0	0	0	8fee7fbf
15	Lo-Fi	12	Classic Chill	STAGE7	72	STRAIGHT	12	APPLIED	25	0	0	0	NO	0	0	0	0	0	0	8fee7fbf
15	Lo-Fi	12	Classic Chill	STAGE7	72	STRAIGHT	20	APPLIED	25	0	0	0	NO	0	0	0	0	0	0	8fee7fbf
15	Lo-Fi	12	Classic Chill	STAGE7	72	STRAIGHT	22	APPLIED	25	0	0	0	NO	0	0	0	0	0	0	8fee7fbf
15	Lo-Fi	12	Classic Chill	STAGE7	72	STRAIGHT	30	APPLIED	25	0	0	0	NO	0	0	0	0	0	0	8fee7fbf
15	Lo-Fi	12	Classic Chill	STAGE7	72	STRAIGHT	40	APPLIED	25	0	0	0	NO	0	0	0	0	0	0	8fee7fbf
15	Lo-Fi	12	Classic Chill	STAGE7	72	STRAIGHT	50	APPLIED	25	0	0	0	NO	0	0	0	0	0	0	8fee7fbf
15	Lo-Fi	12	Classic Chill	STAGE7	72	STRAIGHT	60	APPLIED	25	0	0	0	NO	0	0	0	0	0	0	8fee7fbf
15	Lo-Fi	12	Classic Chill	STAGE7	72	STRAIGHT	80	APPLIED	25	0	0	0	NO	0	0	0	0	0	0	8fee7fbf
15	Lo-Fi	12	Classic Chill	STAGE7	72	STRAIGHT	100	APPLIED	25	0	0	0	NO	0	0	0	0	0	0	8fee7fbf
15	Lo-Fi	12	Classic Chill	STAGE7	72	SWING COMPAT	0	APPLIED	25	0	0	0	NO	0	0	0	0	0	0	8fee7fbf
15	Lo-Fi	12	Classic Chill	STAGE7	72	SWING COMPAT	2	APPLIED	25	0	0	0	NO	0	0	0	0	0	0	8fee7fbf
15	Lo-Fi	12	Classic Chill	STAGE7	72	SWING COMPAT	12	APPLIED	25	0	0	0	NO	0	0	0	0	0	0	8fee7fbf
15	Lo-Fi	12	Classic Chill	STAGE7	72	SWING COMPAT	20	APPLIED	25	0	0	0	NO	0	0	0	0	0	0	8fee7fbf
15	Lo-Fi	12	Classic Chill	STAGE7	72	SWING COMPAT	22	APPLIED	25	0	0	0	NO	0	0	0	0	0	0	8fee7fbf
15	Lo-Fi	12	Classic Chill	STAGE7	72	SWING COMPAT	30	APPLIED	25	0	0	0	NO	0	0	0	0	0	0	8fee7fbf
15	Lo-Fi	12	Classic Chill	STAGE7	72	SWING COMPAT	40	APPLIED	25	0	0	0	NO	0	0	0	0	0	0	8fee7fbf
15	Lo-Fi	12	Classic Chill	STAGE7	72	SWING COMPAT	50	APPLIED	25	0	0	0	NO	0	0	0	0	0	0	8fee7fbf
15	Lo-Fi	12	Classic Chill	STAGE7	72	SWING COMPAT	60	APPLIED	25	0	0	0	NO	0	0	0	0	0	0	8fee7fbf
15	Lo-Fi	12	Classic Chill	STAGE7	72	SWING COMPAT	80	APPLIED	25	3	2	173	NO	0	0	2	1	0	0	71f42e91
15	Lo-Fi	12	Classic Chill	STAGE7	72	SWING COMPAT	100	APPLIED	25	3	2	173	NO	0	0	2	1	0	0	71f42e91
15	Lo-Fi	12	Classic Chill	STAGE7	72	LAID BACK	0	APPLIED	25	0	0	0	NO	0	0	0	0	0	0	8fee7fbf
15	Lo-Fi	12	Classic Chill	STAGE7	72	LAID BACK	2	APPLIED	25	0	0	0	NO	0	0	0	0	0	0	8fee7fbf
15	Lo-Fi	12	Classic Chill	STAGE7	72	LAID BACK	12	APPLIED	25	2	1	86	NO	0	2	0	0	0	0	1de65609
15	Lo-Fi	12	Classic Chill	STAGE7	72	LAID BACK	20	APPLIED	25	2	1	86	NO	0	2	0	0	0	0	1de65609
15	Lo-Fi	12	Classic Chill	STAGE7	72	LAID BACK	22	APPLIED	25	2	1	86	NO	0	2	0	0	0	0	1de65609
15	Lo-Fi	12	Classic Chill	STAGE7	72	LAID BACK	30	APPLIED	25	4	2	173	NO	0	2	0	2	0	0	2e3ea835
15	Lo-Fi	12	Classic Chill	STAGE7	72	LAID BACK	40	APPLIED	25	4	2	173	NO	0	2	0	2	0	0	2e3ea835
15	Lo-Fi	12	Classic Chill	STAGE7	72	LAID BACK	50	APPLIED	25	7	3	260	NO	0	2	3	2	0	0	e6647685
15	Lo-Fi	12	Classic Chill	STAGE7	72	LAID BACK	60	APPLIED	25	7	4	347	NO	0	2	3	2	0	0	caa14ebb
15	Lo-Fi	12	Classic Chill	STAGE7	72	LAID BACK	80	APPLIED	25	7	5	434	NO	0	2	3	2	0	0	b6573d48
15	Lo-Fi	12	Classic Chill	STAGE7	72	LAID BACK	100	APPLIED	25	7	6	520	NO	0	2	3	2	0	0	726a51e4
15	Lo-Fi	12	Classic Chill	STAGE7	72	PUSH/PULL	0	APPLIED	25	0	0	0	NO	0	0	0	0	0	0	8fee7fbf
15	Lo-Fi	12	Classic Chill	STAGE7	72	PUSH/PULL	2	APPLIED	25	0	0	0	NO	0	0	0	0	0	0	8fee7fbf
15	Lo-Fi	12	Classic Chill	STAGE7	72	PUSH/PULL	12	APPLIED	25	0	0	0	NO	0	0	0	0	0	0	8fee7fbf
15	Lo-Fi	12	Classic Chill	STAGE7	72	PUSH/PULL	20	APPLIED	25	0	0	0	NO	0	0	0	0	0	0	8fee7fbf
15	Lo-Fi	12	Classic Chill	STAGE7	72	PUSH/PULL	22	APPLIED	25	0	0	0	NO	0	0	0	0	0	0	8fee7fbf
15	Lo-Fi	12	Classic Chill	STAGE7	72	PUSH/PULL	30	APPLIED	25	4	1	86	YES	2	2	0	0	0	0	a976c7af
15	Lo-Fi	12	Classic Chill	STAGE7	72	PUSH/PULL	40	APPLIED	25	4	1	86	YES	2	2	0	0	0	0	a976c7af
15	Lo-Fi	12	Classic Chill	STAGE7	72	PUSH/PULL	50	APPLIED	25	5	2	173	YES	2	1	2	0	0	0	49221325
15	Lo-Fi	12	Classic Chill	STAGE7	72	PUSH/PULL	60	APPLIED	25	8	2	173	YES	2	2	2	2	0	0	1559aed5
15	Lo-Fi	12	Classic Chill	STAGE7	72	PUSH/PULL	80	APPLIED	25	8	2	173	YES	2	2	2	2	0	0	1559aed5
15	Lo-Fi	12	Classic Chill	STAGE7	72	PUSH/PULL	100	APPLIED	25	9	3	260	YES	2	2	3	2	0	0	3df9968c
15	Lo-Fi	12	Classic Chill	STAGE7	72	AUTO	0	APPLIED	25	0	0	0	NO	0	0	0	0	0	0	8fee7fbf
15	Lo-Fi	12	Classic Chill	STAGE7	72	AUTO	2	APPLIED	25	0	0	0	NO	0	0	0	0	0	0	8fee7fbf
15	Lo-Fi	12	Classic Chill	STAGE7	72	AUTO	12	APPLIED	25	2	1	86	NO	0	2	0	0	0	0	1de65609
15	Lo-Fi	12	Classic Chill	STAGE7	72	AUTO	20	APPLIED	25	2	1	86	NO	0	2	0	0	0	0	1de65609
15	Lo-Fi	12	Classic Chill	STAGE7	72	AUTO	22	APPLIED	25	2	1	86	NO	0	2	0	0	0	0	1de65609
15	Lo-Fi	12	Classic Chill	STAGE7	72	AUTO	30	APPLIED	25	4	2	173	NO	0	2	0	2	0	0	2e3ea835
15	Lo-Fi	12	Classic Chill	STAGE7	72	AUTO	40	APPLIED	25	4	2	173	NO	0	2	0	2	0	0	2e3ea835
15	Lo-Fi	12	Classic Chill	STAGE7	72	AUTO	50	APPLIED	25	7	3	260	NO	0	2	3	2	0	0	e6647685
15	Lo-Fi	12	Classic Chill	STAGE7	72	AUTO	60	APPLIED	25	7	4	347	NO	0	2	3	2	0	0	caa14ebb
15	Lo-Fi	12	Classic Chill	STAGE7	72	AUTO	80	APPLIED	25	7	5	434	NO	0	2	3	2	0	0	b6573d48
15	Lo-Fi	12	Classic Chill	STAGE7	72	AUTO	100	APPLIED	25	7	6	520	NO	0	2	3	2	0	0	726a51e4
15	Lo-Fi	13	Drunken Groove	STAGE7	82	STRAIGHT	0	APPLIED	28	0	0	0	NO	0	0	0	0	0	0	f5cbf9f5
15	Lo-Fi	13	Drunken Groove	STAGE7	82	STRAIGHT	2	APPLIED	28	0	0	0	NO	0	0	0	0	0	0	f5cbf9f5
15	Lo-Fi	13	Drunken Groove	STAGE7	82	STRAIGHT	12	APPLIED	28	0	0	0	NO	0	0	0	0	0	0	f5cbf9f5
15	Lo-Fi	13	Drunken Groove	STAGE7	82	STRAIGHT	20	APPLIED	28	0	0	0	NO	0	0	0	0	0	0	f5cbf9f5
15	Lo-Fi	13	Drunken Groove	STAGE7	82	STRAIGHT	22	APPLIED	28	0	0	0	NO	0	0	0	0	0	0	f5cbf9f5
15	Lo-Fi	13	Drunken Groove	STAGE7	82	STRAIGHT	30	APPLIED	28	0	0	0	NO	0	0	0	0	0	0	f5cbf9f5
15	Lo-Fi	13	Drunken Groove	STAGE7	82	STRAIGHT	40	APPLIED	28	0	0	0	NO	0	0	0	0	0	0	f5cbf9f5
15	Lo-Fi	13	Drunken Groove	STAGE7	82	STRAIGHT	50	APPLIED	28	0	0	0	NO	0	0	0	0	0	0	f5cbf9f5
15	Lo-Fi	13	Drunken Groove	STAGE7	82	STRAIGHT	60	APPLIED	28	0	0	0	NO	0	0	0	0	0	0	f5cbf9f5
15	Lo-Fi	13	Drunken Groove	STAGE7	82	STRAIGHT	80	APPLIED	28	0	0	0	NO	0	0	0	0	0	0	f5cbf9f5
15	Lo-Fi	13	Drunken Groove	STAGE7	82	STRAIGHT	100	APPLIED	28	0	0	0	NO	0	0	0	0	0	0	f5cbf9f5
15	Lo-Fi	13	Drunken Groove	STAGE7	82	SWING COMPAT	0	APPLIED	28	0	0	0	NO	0	0	0	0	0	0	f5cbf9f5
15	Lo-Fi	13	Drunken Groove	STAGE7	82	SWING COMPAT	2	APPLIED	28	0	0	0	NO	0	0	0	0	0	0	f5cbf9f5
15	Lo-Fi	13	Drunken Groove	STAGE7	82	SWING COMPAT	12	APPLIED	28	0	0	0	NO	0	0	0	0	0	0	f5cbf9f5
15	Lo-Fi	13	Drunken Groove	STAGE7	82	SWING COMPAT	20	APPLIED	28	0	0	0	NO	0	0	0	0	0	0	f5cbf9f5
15	Lo-Fi	13	Drunken Groove	STAGE7	82	SWING COMPAT	22	APPLIED	28	0	0	0	NO	0	0	0	0	0	0	f5cbf9f5
15	Lo-Fi	13	Drunken Groove	STAGE7	82	SWING COMPAT	30	APPLIED	28	0	0	0	NO	0	0	0	0	0	0	f5cbf9f5
15	Lo-Fi	13	Drunken Groove	STAGE7	82	SWING COMPAT	40	APPLIED	28	0	0	0	NO	0	0	0	0	0	0	f5cbf9f5
15	Lo-Fi	13	Drunken Groove	STAGE7	82	SWING COMPAT	50	APPLIED	28	0	0	0	NO	0	0	0	0	0	0	f5cbf9f5
15	Lo-Fi	13	Drunken Groove	STAGE7	82	SWING COMPAT	60	APPLIED	28	0	0	0	NO	0	0	0	0	0	0	f5cbf9f5
15	Lo-Fi	13	Drunken Groove	STAGE7	82	SWING COMPAT	80	APPLIED	28	3	1	76	NO	0	0	3	0	0	0	4bbbf0d4
15	Lo-Fi	13	Drunken Groove	STAGE7	82	SWING COMPAT	100	APPLIED	28	3	1	76	NO	0	0	3	0	0	0	4bbbf0d4
15	Lo-Fi	13	Drunken Groove	STAGE7	82	LAID BACK	0	APPLIED	28	0	0	0	NO	0	0	0	0	0	0	f5cbf9f5
15	Lo-Fi	13	Drunken Groove	STAGE7	82	LAID BACK	2	APPLIED	28	0	0	0	NO	0	0	0	0	0	0	f5cbf9f5
15	Lo-Fi	13	Drunken Groove	STAGE7	82	LAID BACK	12	APPLIED	28	2	1	76	NO	0	2	0	0	0	0	bcf25073
15	Lo-Fi	13	Drunken Groove	STAGE7	82	LAID BACK	20	APPLIED	28	2	1	76	NO	0	2	0	0	0	0	bcf25073
15	Lo-Fi	13	Drunken Groove	STAGE7	82	LAID BACK	22	APPLIED	28	2	1	76	NO	0	2	0	0	0	0	bcf25073
15	Lo-Fi	13	Drunken Groove	STAGE7	82	LAID BACK	30	APPLIED	28	4	2	152	NO	0	2	0	2	0	0	3e587bfb
15	Lo-Fi	13	Drunken Groove	STAGE7	82	LAID BACK	40	APPLIED	28	4	2	152	NO	0	2	0	2	0	0	3e587bfb
15	Lo-Fi	13	Drunken Groove	STAGE7	82	LAID BACK	50	APPLIED	28	6	2	152	NO	0	2	3	1	0	0	4d881821
15	Lo-Fi	13	Drunken Groove	STAGE7	82	LAID BACK	60	APPLIED	28	7	3	228	NO	0	2	3	2	0	0	57aee3f9
15	Lo-Fi	13	Drunken Groove	STAGE7	82	LAID BACK	80	APPLIED	28	8	4	304	NO	0	2	4	2	0	0	be249905
15	Lo-Fi	13	Drunken Groove	STAGE7	82	LAID BACK	100	APPLIED	28	8	5	381	NO	0	2	4	2	0	0	bfcbde9b
15	Lo-Fi	13	Drunken Groove	STAGE7	82	PUSH/PULL	0	APPLIED	28	0	0	0	NO	0	0	0	0	0	0	f5cbf9f5
15	Lo-Fi	13	Drunken Groove	STAGE7	82	PUSH/PULL	2	APPLIED	28	0	0	0	NO	0	0	0	0	0	0	f5cbf9f5
15	Lo-Fi	13	Drunken Groove	STAGE7	82	PUSH/PULL	12	APPLIED	28	0	0	0	NO	0	0	0	0	0	0	f5cbf9f5
15	Lo-Fi	13	Drunken Groove	STAGE7	82	PUSH/PULL	20	APPLIED	28	0	0	0	NO	0	0	0	0	0	0	f5cbf9f5
15	Lo-Fi	13	Drunken Groove	STAGE7	82	PUSH/PULL	22	APPLIED	28	0	0	0	NO	0	0	0	0	0	0	f5cbf9f5
15	Lo-Fi	13	Drunken Groove	STAGE7	82	PUSH/PULL	30	APPLIED	28	6	1	76	YES	4	2	0	0	0	0	7dd47c67
15	Lo-Fi	13	Drunken Groove	STAGE7	82	PUSH/PULL	40	APPLIED	28	6	1	76	YES	4	2	0	0	0	0	7dd47c67
15	Lo-Fi	13	Drunken Groove	STAGE7	82	PUSH/PULL	50	APPLIED	28	4	2	152	YES	2	1	1	0	0	0	1dc1aae3
15	Lo-Fi	13	Drunken Groove	STAGE7	82	PUSH/PULL	60	APPLIED	28	7	3	228	YES	4	2	1	0	0	0	f99bc557
15	Lo-Fi	13	Drunken Groove	STAGE7	82	PUSH/PULL	80	APPLIED	28	7	3	228	YES	4	2	1	0	0	0	f99bc557
15	Lo-Fi	13	Drunken Groove	STAGE7	82	PUSH/PULL	100	APPLIED	28	10	4	304	YES	4	2	4	0	0	0	6fe897d5
15	Lo-Fi	13	Drunken Groove	STAGE7	82	AUTO	0	APPLIED	28	0	0	0	NO	0	0	0	0	0	0	f5cbf9f5
15	Lo-Fi	13	Drunken Groove	STAGE7	82	AUTO	2	APPLIED	28	0	0	0	NO	0	0	0	0	0	0	f5cbf9f5
15	Lo-Fi	13	Drunken Groove	STAGE7	82	AUTO	12	APPLIED	28	0	0	0	NO	0	0	0	0	0	0	f5cbf9f5
15	Lo-Fi	13	Drunken Groove	STAGE7	82	AUTO	20	APPLIED	28	0	0	0	NO	0	0	0	0	0	0	f5cbf9f5
15	Lo-Fi	13	Drunken Groove	STAGE7	82	AUTO	22	APPLIED	28	0	0	0	NO	0	0	0	0	0	0	f5cbf9f5
15	Lo-Fi	13	Drunken Groove	STAGE7	82	AUTO	30	APPLIED	28	6	1	76	YES	4	2	0	0	0	0	7dd47c67
15	Lo-Fi	13	Drunken Groove	STAGE7	82	AUTO	40	APPLIED	28	6	1	76	YES	4	2	0	0	0	0	7dd47c67
15	Lo-Fi	13	Drunken Groove	STAGE7	82	AUTO	50	APPLIED	28	4	2	152	YES	2	1	1	0	0	0	1dc1aae3
15	Lo-Fi	13	Drunken Groove	STAGE7	82	AUTO	60	APPLIED	28	7	3	228	YES	4	2	1	0	0	0	f99bc557
15	Lo-Fi	13	Drunken Groove	STAGE7	82	AUTO	80	APPLIED	28	7	3	228	YES	4	2	1	0	0	0	f99bc557
15	Lo-Fi	13	Drunken Groove	STAGE7	82	AUTO	100	APPLIED	28	10	4	304	YES	4	2	4	0	0	0	6fe897d5
15	Lo-Fi	14	Lo-Fi House	STAGE7	106	STRAIGHT	0	APPLIED	19	0	0	0	NO	0	0	0	0	0	0	0ec6d377
15	Lo-Fi	14	Lo-Fi House	STAGE7	106	STRAIGHT	2	APPLIED	19	0	0	0	NO	0	0	0	0	0	0	0ec6d377
15	Lo-Fi	14	Lo-Fi House	STAGE7	106	STRAIGHT	12	APPLIED	19	0	0	0	NO	0	0	0	0	0	0	0ec6d377
15	Lo-Fi	14	Lo-Fi House	STAGE7	106	STRAIGHT	20	APPLIED	19	0	0	0	NO	0	0	0	0	0	0	0ec6d377
15	Lo-Fi	14	Lo-Fi House	STAGE7	106	STRAIGHT	22	APPLIED	19	0	0	0	NO	0	0	0	0	0	0	0ec6d377
15	Lo-Fi	14	Lo-Fi House	STAGE7	106	STRAIGHT	30	APPLIED	19	0	0	0	NO	0	0	0	0	0	0	0ec6d377
15	Lo-Fi	14	Lo-Fi House	STAGE7	106	STRAIGHT	40	APPLIED	19	0	0	0	NO	0	0	0	0	0	0	0ec6d377
15	Lo-Fi	14	Lo-Fi House	STAGE7	106	STRAIGHT	50	APPLIED	19	0	0	0	NO	0	0	0	0	0	0	0ec6d377
15	Lo-Fi	14	Lo-Fi House	STAGE7	106	STRAIGHT	60	APPLIED	19	0	0	0	NO	0	0	0	0	0	0	0ec6d377
15	Lo-Fi	14	Lo-Fi House	STAGE7	106	STRAIGHT	80	APPLIED	19	0	0	0	NO	0	0	0	0	0	0	0ec6d377
15	Lo-Fi	14	Lo-Fi House	STAGE7	106	STRAIGHT	100	APPLIED	19	0	0	0	NO	0	0	0	0	0	0	0ec6d377
15	Lo-Fi	14	Lo-Fi House	STAGE7	106	SWING COMPAT	0	APPLIED	19	0	0	0	NO	0	0	0	0	0	0	0ec6d377
15	Lo-Fi	14	Lo-Fi House	STAGE7	106	SWING COMPAT	2	APPLIED	19	0	0	0	NO	0	0	0	0	0	0	0ec6d377
15	Lo-Fi	14	Lo-Fi House	STAGE7	106	SWING COMPAT	12	APPLIED	19	0	0	0	NO	0	0	0	0	0	0	0ec6d377
15	Lo-Fi	14	Lo-Fi House	STAGE7	106	SWING COMPAT	20	APPLIED	19	0	0	0	NO	0	0	0	0	0	0	0ec6d377
15	Lo-Fi	14	Lo-Fi House	STAGE7	106	SWING COMPAT	22	APPLIED	19	0	0	0	NO	0	0	0	0	0	0	0ec6d377
15	Lo-Fi	14	Lo-Fi House	STAGE7	106	SWING COMPAT	30	APPLIED	19	0	0	0	NO	0	0	0	0	0	0	0ec6d377
15	Lo-Fi	14	Lo-Fi House	STAGE7	106	SWING COMPAT	40	APPLIED	19	0	0	0	NO	0	0	0	0	0	0	0ec6d377
15	Lo-Fi	14	Lo-Fi House	STAGE7	106	SWING COMPAT	50	APPLIED	19	0	0	0	NO	0	0	0	0	0	0	0ec6d377
15	Lo-Fi	14	Lo-Fi House	STAGE7	106	SWING COMPAT	60	APPLIED	19	0	0	0	NO	0	0	0	0	0	0	0ec6d377
15	Lo-Fi	14	Lo-Fi House	STAGE7	106	SWING COMPAT	80	APPLIED	19	4	2	117	NO	0	0	4	0	0	0	154d5d8b
15	Lo-Fi	14	Lo-Fi House	STAGE7	106	SWING COMPAT	100	APPLIED	19	4	2	117	NO	0	0	4	0	0	0	154d5d8b
15	Lo-Fi	14	Lo-Fi House	STAGE7	106	LAID BACK	0	APPLIED	19	0	0	0	NO	0	0	0	0	0	0	0ec6d377
15	Lo-Fi	14	Lo-Fi House	STAGE7	106	LAID BACK	2	APPLIED	19	0	0	0	NO	0	0	0	0	0	0	0ec6d377
15	Lo-Fi	14	Lo-Fi House	STAGE7	106	LAID BACK	12	APPLIED	19	2	1	58	NO	0	2	0	0	0	0	109d1035
15	Lo-Fi	14	Lo-Fi House	STAGE7	106	LAID BACK	20	APPLIED	19	2	1	58	NO	0	2	0	0	0	0	109d1035
15	Lo-Fi	14	Lo-Fi House	STAGE7	106	LAID BACK	22	APPLIED	19	2	1	58	NO	0	2	0	0	0	0	109d1035
15	Lo-Fi	14	Lo-Fi House	STAGE7	106	LAID BACK	30	APPLIED	19	5	2	117	NO	0	2	0	0	0	3	593742be
15	Lo-Fi	14	Lo-Fi House	STAGE7	106	LAID BACK	40	APPLIED	19	5	2	117	NO	0	2	0	0	0	3	593742be
15	Lo-Fi	14	Lo-Fi House	STAGE7	106	LAID BACK	50	APPLIED	19	12	3	176	NO	0	2	3	0	4	3	953e80b1
15	Lo-Fi	14	Lo-Fi House	STAGE7	106	LAID BACK	60	APPLIED	19	12	4	235	NO	0	2	3	0	4	3	7ea622d0
15	Lo-Fi	14	Lo-Fi House	STAGE7	106	LAID BACK	80	APPLIED	19	14	5	294	NO	0	2	5	0	4	3	c7493f81
15	Lo-Fi	14	Lo-Fi House	STAGE7	106	LAID BACK	100	APPLIED	19	15	6	353	NO	0	2	5	0	5	3	8155101b
15	Lo-Fi	14	Lo-Fi House	STAGE7	106	PUSH/PULL	0	APPLIED	19	0	0	0	NO	0	0	0	0	0	0	0ec6d377
15	Lo-Fi	14	Lo-Fi House	STAGE7	106	PUSH/PULL	2	APPLIED	19	0	0	0	NO	0	0	0	0	0	0	0ec6d377
15	Lo-Fi	14	Lo-Fi House	STAGE7	106	PUSH/PULL	12	APPLIED	19	0	0	0	NO	0	0	0	0	0	0	0ec6d377
15	Lo-Fi	14	Lo-Fi House	STAGE7	106	PUSH/PULL	20	APPLIED	19	0	0	0	NO	0	0	0	0	0	0	0ec6d377
15	Lo-Fi	14	Lo-Fi House	STAGE7	106	PUSH/PULL	22	APPLIED	19	0	0	0	NO	0	0	0	0	0	0	0ec6d377
15	Lo-Fi	14	Lo-Fi House	STAGE7	106	PUSH/PULL	30	APPLIED	19	5	1	58	YES	3	2	0	0	0	0	6ce31e34
15	Lo-Fi	14	Lo-Fi House	STAGE7	106	PUSH/PULL	40	APPLIED	19	5	1	58	YES	3	2	0	0	0	0	6ce31e34
15	Lo-Fi	14	Lo-Fi House	STAGE7	106	PUSH/PULL	50	APPLIED	19	7	2	117	YES	1	2	2	0	0	2	60433b50
15	Lo-Fi	14	Lo-Fi House	STAGE7	106	PUSH/PULL	60	APPLIED	19	12	3	176	YES	3	2	2	0	3	2	3de4c6f6
15	Lo-Fi	14	Lo-Fi House	STAGE7	106	PUSH/PULL	80	APPLIED	19	12	3	176	YES	3	2	2	0	3	2	3de4c6f6
15	Lo-Fi	14	Lo-Fi House	STAGE7	106	PUSH/PULL	100	APPLIED	19	15	4	235	YES	3	2	5	0	3	2	03744ad0
15	Lo-Fi	14	Lo-Fi House	STAGE7	106	AUTO	0	APPLIED	19	0	0	0	NO	0	0	0	0	0	0	0ec6d377
15	Lo-Fi	14	Lo-Fi House	STAGE7	106	AUTO	2	APPLIED	19	0	0	0	NO	0	0	0	0	0	0	0ec6d377
15	Lo-Fi	14	Lo-Fi House	STAGE7	106	AUTO	12	APPLIED	19	2	1	58	NO	0	2	0	0	0	0	109d1035
15	Lo-Fi	14	Lo-Fi House	STAGE7	106	AUTO	20	APPLIED	19	2	1	58	NO	0	2	0	0	0	0	109d1035
15	Lo-Fi	14	Lo-Fi House	STAGE7	106	AUTO	22	APPLIED	19	2	1	58	NO	0	2	0	0	0	0	109d1035
15	Lo-Fi	14	Lo-Fi House	STAGE7	106	AUTO	30	APPLIED	19	5	2	117	NO	0	2	0	0	0	3	593742be
15	Lo-Fi	14	Lo-Fi House	STAGE7	106	AUTO	40	APPLIED	19	5	2	117	NO	0	2	0	0	0	3	593742be
15	Lo-Fi	14	Lo-Fi House	STAGE7	106	AUTO	50	APPLIED	19	12	3	176	NO	0	2	3	0	4	3	953e80b1
15	Lo-Fi	14	Lo-Fi House	STAGE7	106	AUTO	60	APPLIED	19	12	4	235	NO	0	2	3	0	4	3	7ea622d0
15	Lo-Fi	14	Lo-Fi House	STAGE7	106	AUTO	80	APPLIED	19	14	5	294	NO	0	2	5	0	4	3	c7493f81
15	Lo-Fi	14	Lo-Fi House	STAGE7	106	AUTO	100	APPLIED	19	15	6	353	NO	0	2	5	0	5	3	8155101b
15	Lo-Fi	15	Minimal Sleep	STAGE7	54	STRAIGHT	0	APPLIED	29	0	0	0	NO	0	0	0	0	0	0	e51a7caf
15	Lo-Fi	15	Minimal Sleep	STAGE7	54	STRAIGHT	2	APPLIED	29	0	0	0	NO	0	0	0	0	0	0	e51a7caf
15	Lo-Fi	15	Minimal Sleep	STAGE7	54	STRAIGHT	12	APPLIED	29	0	0	0	NO	0	0	0	0	0	0	e51a7caf
15	Lo-Fi	15	Minimal Sleep	STAGE7	54	STRAIGHT	20	APPLIED	29	0	0	0	NO	0	0	0	0	0	0	e51a7caf
15	Lo-Fi	15	Minimal Sleep	STAGE7	54	STRAIGHT	22	APPLIED	29	0	0	0	NO	0	0	0	0	0	0	e51a7caf
15	Lo-Fi	15	Minimal Sleep	STAGE7	54	STRAIGHT	30	APPLIED	29	0	0	0	NO	0	0	0	0	0	0	e51a7caf
15	Lo-Fi	15	Minimal Sleep	STAGE7	54	STRAIGHT	40	APPLIED	29	0	0	0	NO	0	0	0	0	0	0	e51a7caf
15	Lo-Fi	15	Minimal Sleep	STAGE7	54	STRAIGHT	50	APPLIED	29	0	0	0	NO	0	0	0	0	0	0	e51a7caf
15	Lo-Fi	15	Minimal Sleep	STAGE7	54	STRAIGHT	60	APPLIED	29	0	0	0	NO	0	0	0	0	0	0	e51a7caf
15	Lo-Fi	15	Minimal Sleep	STAGE7	54	STRAIGHT	80	APPLIED	29	0	0	0	NO	0	0	0	0	0	0	e51a7caf
15	Lo-Fi	15	Minimal Sleep	STAGE7	54	STRAIGHT	100	APPLIED	29	0	0	0	NO	0	0	0	0	0	0	e51a7caf
15	Lo-Fi	15	Minimal Sleep	STAGE7	54	SWING COMPAT	0	APPLIED	29	0	0	0	NO	0	0	0	0	0	0	e51a7caf
15	Lo-Fi	15	Minimal Sleep	STAGE7	54	SWING COMPAT	2	APPLIED	29	0	0	0	NO	0	0	0	0	0	0	e51a7caf
15	Lo-Fi	15	Minimal Sleep	STAGE7	54	SWING COMPAT	12	APPLIED	29	0	0	0	NO	0	0	0	0	0	0	e51a7caf
15	Lo-Fi	15	Minimal Sleep	STAGE7	54	SWING COMPAT	20	APPLIED	29	0	0	0	NO	0	0	0	0	0	0	e51a7caf
15	Lo-Fi	15	Minimal Sleep	STAGE7	54	SWING COMPAT	22	APPLIED	29	0	0	0	NO	0	0	0	0	0	0	e51a7caf
15	Lo-Fi	15	Minimal Sleep	STAGE7	54	SWING COMPAT	30	APPLIED	29	0	0	0	NO	0	0	0	0	0	0	e51a7caf
15	Lo-Fi	15	Minimal Sleep	STAGE7	54	SWING COMPAT	40	APPLIED	29	0	0	0	NO	0	0	0	0	0	0	e51a7caf
15	Lo-Fi	15	Minimal Sleep	STAGE7	54	SWING COMPAT	50	APPLIED	29	0	0	0	NO	0	0	0	0	0	0	e51a7caf
15	Lo-Fi	15	Minimal Sleep	STAGE7	54	SWING COMPAT	60	APPLIED	29	0	0	0	NO	0	0	0	0	0	0	e51a7caf
15	Lo-Fi	15	Minimal Sleep	STAGE7	54	SWING COMPAT	80	APPLIED	29	5	2	231	NO	0	0	3	2	0	0	e711c0ff
15	Lo-Fi	15	Minimal Sleep	STAGE7	54	SWING COMPAT	100	APPLIED	29	5	2	231	NO	0	0	3	2	0	0	e711c0ff
15	Lo-Fi	15	Minimal Sleep	STAGE7	54	LAID BACK	0	APPLIED	29	0	0	0	NO	0	0	0	0	0	0	e51a7caf
15	Lo-Fi	15	Minimal Sleep	STAGE7	54	LAID BACK	2	APPLIED	29	0	0	0	NO	0	0	0	0	0	0	e51a7caf
15	Lo-Fi	15	Minimal Sleep	STAGE7	54	LAID BACK	12	APPLIED	29	1	1	115	NO	0	1	0	0	0	0	ed2e89e6
15	Lo-Fi	15	Minimal Sleep	STAGE7	54	LAID BACK	20	APPLIED	29	1	1	115	NO	0	1	0	0	0	0	ed2e89e6
15	Lo-Fi	15	Minimal Sleep	STAGE7	54	LAID BACK	22	APPLIED	29	1	1	115	NO	0	1	0	0	0	0	ed2e89e6
15	Lo-Fi	15	Minimal Sleep	STAGE7	54	LAID BACK	30	APPLIED	29	4	2	231	NO	0	1	0	2	0	1	ad2f8184
15	Lo-Fi	15	Minimal Sleep	STAGE7	54	LAID BACK	40	APPLIED	29	4	2	231	NO	0	1	0	2	0	1	ad2f8184
15	Lo-Fi	15	Minimal Sleep	STAGE7	54	LAID BACK	50	APPLIED	29	5	3	347	NO	0	1	2	0	1	1	bdc69d44
15	Lo-Fi	15	Minimal Sleep	STAGE7	54	LAID BACK	60	APPLIED	29	7	4	462	NO	0	1	2	2	1	1	907408cd
15	Lo-Fi	15	Minimal Sleep	STAGE7	54	LAID BACK	80	APPLIED	29	10	5	578	NO	0	1	5	2	1	1	2ab32bf6
15	Lo-Fi	15	Minimal Sleep	STAGE7	54	LAID BACK	100	APPLIED	29	11	6	694	NO	0	1	5	2	2	1	115eddf0
15	Lo-Fi	15	Minimal Sleep	STAGE7	54	PUSH/PULL	0	APPLIED	29	0	0	0	NO	0	0	0	0	0	0	e51a7caf
15	Lo-Fi	15	Minimal Sleep	STAGE7	54	PUSH/PULL	2	APPLIED	29	0	0	0	NO	0	0	0	0	0	0	e51a7caf
15	Lo-Fi	15	Minimal Sleep	STAGE7	54	PUSH/PULL	12	APPLIED	29	0	0	0	NO	0	0	0	0	0	0	e51a7caf
15	Lo-Fi	15	Minimal Sleep	STAGE7	54	PUSH/PULL	20	APPLIED	29	0	0	0	NO	0	0	0	0	0	0	e51a7caf
15	Lo-Fi	15	Minimal Sleep	STAGE7	54	PUSH/PULL	22	APPLIED	29	0	0	0	NO	0	0	0	0	0	0	e51a7caf
15	Lo-Fi	15	Minimal Sleep	STAGE7	54	PUSH/PULL	30	APPLIED	29	3	1	115	YES	2	1	0	0	0	0	2645efec
15	Lo-Fi	15	Minimal Sleep	STAGE7	54	PUSH/PULL	40	APPLIED	29	3	1	115	YES	2	1	0	0	0	0	2645efec
15	Lo-Fi	15	Minimal Sleep	STAGE7	54	PUSH/PULL	50	APPLIED	29	7	2	231	YES	1	1	4	0	0	1	08d7536e
15	Lo-Fi	15	Minimal Sleep	STAGE7	54	PUSH/PULL	60	APPLIED	29	10	3	347	YES	2	1	4	2	0	1	4b91e76b
15	Lo-Fi	15	Minimal Sleep	STAGE7	54	PUSH/PULL	80	APPLIED	29	10	3	347	YES	2	1	4	2	0	1	4b91e76b
15	Lo-Fi	15	Minimal Sleep	STAGE7	54	PUSH/PULL	100	APPLIED	29	11	4	462	YES	2	1	5	2	0	1	7419f1f4
15	Lo-Fi	15	Minimal Sleep	STAGE7	54	AUTO	0	APPLIED	29	0	0	0	NO	0	0	0	0	0	0	e51a7caf
15	Lo-Fi	15	Minimal Sleep	STAGE7	54	AUTO	2	APPLIED	29	0	0	0	NO	0	0	0	0	0	0	e51a7caf
15	Lo-Fi	15	Minimal Sleep	STAGE7	54	AUTO	12	APPLIED	29	0	0	0	NO	0	0	0	0	0	0	e51a7caf
15	Lo-Fi	15	Minimal Sleep	STAGE7	54	AUTO	20	APPLIED	29	0	0	0	NO	0	0	0	0	0	0	e51a7caf
15	Lo-Fi	15	Minimal Sleep	STAGE7	54	AUTO	22	APPLIED	29	0	0	0	NO	0	0	0	0	0	0	e51a7caf
15	Lo-Fi	15	Minimal Sleep	STAGE7	54	AUTO	30	APPLIED	29	3	1	115	YES	2	1	0	0	0	0	2645efec
15	Lo-Fi	15	Minimal Sleep	STAGE7	54	AUTO	40	APPLIED	29	3	1	115	YES	2	1	0	0	0	0	2645efec
15	Lo-Fi	15	Minimal Sleep	STAGE7	54	AUTO	50	APPLIED	29	7	2	231	YES	1	1	4	0	0	1	08d7536e
15	Lo-Fi	15	Minimal Sleep	STAGE7	54	AUTO	60	APPLIED	29	10	3	347	YES	2	1	4	2	0	1	4b91e76b
15	Lo-Fi	15	Minimal Sleep	STAGE7	54	AUTO	80	APPLIED	29	10	3	347	YES	2	1	4	2	0	1	4b91e76b
15	Lo-Fi	15	Minimal Sleep	STAGE7	54	AUTO	100	APPLIED	29	11	4	462	YES	2	1	5	2	0	1	7419f1f4
