row_index	genre_id	genre_key	genre_display	recipe_id	recipe_name	is_base	rhythms	feels	bass	chord	progressions	melodic	motifs	phrases	bpm_min	bpm_max	bpm_suggested	grid_steps	density_min	density_max	secondary_role	strong_rhythm_route	bass_allowed_contours_mask	bass_allowed_contours	bass_preferred_contours_mask	bass_preferred_contours	bass_allowed_articulations_mask	bass_allowed_articulations	bass_preferred_articulations_mask	bass_preferred_articulations	melodic_allowed_rhythm_ops_mask	melodic_allowed_rhythm_ops	melodic_preferred_rhythm_ops_mask	melodic_preferred_rhythm_ops	melodic_allowed_contours_mask	melodic_allowed_contours	melodic_preferred_contours_mask	melodic_preferred_contours	melodic_allowed_motif_ops_mask	melodic_allowed_motif_ops	melodic_preferred_motif_ops_mask	melodic_preferred_motif_ops	bass_register_min	bass_register_max	bass_register_max_leap	secondary_register_min	secondary_register_max	secondary_register_max_leap	legacy_params	legacy_drum_source	legacy_drum_template	legacy_behavior	legacy_timbre	atlas_backed	atlas_recipe_id	atlas_display_name	atlas_bpm	atlas_swing_percent	atlas_variation_count	exact_base	tonal_source	composition_support	composition_weighted	composition_support_fingerprint	composition_weighted_fingerprint	corridor_payload	corridor_fingerprint	role_fingerprint	tonal_payload	tonal_payload_fingerprint	rhythm_payload_fingerprint	canonical_drum_payload	canonical_drum_fingerprint	legacy_params_fingerprint	legacy_drum_fingerprint	legacy_behavior_fingerprint	legacy_timbre_fingerprint	atlas_metadata_payload	atlas_metadata_fingerprint	atlas_corridor_relation	primary_static_fingerprint	full_trace_fingerprint	classification_vs_base	changed_domains_vs_base	legacy_trace_changes_vs_base	runtime_trace_changes_vs_base	single_option_axes
0	0	Acid	Acid	0	BASE	1	405:straight_acid@120;406:rolling_acid@110;407:syncopated_acid@100;408:sparse_acid@90	0:STRAIGHT@120;3:PUSH/PULL@45	2:KICK LOCK@70;5:OFFBEAT PUSH@90;7:ROLLING DRIVE@110;9:SYNCOPATED HOOK@75	3:HALF BAR CHANGE@75;4:OFFBEAT STAB@110;6:ANTICIPATED CHANGE@85;9:SYNCOPATED COMP@70	1:STATIC MODAL@190;2:PEDAL DRONE@35	3:TWO-NOTE HOOK@80;4:PICKUP PHRASE@85;8:SYNCOPATED MOTIF@110;10:REPEATED CELL@100	1:SOURCE ORDER@70;2:TWO-NOTE CELL@110;3:MIRROR@65;5:PIVOT@90	2:LOOP/2bar@55;20:REPEAT/REPLY/4bar@100;36:DEVELOP/RETURN/4bar@120	118	150	132	16	6	14	Melodic	AcidBase	0x01f6	ROOT ANCHOR;ROOT/FIFTH;NEIGHBOR RETURN;STEP APPROACH;LEAP RETURN;ROOT/FIFTH/NEIGHBOR;PEDAL TURN	0x00f0	NEIGHBOR RETURN;STEP APPROACH;LEAP RETURN;ROOT/FIFTH/NEIGHBOR	0x0002	PLAIN	0x0000	NONE	0x0002	PRESERVE	0x0000	NONE	0x0382	STATIC;NEIGHBOR;REPEAT THEN UP;REPEAT THEN DOWN	0x0082	STATIC;NEIGHBOR	0x0002	NONE	0x0000	NONE	24	47	23	48	71	16	minNotes=8|maxNotes=14|minOctave=36|maxOctave=72|slide=0.400000|accent=0.500000|gate=0.800000|swing=0.000000|microTiming=0.100000|velocityMin=85|velocityMax=120|preferDownbeats=0|allowRepeats=1|rootBias=0.250000|ghost=0.100000|chromatic=0.150000|sparseKick=0|sparseHats=0|noAccents=0|fill=0.600000|drumSyncopation=0.200000|drumPreferOffbeat=0|drumVoiceCount=8	BASE_MODE_TEMPLATE	kickMask=0x8888|snareMask=0x0808|hatMask=0xffff|openHatMask=0x2222|kickGhost=0.150000|snareGhost=0.100000|hatVariation=0.350000|kickVelocity=116|snareVelocity=109|hatVelocity=96|useRim=1|useClap=1	stepMask=0xffff|motifLength=4|preferredScale=1|useMotif=1|allowChromatic=1|forceOctaveJump=1|avoidClusters=0	osc=0.000000|cutoff=0.550000|resonance=0.350000|envAmount=0.850000|envDecay=0.350000	0	NONE	NONE	0	0	0	0a2a6211ef00dcf2214dfd4704b6c34b424b1c9d	kAcidProfile	rhythms=405,406,407,408|feels=0,3|bass=2,5,7,9|chord=3,4,6,9|progressions=1,2|melodic=3,4,8,10|motifs=1,2,3,5|phrases=2,20,36	rhythms=405@120,406@110,407@100,408@90|feels=0@120,3@45|bass=2@70,5@90,7@110,9@75|chord=3@75,4@110,6@85,9@70|progressions=1@190,2@35|melodic=3@80,4@85,8@110,10@100|motifs=1@70,2@110,3@65,5@90|phrases=2@55,20@100,36@120	b63a4b55b6358cdc9b26090fd0add4f87e480c992b88ea73c591370d1cbe1b62	25305a082f22b8340e6504791e0faee0049d338afe93da0eb6950dd43a56bc6d	bpm=118:132:150|grid=16|density=6:14	fa910fe1455351778a38363a9f6fc2967393cdfd494817c4179ea7e624a6b590	9f3c0de140688689933e6406b2fdec1bc35a0cc468c4a1f70bea761ad40cdbf0	bass_allowed_contours_mask=0x01f6|bass_preferred_contours_mask=0x00f0|bass_allowed_articulations_mask=0x0002|bass_preferred_articulations_mask=0x0000|melodic_allowed_rhythm_ops_mask=0x0002|melodic_preferred_rhythm_ops_mask=0x0000|melodic_allowed_contours_mask=0x0382|melodic_preferred_contours_mask=0x0082|melodic_allowed_motif_ops_mask=0x0002|melodic_preferred_motif_ops_mask=0x0000|bass_register_min=24|bass_register_max=47|bass_register_max_leap=23|secondary_register_min=48|secondary_register_max=71|secondary_register_max_leap=16	bb3bca5533d5ac6507a15b510c185fc9bb9ae2dfb20d95ce9c5860b9d78c2fd8	3f8fa002b9840f6544a436269f30e5ee738d64a955f2d0486436560016a839d8	rhythms=120@8472e7ee9e0758787d6f9d1c7d968dbc09a3dfa939353a6809c6e89b21f428a9|110@d066bb41ef7e41bf04bc9bbb4532c8002c7f43d54418583754fcc3c0bdb78977|100@cddc2d02365582405e368741d611c25d960a1e1d8e05059afa6bb2e3f99c928d|90@056302ee081226bdb7b6b966f8a13a032bd9030d864a7da793dea2e893fd6259	3d34efe31805abbd37b5011c4b5e5d68439c9c72cd2befd88588b9bc7722ec31	bdceec7b3b8799964b223ca511fd6ba9ff04625d759b34d61ae74dfeecb92f68	b4a46a38eb254a38b185925a7a0762077267b7eb51b7b389d88e1f11ba6eddab	ea2d5a3b69e28b3eda5d4561f1418c4723fe8d6279df60b59c23787dccb86c03	9f6c7eb54772be251ad319687b068d3a577eea3de78927c01be79a37ba3d65e1	backed=0|recipe=NONE|display=NONE|bpm=0|swing=0|variations=0	9e4a5a9f8b4359a1b43f86367ad5c05e1a41e02c5d380972712b52d1bd0fdebd	NOT_ATLAS_BACKED	55898004bfe8847d0583b5524fda77479e170c33c2c91ad988d5b50a3d4c2d0c	f02351eb96c656f032954f22af3dd68ee14ba9f1f1045f1b044f53bc8e4d22bd	BASE	NONE	NONE	NONE	tonal.bass_articulation=PLAIN;tonal.melodic_rhythm_operation=PRESERVE;tonal.melodic_motif_operation=NONE
1	0	Acid	Acid	6	Chicago Jack	0	405:straight_acid@120;408:sparse_acid@100	0:STRAIGHT@120;3:PUSH/PULL@45	2:KICK LOCK@70;5:OFFBEAT PUSH@90;7:ROLLING DRIVE@110;9:SYNCOPATED HOOK@75	3:HALF BAR CHANGE@75;4:OFFBEAT STAB@110;6:ANTICIPATED CHANGE@85;9:SYNCOPATED COMP@70	1:STATIC MODAL@190;2:PEDAL DRONE@35	3:TWO-NOTE HOOK@80;4:PICKUP PHRASE@85;8:SYNCOPATED MOTIF@110;10:REPEATED CELL@100	1:SOURCE ORDER@70;2:TWO-NOTE CELL@110;3:MIRROR@65;5:PIVOT@90	1:LOOP/1bar@65;2:LOOP/2bar@110;20:REPEAT/REPLY/4bar@70	118	132	124	16	6	13	Melodic	ChicagoJack	0x01f6	ROOT ANCHOR;ROOT/FIFTH;NEIGHBOR RETURN;STEP APPROACH;LEAP RETURN;ROOT/FIFTH/NEIGHBOR;PEDAL TURN	0x00f0	NEIGHBOR RETURN;STEP APPROACH;LEAP RETURN;ROOT/FIFTH/NEIGHBOR	0x0002	PLAIN	0x0000	NONE	0x0002	PRESERVE	0x0000	NONE	0x0382	STATIC;NEIGHBOR;REPEAT THEN UP;REPEAT THEN DOWN	0x0082	STATIC;NEIGHBOR	0x0002	NONE	0x0000	NONE	24	47	23	48	71	16	minNotes=8|maxNotes=13|minOctave=36|maxOctave=72|slide=0.400000|accent=0.500000|gate=0.800000|swing=0.020000|microTiming=0.040000|velocityMin=76|velocityMax=122|preferDownbeats=0|allowRepeats=1|rootBias=0.580000|ghost=0.040000|chromatic=0.080000|sparseKick=0|sparseHats=0|noAccents=0|fill=0.350000|drumSyncopation=0.200000|drumPreferOffbeat=0|drumVoiceCount=8	RECIPE_OVERRIDE	kickMask=0x8888|snareMask=0x0808|hatMask=0x2222|openHatMask=0x0202|kickGhost=0.040000|snareGhost=0.040000|hatVariation=0.180000|kickVelocity=122|snareVelocity=102|hatVelocity=82|useRim=0|useClap=1	stepMask=0xffff|motifLength=4|preferredScale=1|useMotif=1|allowChromatic=1|forceOctaveJump=0|avoidClusters=0	osc=0.000000|cutoff=0.520000|resonance=0.550000|envAmount=0.820000|envDecay=0.250000	1	REC_ACID_CHICAGO_JACK	Chicago Jack	124	52	3	0a2a6211ef00dcf2214dfd4704b6c34b424b1c9d	kAcidProfile	rhythms=405,408|feels=0,3|bass=2,5,7,9|chord=3,4,6,9|progressions=1,2|melodic=3,4,8,10|motifs=1,2,3,5|phrases=1,2,20	rhythms=405@120,408@100|feels=0@120,3@45|bass=2@70,5@90,7@110,9@75|chord=3@75,4@110,6@85,9@70|progressions=1@190,2@35|melodic=3@80,4@85,8@110,10@100|motifs=1@70,2@110,3@65,5@90|phrases=1@65,2@110,20@70	4f13cc8e0d33e0214ab71ab66166445ea7d25e16020861bd387c2c3a9099f977	9c5c6a869d6b517417479fa445136d8c972ba4586a17923928165b15aff59c48	bpm=118:124:132|grid=16|density=6:13	52e9ca06ee1f8389baeb2ee7d34f2ef0c717399de8c624f549ce98dc6ea33e59	9f3c0de140688689933e6406b2fdec1bc35a0cc468c4a1f70bea761ad40cdbf0	bass_allowed_contours_mask=0x01f6|bass_preferred_contours_mask=0x00f0|bass_allowed_articulations_mask=0x0002|bass_preferred_articulations_mask=0x0000|melodic_allowed_rhythm_ops_mask=0x0002|melodic_preferred_rhythm_ops_mask=0x0000|melodic_allowed_contours_mask=0x0382|melodic_preferred_contours_mask=0x0082|melodic_allowed_motif_ops_mask=0x0002|melodic_preferred_motif_ops_mask=0x0000|bass_register_min=24|bass_register_max=47|bass_register_max_leap=23|secondary_register_min=48|secondary_register_max=71|secondary_register_max_leap=16	bb3bca5533d5ac6507a15b510c185fc9bb9ae2dfb20d95ce9c5860b9d78c2fd8	b4456f39f89bd8846b2921eed948935cc4136efc7f91a5023ac9398eea3e997f	rhythms=120@8472e7ee9e0758787d6f9d1c7d968dbc09a3dfa939353a6809c6e89b21f428a9|100@056302ee081226bdb7b6b966f8a13a032bd9030d864a7da793dea2e893fd6259	84c2c4172588891d8d5ca8656f82b670f8e9b947960017c0e05adb8fa7b504b3	1bfba3aa7094281faa125667ba61bb98ac81bacc9b47157cc3bc2719e50344e0	6393f02306882f7901892dd5be4a3c96fb1222a4cf1ec6d7742b4d952c66b927	9f30bc3f4562c3dd379e5b18634a94c5afd244c566377cc6576e54db4f1bdf72	34689675ed72163f6f0c0f0250464f0fca8a63a72176f85123fd6985b2f5180d	backed=1|recipe=REC_ACID_CHICAGO_JACK|display=Chicago Jack|bpm=124|swing=52|variations=3	f2bd12ede4ac6565278029dc47c2f8c9bc9c60ffacc1d5559708d8825d76d6e5	MATCHES_SUGGESTED_BPM	09a76859bc9c3ea9fbea58a4fccb393afd285a9734828ac361153fcb5a66bddf	ae1b3f1b9d299ad460fb893783654f9d0cdb4ed1391e374a6e93ac9e2b9170bb	MEMBERSHIP-CHANGE;MULTI-DOMAIN	COMPOSITION;CORRIDOR;DRUM	PARAMS;DRUM;BEHAVIOR;TIMBRE	ATLAS_METADATA	tonal.bass_articulation=PLAIN;tonal.melodic_rhythm_operation=PRESERVE;tonal.melodic_motif_operation=NONE
2	0	Acid	Acid	7	Rolling Acid	0	406:rolling_acid@120;407:syncopated_acid@110	0:STRAIGHT@120;3:PUSH/PULL@45	2:KICK LOCK@70;5:OFFBEAT PUSH@90;7:ROLLING DRIVE@110;9:SYNCOPATED HOOK@75	3:HALF BAR CHANGE@75;4:OFFBEAT STAB@110;6:ANTICIPATED CHANGE@85;9:SYNCOPATED COMP@70	1:STATIC MODAL@190;2:PEDAL DRONE@35	3:TWO-NOTE HOOK@80;4:PICKUP PHRASE@85;8:SYNCOPATED MOTIF@110;10:REPEATED CELL@100	1:SOURCE ORDER@70;2:TWO-NOTE CELL@110;3:MIRROR@65;5:PIVOT@90	2:LOOP/2bar@55;20:REPEAT/REPLY/4bar@100;36:DEVELOP/RETURN/4bar@120	126	145	136	16	8	15	Melodic	RollingAcid	0x01f6	ROOT ANCHOR;ROOT/FIFTH;NEIGHBOR RETURN;STEP APPROACH;LEAP RETURN;ROOT/FIFTH/NEIGHBOR;PEDAL TURN	0x00f0	NEIGHBOR RETURN;STEP APPROACH;LEAP RETURN;ROOT/FIFTH/NEIGHBOR	0x0002	PLAIN	0x0000	NONE	0x0002	PRESERVE	0x0000	NONE	0x0382	STATIC;NEIGHBOR;REPEAT THEN UP;REPEAT THEN DOWN	0x0082	STATIC;NEIGHBOR	0x0002	NONE	0x0000	NONE	24	47	23	48	71	16	minNotes=10|maxNotes=16|minOctave=36|maxOctave=72|slide=0.400000|accent=0.500000|gate=0.800000|swing=0.040000|microTiming=0.060000|velocityMin=82|velocityMax=124|preferDownbeats=0|allowRepeats=1|rootBias=0.420000|ghost=0.050000|chromatic=0.100000|sparseKick=0|sparseHats=0|noAccents=0|fill=0.420000|drumSyncopation=0.240000|drumPreferOffbeat=0|drumVoiceCount=8	RECIPE_OVERRIDE	kickMask=0x8888|snareMask=0x0808|hatMask=0xaaaa|openHatMask=0x2222|kickGhost=0.040000|snareGhost=0.050000|hatVariation=0.200000|kickVelocity=124|snareVelocity=104|hatVelocity=84|useRim=0|useClap=1	stepMask=0xffff|motifLength=6|preferredScale=1|useMotif=1|allowChromatic=1|forceOctaveJump=0|avoidClusters=0	osc=0.000000|cutoff=0.600000|resonance=0.620000|envAmount=0.880000|envDecay=0.320000	1	REC_ACID_ROLLING	Rolling Acid	128	54	3	0a2a6211ef00dcf2214dfd4704b6c34b424b1c9d	kAcidProfile	rhythms=406,407|feels=0,3|bass=2,5,7,9|chord=3,4,6,9|progressions=1,2|melodic=3,4,8,10|motifs=1,2,3,5|phrases=2,20,36	rhythms=406@120,407@110|feels=0@120,3@45|bass=2@70,5@90,7@110,9@75|chord=3@75,4@110,6@85,9@70|progressions=1@190,2@35|melodic=3@80,4@85,8@110,10@100|motifs=1@70,2@110,3@65,5@90|phrases=2@55,20@100,36@120	e4181588e6a202a2ef75e365740dff31670eb4b6614ec35813934aaa453f1084	5a70ead697c9fcbdca61e9d4abd9c94a0112517193d5013cb5bed4267ca3f688	bpm=126:136:145|grid=16|density=8:15	461a47be9e2e98b4e29fb84254c141e5f2fedb16a3a52817afeaddf7c7f81f82	9f3c0de140688689933e6406b2fdec1bc35a0cc468c4a1f70bea761ad40cdbf0	bass_allowed_contours_mask=0x01f6|bass_preferred_contours_mask=0x00f0|bass_allowed_articulations_mask=0x0002|bass_preferred_articulations_mask=0x0000|melodic_allowed_rhythm_ops_mask=0x0002|melodic_preferred_rhythm_ops_mask=0x0000|melodic_allowed_contours_mask=0x0382|melodic_preferred_contours_mask=0x0082|melodic_allowed_motif_ops_mask=0x0002|melodic_preferred_motif_ops_mask=0x0000|bass_register_min=24|bass_register_max=47|bass_register_max_leap=23|secondary_register_min=48|secondary_register_max=71|secondary_register_max_leap=16	bb3bca5533d5ac6507a15b510c185fc9bb9ae2dfb20d95ce9c5860b9d78c2fd8	4e5bffa3809f48c09894e6d618ea956f4aae2c5dba22c6cb06ffb3f6e2aff1d8	rhythms=120@d066bb41ef7e41bf04bc9bbb4532c8002c7f43d54418583754fcc3c0bdb78977|110@cddc2d02365582405e368741d611c25d960a1e1d8e05059afa6bb2e3f99c928d	c0e9f088d2a0a3d88f43903f592a2379024667a1a1e916ae7a84c0394e92016c	caff05398a9b53309aaaa8698706ac3db87367f8c8262f61bd28d67f79dad20c	9f46020f28a53f3e0e48151b8b7993c21f14425d17c2d8f602ade375be684648	5f34769ba3fa9a41e5755a37e44775cc298a5f2fb4dfd08dea02aa20514251ee	e6d8f9ff64a39ca3bca787bc7e4004fef91772dd9551e5c3d385dc345a3e6adf	backed=1|recipe=REC_ACID_ROLLING|display=Rolling Acid|bpm=128|swing=54|variations=3	4fac73d8cecccc36aa31776eae00b55eaf373b8607f0c65ff3c526171fc4b012	INSIDE_CORRIDOR	e9e63334c9cb07ab47d162838465f94b2942b8019c5e35927ccfce73cf6099e2	2b3dce86356eb9ca3d2e9fa5c7703cb28427deef03d3517b5bae25a7578c71b6	MEMBERSHIP-CHANGE;MULTI-DOMAIN	COMPOSITION;CORRIDOR;DRUM	PARAMS;DRUM;BEHAVIOR;TIMBRE	ATLAS_METADATA	tonal.bass_articulation=PLAIN;tonal.melodic_rhythm_operation=PRESERVE;tonal.melodic_motif_operation=NONE
3	1	Outrun	Synthwave	0	BASE	1	401:straight_drive@90;403:hypnotic_sparse@120;711:stacked_quarters@110;713:funk_house_bridge@100	0:STRAIGHT@120;3:PUSH/PULL@45	1:ROOT PULSE@100;7:ROLLING DRIVE@95;9:SYNCOPATED HOOK@110	1:HELD PAD@110;2:WHOLE BAR HOLD@100;5:BACKBEAT STAB@35;7:SPARSE CHORD REPLY@120	1:STATIC MODAL@50;3:POP CYCLE@150;7:BORROWED LIFT@45	3:TWO-NOTE HOOK@80;4:PICKUP PHRASE@85;8:SYNCOPATED MOTIF@110;10:REPEATED CELL@100	1:SOURCE ORDER@70;2:TWO-NOTE CELL@110;3:MIRROR@65;5:PIVOT@90	2:LOOP/2bar@55;20:REPEAT/REPLY/4bar@100;36:DEVELOP/RETURN/4bar@120	88	125	108	16	4	11	Melodic	Stage7Composition	0x0156	ROOT ANCHOR;ROOT/FIFTH;NEIGHBOR RETURN;LEAP RETURN;PEDAL TURN	0x0054	ROOT/FIFTH;NEIGHBOR RETURN;LEAP RETURN	0x0002	PLAIN	0x0000	NONE	0x0002	PRESERVE	0x0000	NONE	0x03fe	STATIC;STEP UP;STEP DOWN;ARCH;INVERTED ARCH;LEAP RETURN;NEIGHBOR;REPEAT THEN UP;REPEAT THEN DOWN	0x00dc	STEP UP;STEP DOWN;ARCH;LEAP RETURN;NEIGHBOR	0x0002	NONE	0x0000	NONE	24	47	23	48	71	16	minNotes=10|maxNotes=14|minOctave=48|maxOctave=72|slide=0.120000|accent=0.250000|gate=0.700000|swing=0.080000|microTiming=0.010000|velocityMin=90|velocityMax=118|preferDownbeats=0|allowRepeats=1|rootBias=0.100000|ghost=0.030000|chromatic=0.050000|sparseKick=0|sparseHats=0|noAccents=0|fill=0.400000|drumSyncopation=0.120000|drumPreferOffbeat=0|drumVoiceCount=6	BASE_MODE_TEMPLATE	kickMask=0x8080|snareMask=0x0808|hatMask=0xaaaa|openHatMask=0x0202|kickGhost=0.100000|snareGhost=0.070000|hatVariation=0.250000|kickVelocity=106|snareVelocity=96|hatVelocity=78|useRim=1|useClap=0	stepMask=0xffff|motifLength=6|preferredScale=2|useMotif=1|allowChromatic=0|forceOctaveJump=1|avoidClusters=0	osc=0.000000|cutoff=0.720000|resonance=0.180000|envAmount=0.580000|envDecay=0.300000	0	NONE	NONE	0	0	0	0a2a6211ef00dcf2214dfd4704b6c34b424b1c9d	kSynthProfile	rhythms=401,403,711,713|feels=0,3|bass=1,7,9|chord=1,2,5,7|progressions=1,3,7|melodic=3,4,8,10|motifs=1,2,3,5|phrases=2,20,36	rhythms=401@90,403@120,711@110,713@100|feels=0@120,3@45|bass=1@100,7@95,9@110|chord=1@110,2@100,5@35,7@120|progressions=1@50,3@150,7@45|melodic=3@80,4@85,8@110,10@100|motifs=1@70,2@110,3@65,5@90|phrases=2@55,20@100,36@120	f67f57335a54f77a2987a6ada96d0e8a9758858206cb123ef31f805b31c2805e	ee3e83ade487662af38932568cedc583d9b229ae8d1535bbf86df6b290d88c5b	bpm=88:108:125|grid=16|density=4:11	6f690dd1226b7afaea1dcba15404e8fd132638f1623742ceee424de51a1bf861	9f3c0de140688689933e6406b2fdec1bc35a0cc468c4a1f70bea761ad40cdbf0	bass_allowed_contours_mask=0x0156|bass_preferred_contours_mask=0x0054|bass_allowed_articulations_mask=0x0002|bass_preferred_articulations_mask=0x0000|melodic_allowed_rhythm_ops_mask=0x0002|melodic_preferred_rhythm_ops_mask=0x0000|melodic_allowed_contours_mask=0x03fe|melodic_preferred_contours_mask=0x00dc|melodic_allowed_motif_ops_mask=0x0002|melodic_preferred_motif_ops_mask=0x0000|bass_register_min=24|bass_register_max=47|bass_register_max_leap=23|secondary_register_min=48|secondary_register_max=71|secondary_register_max_leap=16	9ac37ac14d0d6214a208ace541755a8fdbb7923e6baf4d1fa9861452b4d9ae1c	c17cb9afa69a54b31ca8675fdb127b1c04efe0685e2a5ffdbcf01eaf21adde90	rhythms=90@58ead95419354e0b8d933f05d1c920d3e3a24dd9c8a90aa88d0a3c6dd5175726|120@335cdf9baf4614637fcbba7a72e9078100e8e9c10d2cebf93c063e05a086a1be|110@d6c51e4693ddcd55602ab1e024929085d586e4e360585a33b2362eae86b193a8|100@6e94a20bb5945ce8175696b18f89200b1f0d569105da82a5c004da69cf3e4f28	21e65b7f7d7fa2a87ded1f8bd3e143fde58ce8f05aa84623479df9e9b2efb03d	26f30846b60e4b9707a88de58b119fb117cf71efcd3c301de01b5f179c9bdaed	1d349b49578388ed1199d703da3dc953a9593bb0a182a4c8e182408ea51d6e23	b47206674174ac1bef0a74d3aeed518619a024e1a3440849abfbbfe4f5cc19dd	fe2da8710d1d178028d20a4e691a161d3cb35351ea5570dded8fdef5b762b694	backed=0|recipe=NONE|display=NONE|bpm=0|swing=0|variations=0	9e4a5a9f8b4359a1b43f86367ad5c05e1a41e02c5d380972712b52d1bd0fdebd	NOT_ATLAS_BACKED	4b470097f2085d117fdfaf2ffa244e2e9b8d9378b7e16fd683ee5f36c73d8e30	a0b4f3a30cd29a64062c5759e8621c3db56c33df55e18966c5c94d65722efbfb	BASE	NONE	NONE	NONE	tonal.bass_articulation=PLAIN;tonal.melodic_rhythm_operation=PRESERVE;tonal.melodic_motif_operation=NONE
4	2	Darksynth	Darksynth	0	BASE	1	401:straight_drive@120;402:offbeat_open_hat@110;403:hypnotic_sparse@100;404:broken_techno@100;711:stacked_quarters@80	0:STRAIGHT@120;3:PUSH/PULL@45	2:KICK LOCK@70;5:OFFBEAT PUSH@90;7:ROLLING DRIVE@110;9:SYNCOPATED HOOK@75	3:HALF BAR CHANGE@75;4:OFFBEAT STAB@110;6:ANTICIPATED CHANGE@85;9:SYNCOPATED COMP@70	1:STATIC MODAL@55;5:PARALLEL SHIFT@85;6:MINOR FALL@140	3:TWO-NOTE HOOK@80;4:PICKUP PHRASE@85;8:SYNCOPATED MOTIF@110;10:REPEATED CELL@100	1:SOURCE ORDER@70;2:TWO-NOTE CELL@110;3:MIRROR@65;5:PIVOT@90	2:LOOP/2bar@55;20:REPEAT/REPLY/4bar@100;36:DEVELOP/RETURN/4bar@120	122	148	134	16	5	13	Melodic	TechnoBase	0x0156	ROOT ANCHOR;ROOT/FIFTH;NEIGHBOR RETURN;LEAP RETURN;PEDAL TURN	0x0054	ROOT/FIFTH;NEIGHBOR RETURN;LEAP RETURN	0x0002	PLAIN	0x0000	NONE	0x0002	PRESERVE	0x0000	NONE	0x03fe	STATIC;STEP UP;STEP DOWN;ARCH;INVERTED ARCH;LEAP RETURN;NEIGHBOR;REPEAT THEN UP;REPEAT THEN DOWN	0x00dc	STEP UP;STEP DOWN;ARCH;LEAP RETURN;NEIGHBOR	0x0002	NONE	0x0000	NONE	24	47	23	48	71	16	minNotes=4|maxNotes=7|minOctave=24|maxOctave=48|slide=0.050000|accent=0.500000|gate=0.350000|swing=0.000000|microTiming=0.000000|velocityMin=100|velocityMax=125|preferDownbeats=1|allowRepeats=1|rootBias=0.700000|ghost=0.000000|chromatic=0.030000|sparseKick=0|sparseHats=1|noAccents=0|fill=0.250000|drumSyncopation=0.050000|drumPreferOffbeat=0|drumVoiceCount=8	BASE_MODE_TEMPLATE	kickMask=0x8888|snareMask=0x0808|hatMask=0xffff|openHatMask=0x2222|kickGhost=0.040000|snareGhost=0.040000|hatVariation=0.120000|kickVelocity=124|snareVelocity=114|hatVelocity=104|useRim=0|useClap=1	stepMask=0xaaaa|motifLength=3|preferredScale=1|useMotif=1|allowChromatic=0|forceOctaveJump=0|avoidClusters=0	osc=1.000000|cutoff=0.340000|resonance=0.500000|envAmount=0.920000|envDecay=0.220000	0	NONE	NONE	0	0	0	0a2a6211ef00dcf2214dfd4704b6c34b424b1c9d	kSynthProfile	rhythms=401,402,403,404,711|feels=0,3|bass=2,5,7,9|chord=3,4,6,9|progressions=1,5,6|melodic=3,4,8,10|motifs=1,2,3,5|phrases=2,20,36	rhythms=401@120,402@110,403@100,404@100,711@80|feels=0@120,3@45|bass=2@70,5@90,7@110,9@75|chord=3@75,4@110,6@85,9@70|progressions=1@55,5@85,6@140|melodic=3@80,4@85,8@110,10@100|motifs=1@70,2@110,3@65,5@90|phrases=2@55,20@100,36@120	f2606670dcd7dd5bb1079a083234aaf839d571050444b9573887a8a96b6a5d81	a84d6d00eff6d457cea4c0aead761f7a6ee8cff5958b51f4c997a8b447cf145f	bpm=122:134:148|grid=16|density=5:13	f79ab6ca6ca0f328353899e1148a296ee4a35fbcb60d7bd53f42f7ad049b2925	9f3c0de140688689933e6406b2fdec1bc35a0cc468c4a1f70bea761ad40cdbf0	bass_allowed_contours_mask=0x0156|bass_preferred_contours_mask=0x0054|bass_allowed_articulations_mask=0x0002|bass_preferred_articulations_mask=0x0000|melodic_allowed_rhythm_ops_mask=0x0002|melodic_preferred_rhythm_ops_mask=0x0000|melodic_allowed_contours_mask=0x03fe|melodic_preferred_contours_mask=0x00dc|melodic_allowed_motif_ops_mask=0x0002|melodic_preferred_motif_ops_mask=0x0000|bass_register_min=24|bass_register_max=47|bass_register_max_leap=23|secondary_register_min=48|secondary_register_max=71|secondary_register_max_leap=16	9ac37ac14d0d6214a208ace541755a8fdbb7923e6baf4d1fa9861452b4d9ae1c	d10b3235948d562e753d93e7690053a75dffcd18832ef36c4ae2935e692e4bb8	rhythms=120@58ead95419354e0b8d933f05d1c920d3e3a24dd9c8a90aa88d0a3c6dd5175726|110@5bbd9dd2451f931c2e2dda79ee09d3f3da2aeb7784b6547a44e3f97b40b550c6|100@335cdf9baf4614637fcbba7a72e9078100e8e9c10d2cebf93c063e05a086a1be|100@d42d35fce341aba5076df8c721b3daae173c7aed9a2042481061f28ee497dedc|80@d6c51e4693ddcd55602ab1e024929085d586e4e360585a33b2362eae86b193a8	28fdba02c91f69cf95d510e936a3d71d4eded1a4b4264481b5d481e8ded7915f	d359287258998b444b85e4ef4c58635f188677f4d52773af66ff5824553079a0	a120365f7ddf7baeaca3040e7c788fefa5d9dcb9bc19a2c111cab8fa7865dddd	31d65a2ba3baf4f1798c86046549f65a11d64e2a06db067d7217a83dd3aeef6e	45d16788b845d932333fca427314e741c857d12653d928ec5e1ffdf16f02bc1a	backed=0|recipe=NONE|display=NONE|bpm=0|swing=0|variations=0	9e4a5a9f8b4359a1b43f86367ad5c05e1a41e02c5d380972712b52d1bd0fdebd	NOT_ATLAS_BACKED	b1fdbaba59f95af22ff2dd51d2a43d892fc54790017f0c2fee83ff58525fbfb1	91bddbc2b33afe2657b4b19bbb99154c7c695b1c2822ebddf62f62cd0fcb44fc	BASE	NONE	NONE	NONE	tonal.bass_articulation=PLAIN;tonal.melodic_rhythm_operation=PRESERVE;tonal.melodic_motif_operation=NONE
5	3	Electro	Electro	0	BASE	1	404:broken_techno@80;420:machine_syncopation@120;712:electro_backskip@120;714:electro_gap_push@110	0:STRAIGHT@45;1:SWING COMPAT@110;3:PUSH/PULL@70	3:KICK ANSWER@90;4:GAP FILL@90;5:OFFBEAT PUSH@70;9:SYNCOPATED HOOK@120	1:HELD PAD@55;5:BACKBEAT STAB@80;6:ANTICIPATED CHANGE@100;7:SPARSE CHORD REPLY@90	1:STATIC MODAL@85;5:PARALLEL SHIFT@65;6:MINOR FALL@45;7:BORROWED LIFT@80	1:SPARSE CALL@55;2:DELAYED ANSWER@110;4:PICKUP PHRASE@85;7:BAR-END RESPONSE@100	1:SOURCE ORDER@55;3:MIRROR@75;4:CALL/RESPONSE@120;5:PIVOT@80	18:REPEAT/REPLY/2bar@55;20:REPEAT/REPLY/4bar@110;36:DEVELOP/RETURN/4bar@95	102	132	116	16	4	12	Melodic	Stage7Composition	0x0076	ROOT ANCHOR;ROOT/FIFTH;NEIGHBOR RETURN;STEP APPROACH;LEAP RETURN	0x0034	ROOT/FIFTH;NEIGHBOR RETURN;STEP APPROACH	0x0002	PLAIN	0x0000	NONE	0x0002	PRESERVE	0x0000	NONE	0x038e	STATIC;STEP UP;STEP DOWN;NEIGHBOR;REPEAT THEN UP;REPEAT THEN DOWN	0x038c	STEP UP;STEP DOWN;NEIGHBOR;REPEAT THEN UP;REPEAT THEN DOWN	0x0002	NONE	0x0000	NONE	24	47	23	48	71	16	minNotes=6|maxNotes=10|minOctave=36|maxOctave=60|slide=0.000000|accent=0.700000|gate=0.300000|swing=0.000000|microTiming=0.000000|velocityMin=105|velocityMax=115|preferDownbeats=0|allowRepeats=1|rootBias=0.300000|ghost=0.050000|chromatic=0.100000|sparseKick=0|sparseHats=0|noAccents=0|fill=0.500000|drumSyncopation=0.350000|drumPreferOffbeat=0|drumVoiceCount=8	BASE_MODE_TEMPLATE	kickMask=0x90a0|snareMask=0x0808|hatMask=0xaaaa|openHatMask=0x0200|kickGhost=0.100000|snareGhost=0.100000|hatVariation=0.300000|kickVelocity=112|snareVelocity=108|hatVelocity=86|useRim=0|useClap=0	stepMask=0xaa55|motifLength=3|preferredScale=3|useMotif=1|allowChromatic=1|forceOctaveJump=0|avoidClusters=0	osc=0.200000|cutoff=0.600000|resonance=0.300000|envAmount=0.750000|envDecay=0.200000	0	NONE	NONE	0	0	0	0a2a6211ef00dcf2214dfd4704b6c34b424b1c9d	kBrokenProfile	rhythms=404,420,712,714|feels=0,1,3|bass=3,4,5,9|chord=1,5,6,7|progressions=1,5,6,7|melodic=1,2,4,7|motifs=1,3,4,5|phrases=18,20,36	rhythms=404@80,420@120,712@120,714@110|feels=0@45,1@110,3@70|bass=3@90,4@90,5@70,9@120|chord=1@55,5@80,6@100,7@90|progressions=1@85,5@65,6@45,7@80|melodic=1@55,2@110,4@85,7@100|motifs=1@55,3@75,4@120,5@80|phrases=18@55,20@110,36@95	4fca71486031858100d941999d906c56db6dfe618461d0e18640f8c0c1fa8669	9beb572c2e9d3adfc4c37a3763e92a5365abee5fb288729f3ac1da788b03ec7c	bpm=102:116:132|grid=16|density=4:12	35d06c5f3b35bedddd605208fc33728bd26f54ff727ba4b4d56b87a8903fc209	9f3c0de140688689933e6406b2fdec1bc35a0cc468c4a1f70bea761ad40cdbf0	bass_allowed_contours_mask=0x0076|bass_preferred_contours_mask=0x0034|bass_allowed_articulations_mask=0x0002|bass_preferred_articulations_mask=0x0000|melodic_allowed_rhythm_ops_mask=0x0002|melodic_preferred_rhythm_ops_mask=0x0000|melodic_allowed_contours_mask=0x038e|melodic_preferred_contours_mask=0x038c|melodic_allowed_motif_ops_mask=0x0002|melodic_preferred_motif_ops_mask=0x0000|bass_register_min=24|bass_register_max=47|bass_register_max_leap=23|secondary_register_min=48|secondary_register_max=71|secondary_register_max_leap=16	87f030fa12014045b56c2df5bb96c00a765200b4ec4e079883afb5916c9a2f80	a9d8dc1a23b668d14a58e0d143e76e3cdd979e61ec456597c556125ff1957edf	rhythms=80@d42d35fce341aba5076df8c721b3daae173c7aed9a2042481061f28ee497dedc|120@71b6dad74dd1ec2669fb58ff5458698021043b5b48122ac4429a6c0dcddc0a5e|120@dc775f294b7f436e818db620ea627d41ca6d44c36a8ee4afe449ad1f6027c9fb|110@d5ec7219d7b01231b1d9f6168c573ed019d75f5d100de9b03f01935021e45450	2deb5e98e38a44b4385910b68442140e597aac4d5d0669b79af299cd66e163df	9e2fe2a260dc0cca54ab1e9fb46c77eb021d822efc6741e45958d704435aa230	bbc827830a7a4ac039cff082576b02ff7abccbfc8e9b405b539b45799f5174ea	980ed3b01b55d083bc164f002dd4b9933b1e4b6d23e0380e058c29530366b41c	735234de8ab2972ed28afdc30908e1964bb62fd1c2eb466d2ae895f9fe771cd1	backed=0|recipe=NONE|display=NONE|bpm=0|swing=0|variations=0	9e4a5a9f8b4359a1b43f86367ad5c05e1a41e02c5d380972712b52d1bd0fdebd	NOT_ATLAS_BACKED	752848e30a7d95f02067eae64e563480330c264d17d3a597f25b958b815a793f	be387ec084423754a67d8d7657e9158342e3e5d39f56ced81b06e92bea598359	BASE	NONE	NONE	NONE	tonal.bass_articulation=PLAIN;tonal.melodic_rhythm_operation=PRESERVE;tonal.melodic_motif_operation=NONE
6	4	Rave	Rave	0	BASE	1	401:straight_drive@120;402:offbeat_open_hat@110;404:broken_techno@90;419:shuffled_4x4@80	0:STRAIGHT@120;3:PUSH/PULL@45	2:KICK LOCK@70;5:OFFBEAT PUSH@90;7:ROLLING DRIVE@110;9:SYNCOPATED HOOK@75	3:HALF BAR CHANGE@75;4:OFFBEAT STAB@110;6:ANTICIPATED CHANGE@85;9:SYNCOPATED COMP@70	1:STATIC MODAL@190;2:PEDAL DRONE@35	3:TWO-NOTE HOOK@80;4:PICKUP PHRASE@85;8:SYNCOPATED MOTIF@110;10:REPEATED CELL@100	1:SOURCE ORDER@70;2:TWO-NOTE CELL@110;3:MIRROR@65;5:PIVOT@90	1:LOOP/1bar@65;2:LOOP/2bar@110;20:REPEAT/REPLY/4bar@70	132	160	145	16	7	15	Melodic	RaveBase	0x0002	ROOT ANCHOR	0x0000	NONE	0x0002	PLAIN	0x0000	NONE	0x0002	PRESERVE	0x0000	NONE	0x0002	STATIC	0x0000	NONE	0x0002	NONE	0x0000	NONE	24	47	12	48	71	16	minNotes=12|maxNotes=16|minOctave=36|maxOctave=72|slide=0.200000|accent=0.800000|gate=0.500000|swing=0.000000|microTiming=0.000000|velocityMin=110|velocityMax=127|preferDownbeats=0|allowRepeats=1|rootBias=0.200000|ghost=0.050000|chromatic=0.200000|sparseKick=0|sparseHats=0|noAccents=0|fill=0.700000|drumSyncopation=0.080000|drumPreferOffbeat=0|drumVoiceCount=8	BASE_MODE_TEMPLATE	kickMask=0x8888|snareMask=0x0808|hatMask=0xffff|openHatMask=0x2222|kickGhost=0.050000|snareGhost=0.060000|hatVariation=0.220000|kickVelocity=124|snareVelocity=120|hatVelocity=108|useRim=0|useClap=1	stepMask=0xffff|motifLength=6|preferredScale=1|useMotif=1|allowChromatic=1|forceOctaveJump=1|avoidClusters=0	osc=0.000000|cutoff=0.780000|resonance=0.320000|envAmount=0.800000|envDecay=0.500000	0	NONE	NONE	0	0	0	0a2a6211ef00dcf2214dfd4704b6c34b424b1c9d	kStaticProfile	rhythms=401,402,404,419|feels=0,3|bass=2,5,7,9|chord=3,4,6,9|progressions=1,2|melodic=3,4,8,10|motifs=1,2,3,5|phrases=1,2,20	rhythms=401@120,402@110,404@90,419@80|feels=0@120,3@45|bass=2@70,5@90,7@110,9@75|chord=3@75,4@110,6@85,9@70|progressions=1@190,2@35|melodic=3@80,4@85,8@110,10@100|motifs=1@70,2@110,3@65,5@90|phrases=1@65,2@110,20@70	aede2c596e322259ccad6b3b5be6a3d6ae6397d5970b501716e4e2196ba04a80	ead99e607c48c43a5fcf209d5ea38e890e0f86b01952e3177840644741e09775	bpm=132:145:160|grid=16|density=7:15	f37dc6193f32b8d2ea6930bc9a5f5d48e326bf69b3b64acf1655e1c9c9a5dedf	9f3c0de140688689933e6406b2fdec1bc35a0cc468c4a1f70bea761ad40cdbf0	bass_allowed_contours_mask=0x0002|bass_preferred_contours_mask=0x0000|bass_allowed_articulations_mask=0x0002|bass_preferred_articulations_mask=0x0000|melodic_allowed_rhythm_ops_mask=0x0002|melodic_preferred_rhythm_ops_mask=0x0000|melodic_allowed_contours_mask=0x0002|melodic_preferred_contours_mask=0x0000|melodic_allowed_motif_ops_mask=0x0002|melodic_preferred_motif_ops_mask=0x0000|bass_register_min=24|bass_register_max=47|bass_register_max_leap=12|secondary_register_min=48|secondary_register_max=71|secondary_register_max_leap=16	454e0e55ecf1a6eab6d3e9c5f00ca597d790bc619740642f46070c388f344f18	3d2ddcb3bbbf64aa728a2d1a85301f6dcd4ca596697f4377fb4508e67283ad1e	rhythms=120@58ead95419354e0b8d933f05d1c920d3e3a24dd9c8a90aa88d0a3c6dd5175726|110@5bbd9dd2451f931c2e2dda79ee09d3f3da2aeb7784b6547a44e3f97b40b550c6|90@d42d35fce341aba5076df8c721b3daae173c7aed9a2042481061f28ee497dedc|80@51829bd328713ced8977e6df4e583eded864ffc5c06be193d7658c2111226c7b	d0d9ce93d7a8cc4b3fc09cdcd5a060d6708c778fbc76247b42f87d01a059d3ef	8f87a00cc4d119994821db6d0bd5c900ae7838f78113134d195a8d75dd38926a	ce99cc2ddb73334947b650ac5d750be25a049645cadd16c5b4a15e3d86c4fd68	a881b651c29626538122f859065638018f84a263b5cb1cdbd5f87f8b71ef9964	191f5edd4dfdc8a3e553a41e7cb1c4ba0f9177eff47f71d671592e3d3338c14d	backed=0|recipe=NONE|display=NONE|bpm=0|swing=0|variations=0	9e4a5a9f8b4359a1b43f86367ad5c05e1a41e02c5d380972712b52d1bd0fdebd	NOT_ATLAS_BACKED	6be63d445020de1a3537af6458cca67d2e8a3e985a243d6b486dc1848196859e	a352444304ad297110bcbc7e2d3a0b00853e9e4af1e3fa7800686d9c70ada8b9	BASE	NONE	NONE	NONE	tonal.bass_contour=ROOT ANCHOR;tonal.bass_articulation=PLAIN;tonal.melodic_rhythm_operation=PRESERVE;tonal.melodic_contour=STATIC;tonal.melodic_motif_operation=NONE
7	4	Rave	Rave	4	Psytrance	0	401:straight_drive@120;402:offbeat_open_hat@110;406:rolling_acid@100	0:STRAIGHT@120;3:PUSH/PULL@45	2:KICK LOCK@70;5:OFFBEAT PUSH@90;7:ROLLING DRIVE@110;9:SYNCOPATED HOOK@75	3:HALF BAR CHANGE@75;4:OFFBEAT STAB@110;6:ANTICIPATED CHANGE@85;9:SYNCOPATED COMP@70	1:STATIC MODAL@190;2:PEDAL DRONE@35	3:TWO-NOTE HOOK@80;4:PICKUP PHRASE@85;8:SYNCOPATED MOTIF@110;10:REPEATED CELL@100	1:SOURCE ORDER@70;2:TWO-NOTE CELL@110;3:MIRROR@65;5:PIVOT@90	1:LOOP/1bar@65;2:LOOP/2bar@110;20:REPEAT/REPLY/4bar@70	138	150	145	16	8	15	Melodic	Stage7Composition	0x0002	ROOT ANCHOR	0x0000	NONE	0x0002	PLAIN	0x0000	NONE	0x0002	PRESERVE	0x0000	NONE	0x0002	STATIC	0x0000	NONE	0x0002	NONE	0x0000	NONE	24	47	12	48	71	16	minNotes=12|maxNotes=16|minOctave=36|maxOctave=72|slide=0.200000|accent=0.800000|gate=0.500000|swing=0.000000|microTiming=0.040000|velocityMin=102|velocityMax=126|preferDownbeats=0|allowRepeats=1|rootBias=0.220000|ghost=0.050000|chromatic=0.100000|sparseKick=0|sparseHats=0|noAccents=0|fill=0.550000|drumSyncopation=0.120000|drumPreferOffbeat=0|drumVoiceCount=8	RECIPE_OVERRIDE	kickMask=0x8888|snareMask=0x0808|hatMask=0xffff|openHatMask=0x2222|kickGhost=0.040000|snareGhost=0.040000|hatVariation=0.150000|kickVelocity=122|snareVelocity=112|hatVelocity=102|useRim=0|useClap=1	stepMask=0xffff|motifLength=6|preferredScale=1|useMotif=1|allowChromatic=1|forceOctaveJump=1|avoidClusters=0	osc=0.000000|cutoff=0.780000|resonance=0.320000|envAmount=0.800000|envDecay=0.500000	0	NONE	NONE	0	0	0	0a2a6211ef00dcf2214dfd4704b6c34b424b1c9d	kStaticProfile	rhythms=401,402,406|feels=0,3|bass=2,5,7,9|chord=3,4,6,9|progressions=1,2|melodic=3,4,8,10|motifs=1,2,3,5|phrases=1,2,20	rhythms=401@120,402@110,406@100|feels=0@120,3@45|bass=2@70,5@90,7@110,9@75|chord=3@75,4@110,6@85,9@70|progressions=1@190,2@35|melodic=3@80,4@85,8@110,10@100|motifs=1@70,2@110,3@65,5@90|phrases=1@65,2@110,20@70	5dfe5a596c31e9e1d52a046cad5d273836f9dcbcc2afc68f8795812e2bc5a549	4027e78be53f0a88d555943df6341cd00d66e42f8cd73870c18ce766653948bd	bpm=138:145:150|grid=16|density=8:15	d624c1334b94e617510ea7c30326ff0119b322cb3df546908b704edb68d997c5	9f3c0de140688689933e6406b2fdec1bc35a0cc468c4a1f70bea761ad40cdbf0	bass_allowed_contours_mask=0x0002|bass_preferred_contours_mask=0x0000|bass_allowed_articulations_mask=0x0002|bass_preferred_articulations_mask=0x0000|melodic_allowed_rhythm_ops_mask=0x0002|melodic_preferred_rhythm_ops_mask=0x0000|melodic_allowed_contours_mask=0x0002|melodic_preferred_contours_mask=0x0000|melodic_allowed_motif_ops_mask=0x0002|melodic_preferred_motif_ops_mask=0x0000|bass_register_min=24|bass_register_max=47|bass_register_max_leap=12|secondary_register_min=48|secondary_register_max=71|secondary_register_max_leap=16	454e0e55ecf1a6eab6d3e9c5f00ca597d790bc619740642f46070c388f344f18	2137913191cacb9ea513a9d28eca32bf213cfd1248d5ef3447df288a749dcc7b	rhythms=120@58ead95419354e0b8d933f05d1c920d3e3a24dd9c8a90aa88d0a3c6dd5175726|110@5bbd9dd2451f931c2e2dda79ee09d3f3da2aeb7784b6547a44e3f97b40b550c6|100@d066bb41ef7e41bf04bc9bbb4532c8002c7f43d54418583754fcc3c0bdb78977	95ae5e71cc71f0dc38e428e561e60f1f8f51140c96a027d8b99b69d6441d709c	b2b1c91c26054f37b09ca0864e10b728eb6d2d2f0a710bfed298bacd03d563c2	b3690f70c368afeef5d55b2d59c6bec5aa66280c6e81dcec1207bd70138ed7e1	a881b651c29626538122f859065638018f84a263b5cb1cdbd5f87f8b71ef9964	191f5edd4dfdc8a3e553a41e7cb1c4ba0f9177eff47f71d671592e3d3338c14d	backed=0|recipe=NONE|display=NONE|bpm=0|swing=0|variations=0	9e4a5a9f8b4359a1b43f86367ad5c05e1a41e02c5d380972712b52d1bd0fdebd	NOT_ATLAS_BACKED	fa706461de1668a8072fa3336353183076ddc974db1a2f210c9f268dccb09212	ee9ab1e81deab5d09560ce57735cacd68d769c94a85cd933d01cebc4bea2be75	MEMBERSHIP-CHANGE;MULTI-DOMAIN	COMPOSITION;CORRIDOR;DRUM	PARAMS;DRUM	NONE	tonal.bass_contour=ROOT ANCHOR;tonal.bass_articulation=PLAIN;tonal.melodic_rhythm_operation=PRESERVE;tonal.melodic_contour=STATIC;tonal.melodic_motif_operation=NONE
8	5	Reggae	Dub/Reggae	0	BASE	1	409:one_drop_space@120;410:steppers@110;411:sparse_skank@110;412:chord_response@100	1:SWING COMPAT@60;2:LAID BACK@120;3:PUSH/PULL@40	3:KICK ANSWER@85;4:GAP FILL@75;6:SPARSE ANCHOR@120;10:SUSTAIN/DROP@100	2:WHOLE BAR HOLD@55;4:OFFBEAT STAB@85;7:SPARSE CHORD REPLY@95;8:DUB CHORD SPACE@120	1:STATIC MODAL@80;2:PEDAL DRONE@150;7:BORROWED LIFT@55	1:SPARSE CALL@100;5:LONG TONE@70;6:REST HEAVY@120;9:DRIFT PHRASE@90	1:SOURCE ORDER@100;2:TWO-NOTE CELL@65;4:CALL/RESPONSE@110	20:REPEAT/REPLY/4bar@100;36:DEVELOP/RETURN/4bar@70;56:SPARSE DRIFT/8bar@120	68	105	82	16	2	9	Chord	Stage7Composition	0x0116	ROOT ANCHOR;ROOT/FIFTH;NEIGHBOR RETURN;PEDAL TURN	0x0106	ROOT ANCHOR;ROOT/FIFTH;PEDAL TURN	0x0002	PLAIN	0x0000	NONE	0x0002	PRESERVE	0x0000	NONE	0x0002	STATIC	0x0000	NONE	0x0002	NONE	0x0000	NONE	24	47	23	48	71	16	minNotes=4|maxNotes=8|minOctave=24|maxOctave=48|slide=0.050000|accent=0.150000|gate=0.550000|swing=0.200000|microTiming=0.150000|velocityMin=80|velocityMax=110|preferDownbeats=0|allowRepeats=1|rootBias=0.600000|ghost=0.120000|chromatic=0.050000|sparseKick=1|sparseHats=1|noAccents=1|fill=0.250000|drumSyncopation=0.280000|drumPreferOffbeat=1|drumVoiceCount=6	BASE_MODE_TEMPLATE	kickMask=0x8000|snareMask=0x0202|hatMask=0xaaaa|openHatMask=0x0000|kickGhost=0.150000|snareGhost=0.100000|hatVariation=0.200000|kickVelocity=94|snareVelocity=86|hatVelocity=72|useRim=1|useClap=0	stepMask=0xaaaa|motifLength=4|preferredScale=0|useMotif=1|allowChromatic=0|forceOctaveJump=0|avoidClusters=1	osc=1.000000|cutoff=0.280000|resonance=0.400000|envAmount=0.550000|envDecay=0.180000	0	NONE	NONE	0	0	0	0a2a6211ef00dcf2214dfd4704b6c34b424b1c9d	kDubProfile	rhythms=409,410,411,412|feels=1,2,3|bass=3,4,6,10|chord=2,4,7,8|progressions=1,2,7|melodic=1,5,6,9|motifs=1,2,4|phrases=20,36,56	rhythms=409@120,410@110,411@110,412@100|feels=1@60,2@120,3@40|bass=3@85,4@75,6@120,10@100|chord=2@55,4@85,7@95,8@120|progressions=1@80,2@150,7@55|melodic=1@100,5@70,6@120,9@90|motifs=1@100,2@65,4@110|phrases=20@100,36@70,56@120	20978971d3425122a117bcc364c1cad5801b5cfc2f47055d058e0919f5cb6fcf	e9f589b109628c06d81bf061120d9066675649436ecf2f37492436653a2b401f	bpm=68:82:105|grid=16|density=2:9	b16df9792a74fec71d40bf06e9b22a32ff5d13aa325a3d27fe06d94426b806af	456bb0100878d4840d9afc2a296736fdb8e6eddb7641902a990da60ebe248977	bass_allowed_contours_mask=0x0116|bass_preferred_contours_mask=0x0106|bass_allowed_articulations_mask=0x0002|bass_preferred_articulations_mask=0x0000|melodic_allowed_rhythm_ops_mask=0x0002|melodic_preferred_rhythm_ops_mask=0x0000|melodic_allowed_contours_mask=0x0002|melodic_preferred_contours_mask=0x0000|melodic_allowed_motif_ops_mask=0x0002|melodic_preferred_motif_ops_mask=0x0000|bass_register_min=24|bass_register_max=47|bass_register_max_leap=23|secondary_register_min=48|secondary_register_max=71|secondary_register_max_leap=16	02b5183ddc0c44522a7d231b4c8c9ce7dba294e83d08d14daad6d704452a5ee1	a6b50fcbf6916177ba0f5f7ef2a98318cd33b35857fe6a67eab4eb77fd271d11	rhythms=120@4e854e08e0bbbd7666b3b1ec742056ded86871736489d2f1612c8526756029d0|110@7a4e3daadc58b77247dfab8a497947ac87c764ab37acda38a7c05b39f1c3f43a|110@7bdb393e6dcc18873f73e88cdc0589ace8f5bb5f0dbdda079c7460170ddce92b|100@eefa93493bac0622096b556ce2ded36f8db496694113a58765b2eadd25315767	f3941208f737a54e174d3103a23e0e4ed20c6fd465cc6a4c7066357e83c7b59c	a64b002661525ddd11d9f6221bb20b92ad124a117ab83b8c743e299e103dc8fe	24dd99d27e48e02070e95c998e7acaf3d7ebbb584a9c0e6c51ca38669805faa1	f7614b006ce473bc64f56ff865d493192f14ac1604e703c1be0f327e15538b22	4994470ce479643f9ca73a99cdd3f7272d1eaa7d1479023007471319666ad067	backed=0|recipe=NONE|display=NONE|bpm=0|swing=0|variations=0	9e4a5a9f8b4359a1b43f86367ad5c05e1a41e02c5d380972712b52d1bd0fdebd	NOT_ATLAS_BACKED	327e75f27a499cd17bbb1e2400123cd93318ed364136f98974693a2c1d5cd0e0	5f7f798c2a8684db5bfc16839c6261280ff6e36b7af96319025100e827d7a1b3	BASE	NONE	NONE	NONE	tonal.bass_articulation=PLAIN;tonal.melodic_rhythm_operation=PRESERVE;tonal.melodic_contour=STATIC;tonal.melodic_motif_operation=NONE
9	5	Reggae	Dub/Reggae	5	Dub Techno	0	409:one_drop_space@110;410:steppers@100;411:sparse_skank@110;412:chord_response@120	1:SWING COMPAT@60;2:LAID BACK@120;3:PUSH/PULL@40	3:KICK ANSWER@85;4:GAP FILL@75;6:SPARSE ANCHOR@120;10:SUSTAIN/DROP@100	2:WHOLE BAR HOLD@55;4:OFFBEAT STAB@85;7:SPARSE CHORD REPLY@95;8:DUB CHORD SPACE@120	1:STATIC MODAL@80;2:PEDAL DRONE@150;7:BORROWED LIFT@55	1:SPARSE CALL@100;5:LONG TONE@70;6:REST HEAVY@120;9:DRIFT PHRASE@90	1:SOURCE ORDER@100;2:TWO-NOTE CELL@65;4:CALL/RESPONSE@110	20:REPEAT/REPLY/4bar@100;36:DEVELOP/RETURN/4bar@70;56:SPARSE DRIFT/8bar@120	112	128	120	16	2	8	Chord	DubTechno	0x0116	ROOT ANCHOR;ROOT/FIFTH;NEIGHBOR RETURN;PEDAL TURN	0x0106	ROOT ANCHOR;ROOT/FIFTH;PEDAL TURN	0x0002	PLAIN	0x0000	NONE	0x0002	PRESERVE	0x0000	NONE	0x0002	STATIC	0x0000	NONE	0x0002	NONE	0x0000	NONE	24	47	23	48	71	16	minNotes=3|maxNotes=6|minOctave=24|maxOctave=48|slide=0.050000|accent=0.150000|gate=0.550000|swing=0.120000|microTiming=0.160000|velocityMin=72|velocityMax=108|preferDownbeats=0|allowRepeats=1|rootBias=0.780000|ghost=0.280000|chromatic=0.050000|sparseKick=1|sparseHats=1|noAccents=1|fill=0.180000|drumSyncopation=0.300000|drumPreferOffbeat=1|drumVoiceCount=6	RECIPE_OVERRIDE	kickMask=0x8080|snareMask=0x0808|hatMask=0x2222|openHatMask=0x0202|kickGhost=0.100000|snareGhost=0.060000|hatVariation=0.220000|kickVelocity=92|snareVelocity=88|hatVelocity=70|useRim=1|useClap=0	stepMask=0xaaaa|motifLength=4|preferredScale=0|useMotif=1|allowChromatic=0|forceOctaveJump=0|avoidClusters=1	osc=1.000000|cutoff=0.280000|resonance=0.400000|envAmount=0.550000|envDecay=0.180000	0	NONE	NONE	0	0	0	0a2a6211ef00dcf2214dfd4704b6c34b424b1c9d	kDubProfile	rhythms=409,410,411,412|feels=1,2,3|bass=3,4,6,10|chord=2,4,7,8|progressions=1,2,7|melodic=1,5,6,9|motifs=1,2,4|phrases=20,36,56	rhythms=409@110,410@100,411@110,412@120|feels=1@60,2@120,3@40|bass=3@85,4@75,6@120,10@100|chord=2@55,4@85,7@95,8@120|progressions=1@80,2@150,7@55|melodic=1@100,5@70,6@120,9@90|motifs=1@100,2@65,4@110|phrases=20@100,36@70,56@120	20978971d3425122a117bcc364c1cad5801b5cfc2f47055d058e0919f5cb6fcf	6d4466e7264ec309fe6fae666dd7e00cab9c6d7649262061c838534b0c3d452c	bpm=112:120:128|grid=16|density=2:8	fa5bdbdd3a37c6de2ad7eaf2d8a39886a171138da8d22cdad331743ec759de08	456bb0100878d4840d9afc2a296736fdb8e6eddb7641902a990da60ebe248977	bass_allowed_contours_mask=0x0116|bass_preferred_contours_mask=0x0106|bass_allowed_articulations_mask=0x0002|bass_preferred_articulations_mask=0x0000|melodic_allowed_rhythm_ops_mask=0x0002|melodic_preferred_rhythm_ops_mask=0x0000|melodic_allowed_contours_mask=0x0002|melodic_preferred_contours_mask=0x0000|melodic_allowed_motif_ops_mask=0x0002|melodic_preferred_motif_ops_mask=0x0000|bass_register_min=24|bass_register_max=47|bass_register_max_leap=23|secondary_register_min=48|secondary_register_max=71|secondary_register_max_leap=16	02b5183ddc0c44522a7d231b4c8c9ce7dba294e83d08d14daad6d704452a5ee1	94674cf83308869bbd7b2fdfda752b4e984997989d7584549f5362bce6aaffdc	rhythms=110@4e854e08e0bbbd7666b3b1ec742056ded86871736489d2f1612c8526756029d0|100@7a4e3daadc58b77247dfab8a497947ac87c764ab37acda38a7c05b39f1c3f43a|110@7bdb393e6dcc18873f73e88cdc0589ace8f5bb5f0dbdda079c7460170ddce92b|120@eefa93493bac0622096b556ce2ded36f8db496694113a58765b2eadd25315767	243e91fd6443f32003f121dc73676f6658b972182bc0e51c493b26cdd7a5ba38	bcd941b36bab0ba988286160ea292374a35ece75bebe46228a2ce0f8ce2d0e32	13a44b062f588f5addd75d4b413bd82751c86c35e91fe1299477a751d9878b00	f7614b006ce473bc64f56ff865d493192f14ac1604e703c1be0f327e15538b22	4994470ce479643f9ca73a99cdd3f7272d1eaa7d1479023007471319666ad067	backed=0|recipe=NONE|display=NONE|bpm=0|swing=0|variations=0	9e4a5a9f8b4359a1b43f86367ad5c05e1a41e02c5d380972712b52d1bd0fdebd	NOT_ATLAS_BACKED	34da30a241a72313904c932e084304b85fa29e983734bf0e7952b8ac8c395c16	94157de49b2b9ec126d01f800e5a97b17ea55fb25ca0206a5cd2c06c432c5ed2	MULTI-DOMAIN	COMPOSITION;CORRIDOR;DRUM	PARAMS;DRUM	NONE	tonal.bass_articulation=PLAIN;tonal.melodic_rhythm_operation=PRESERVE;tonal.melodic_contour=STATIC;tonal.melodic_motif_operation=NONE
10	5	Reggae	Dub/Reggae	10	Deep Chord	0	412:chord_response@120	0:STRAIGHT@25;2:LAID BACK@120;3:PUSH/PULL@65	3:KICK ANSWER@85;4:GAP FILL@75;6:SPARSE ANCHOR@120;10:SUSTAIN/DROP@100	2:WHOLE BAR HOLD@55;4:OFFBEAT STAB@85;7:SPARSE CHORD REPLY@95;8:DUB CHORD SPACE@120	1:STATIC MODAL@80;2:PEDAL DRONE@150;7:BORROWED LIFT@55	1:SPARSE CALL@100;5:LONG TONE@70;6:REST HEAVY@120;9:DRIFT PHRASE@90	1:SOURCE ORDER@100;2:TWO-NOTE CELL@65;4:CALL/RESPONSE@110	20:REPEAT/REPLY/4bar@100;36:DEVELOP/RETURN/4bar@70;56:SPARSE DRIFT/8bar@120	108	124	116	16	2	8	Chord	DeepChord	0x0116	ROOT ANCHOR;ROOT/FIFTH;NEIGHBOR RETURN;PEDAL TURN	0x0106	ROOT ANCHOR;ROOT/FIFTH;PEDAL TURN	0x0002	PLAIN	0x0000	NONE	0x0002	PRESERVE	0x0000	NONE	0x0002	STATIC	0x0000	NONE	0x0002	NONE	0x0000	NONE	24	47	23	48	71	16	minNotes=3|maxNotes=6|minOctave=24|maxOctave=48|slide=0.050000|accent=0.150000|gate=0.550000|swing=0.100000|microTiming=0.100000|velocityMin=72|velocityMax=108|preferDownbeats=0|allowRepeats=1|rootBias=0.800000|ghost=0.240000|chromatic=0.040000|sparseKick=1|sparseHats=1|noAccents=1|fill=0.160000|drumSyncopation=0.280000|drumPreferOffbeat=1|drumVoiceCount=6	RECIPE_OVERRIDE	kickMask=0x8888|snareMask=0x0808|hatMask=0x2222|openHatMask=0x0202|kickGhost=0.080000|snareGhost=0.060000|hatVariation=0.200000|kickVelocity=94|snareVelocity=88|hatVelocity=70|useRim=1|useClap=0	stepMask=0x8888|motifLength=4|preferredScale=3|useMotif=1|allowChromatic=0|forceOctaveJump=0|avoidClusters=1	osc=1.000000|cutoff=0.300000|resonance=0.340000|envAmount=0.500000|envDecay=0.200000	1	REC_DUB_DEEP_CHORD	Deep Chord	120	54	3	0a2a6211ef00dcf2214dfd4704b6c34b424b1c9d	kDubProfile	rhythms=412|feels=0,2,3|bass=3,4,6,10|chord=2,4,7,8|progressions=1,2,7|melodic=1,5,6,9|motifs=1,2,4|phrases=20,36,56	rhythms=412@120|feels=0@25,2@120,3@65|bass=3@85,4@75,6@120,10@100|chord=2@55,4@85,7@95,8@120|progressions=1@80,2@150,7@55|melodic=1@100,5@70,6@120,9@90|motifs=1@100,2@65,4@110|phrases=20@100,36@70,56@120	6f37580b34679d6e33a74d7c6cbaceee1c7f3a96312f1774dfc1113a0099809e	fca22e4df3e07bc8dee45d766fca68cbe58d67e17572314733ee174ddd4633a5	bpm=108:116:124|grid=16|density=2:8	f4267d2f198c413184f162f74be87c3fd2edacbc2b7a751cbe3cac2bdd59147d	456bb0100878d4840d9afc2a296736fdb8e6eddb7641902a990da60ebe248977	bass_allowed_contours_mask=0x0116|bass_preferred_contours_mask=0x0106|bass_allowed_articulations_mask=0x0002|bass_preferred_articulations_mask=0x0000|melodic_allowed_rhythm_ops_mask=0x0002|melodic_preferred_rhythm_ops_mask=0x0000|melodic_allowed_contours_mask=0x0002|melodic_preferred_contours_mask=0x0000|melodic_allowed_motif_ops_mask=0x0002|melodic_preferred_motif_ops_mask=0x0000|bass_register_min=24|bass_register_max=47|bass_register_max_leap=23|secondary_register_min=48|secondary_register_max=71|secondary_register_max_leap=16	02b5183ddc0c44522a7d231b4c8c9ce7dba294e83d08d14daad6d704452a5ee1	664814c429aea190dbd8dcecfb17d73ded76fd1dcc16b4cd6bbfac12c54864b9	rhythms=120@eefa93493bac0622096b556ce2ded36f8db496694113a58765b2eadd25315767	925acf22b8f24e22c58866832f5b3ce0edb9e262fb818d07cd67f18f3a874139	fefb0b0f389702a33895bd95d2efb15734b13d592a7693764c031435c824b656	d5ad2f14bd055d1a649da90e8cdac284fecdfa2ac579c240268487c1284e0922	d04c2c33b4c9067039d9c44a332ed3b938d50c0dc2334a80d8f92bfae30f5e78	043c2dab52b9e3beedc1d75c11417ec86677c0bb069726fc901f2d5ee36aa161	backed=1|recipe=REC_DUB_DEEP_CHORD|display=Deep Chord|bpm=120|swing=54|variations=3	315e43d94d72db005468bcc7ecf8b76c86e7221aa420641282fc9e7272ed5354	INSIDE_CORRIDOR	a7df848f9e4d46dcf9162ac4c2120e805455eb284f3ac590f884203d7cff4ae5	468a565fdf85fb0c35f18f41fa2edd99d06b0e4deab8242551a311e97e71c998	MEMBERSHIP-CHANGE;MULTI-DOMAIN	COMPOSITION;CORRIDOR;DRUM	PARAMS;DRUM;BEHAVIOR;TIMBRE	ATLAS_METADATA	composition.rhythms=chord_response;tonal.bass_articulation=PLAIN;tonal.melodic_rhythm_operation=PRESERVE;tonal.melodic_contour=STATIC;tonal.melodic_motif_operation=NONE
11	5	Reggae	Dub/Reggae	11	Minimal Space	0	409:one_drop_space@100;411:sparse_skank@120;412:chord_response@90	1:SWING COMPAT@60;2:LAID BACK@120;3:PUSH/PULL@40	3:KICK ANSWER@85;4:GAP FILL@75;6:SPARSE ANCHOR@120;10:SUSTAIN/DROP@100	2:WHOLE BAR HOLD@55;4:OFFBEAT STAB@85;7:SPARSE CHORD REPLY@95;8:DUB CHORD SPACE@120	1:STATIC MODAL@80;2:PEDAL DRONE@150;7:BORROWED LIFT@55	1:SPARSE CALL@100;5:LONG TONE@70;6:REST HEAVY@120;9:DRIFT PHRASE@90	1:SOURCE ORDER@100;2:TWO-NOTE CELL@65;4:CALL/RESPONSE@110	20:REPEAT/REPLY/4bar@100;36:DEVELOP/RETURN/4bar@70;56:SPARSE DRIFT/8bar@120	72	102	86	16	1	7	Chord	Stage7Composition	0x0116	ROOT ANCHOR;ROOT/FIFTH;NEIGHBOR RETURN;PEDAL TURN	0x0106	ROOT ANCHOR;ROOT/FIFTH;PEDAL TURN	0x0002	PLAIN	0x0000	NONE	0x0002	PRESERVE	0x0000	NONE	0x0002	STATIC	0x0000	NONE	0x0002	NONE	0x0000	NONE	24	47	23	48	71	16	minNotes=2|maxNotes=5|minOctave=24|maxOctave=48|slide=0.050000|accent=0.150000|gate=0.550000|swing=0.020000|microTiming=0.080000|velocityMin=68|velocityMax=104|preferDownbeats=0|allowRepeats=1|rootBias=0.840000|ghost=0.200000|chromatic=0.030000|sparseKick=1|sparseHats=1|noAccents=1|fill=0.120000|drumSyncopation=0.220000|drumPreferOffbeat=1|drumVoiceCount=6	RECIPE_OVERRIDE	kickMask=0x8080|snareMask=0x0808|hatMask=0x2222|openHatMask=0x0202|kickGhost=0.060000|snareGhost=0.050000|hatVariation=0.160000|kickVelocity=90|snareVelocity=84|hatVelocity=68|useRim=1|useClap=0	stepMask=0x8888|motifLength=4|preferredScale=3|useMotif=1|allowChromatic=0|forceOctaveJump=0|avoidClusters=1	osc=1.000000|cutoff=0.300000|resonance=0.340000|envAmount=0.500000|envDecay=0.200000	1	REC_DUB_MINIMAL_SPACE	Minimal Space	116	51	3	0a2a6211ef00dcf2214dfd4704b6c34b424b1c9d	kDubProfile	rhythms=409,411,412|feels=1,2,3|bass=3,4,6,10|chord=2,4,7,8|progressions=1,2,7|melodic=1,5,6,9|motifs=1,2,4|phrases=20,36,56	rhythms=409@100,411@120,412@90|feels=1@60,2@120,3@40|bass=3@85,4@75,6@120,10@100|chord=2@55,4@85,7@95,8@120|progressions=1@80,2@150,7@55|melodic=1@100,5@70,6@120,9@90|motifs=1@100,2@65,4@110|phrases=20@100,36@70,56@120	1c173d340a0687c1552e41e93d1d7cedba9c30ac41481c5e09f556480d7da585	04b0bfbad293cd1fef6f26bef6528b126a6767c345a224dbae70ae06beba71de	bpm=72:86:102|grid=16|density=1:7	0f532416b89b3059f90f7f66aef388c23d5d9c8a7b656efdafcc43f24b0c55a9	456bb0100878d4840d9afc2a296736fdb8e6eddb7641902a990da60ebe248977	bass_allowed_contours_mask=0x0116|bass_preferred_contours_mask=0x0106|bass_allowed_articulations_mask=0x0002|bass_preferred_articulations_mask=0x0000|melodic_allowed_rhythm_ops_mask=0x0002|melodic_preferred_rhythm_ops_mask=0x0000|melodic_allowed_contours_mask=0x0002|melodic_preferred_contours_mask=0x0000|melodic_allowed_motif_ops_mask=0x0002|melodic_preferred_motif_ops_mask=0x0000|bass_register_min=24|bass_register_max=47|bass_register_max_leap=23|secondary_register_min=48|secondary_register_max=71|secondary_register_max_leap=16	02b5183ddc0c44522a7d231b4c8c9ce7dba294e83d08d14daad6d704452a5ee1	e88ca51a757d7fa92a234a692f64ba8f0b8a7fb525c507878d697adf34ed4aea	rhythms=100@4e854e08e0bbbd7666b3b1ec742056ded86871736489d2f1612c8526756029d0|120@7bdb393e6dcc18873f73e88cdc0589ace8f5bb5f0dbdda079c7460170ddce92b|90@eefa93493bac0622096b556ce2ded36f8db496694113a58765b2eadd25315767	d999b1fe2dda3dcc8865c489a1e8c9954edd922b33c8987ec8149032f1752567	6dc55b81c5efba215f0da6ba3a824d0e2f8eddd194ba673f88dd71e0ee1efb87	8da6a68c6a61c970070e6f5d5a18b5052ea9f50c3885042108c5188716c8d03d	d04c2c33b4c9067039d9c44a332ed3b938d50c0dc2334a80d8f92bfae30f5e78	043c2dab52b9e3beedc1d75c11417ec86677c0bb069726fc901f2d5ee36aa161	backed=1|recipe=REC_DUB_MINIMAL_SPACE|display=Minimal Space|bpm=116|swing=51|variations=3	3842f08874eb073815c32b150c8daa1a1506ab1bc6ad02d07c53de81555fb74e	OUTSIDE_CORRIDOR	93c95f73e8f0037665b36342bbb6e615a3cac859f42594e0910882774ccc2d9b	4dc09dd9789eb00033c0088616451bac55d485d183e5f4c195a33ddcba686630	MEMBERSHIP-CHANGE;MULTI-DOMAIN	COMPOSITION;CORRIDOR;DRUM	PARAMS;DRUM;BEHAVIOR;TIMBRE	ATLAS_METADATA	tonal.bass_articulation=PLAIN;tonal.melodic_rhythm_operation=PRESERVE;tonal.melodic_contour=STATIC;tonal.melodic_motif_operation=NONE
12	6	TripHop	Trip-Hop	0	BASE	1	415:sparse_fast_break@120;416:halftime_switch@130;713:funk_house_bridge@90;714:electro_gap_push@75	0:STRAIGHT@25;2:LAID BACK@120;3:PUSH/PULL@65	3:KICK ANSWER@75;4:GAP FILL@45;6:SPARSE ANCHOR@120;8:HALF-TIME POCKET@100;10:SUSTAIN/DROP@80	1:HELD PAD@110;2:WHOLE BAR HOLD@100;5:BACKBEAT STAB@35;7:SPARSE CHORD REPLY@120	2:PEDAL DRONE@70;4:II-V-I@150;5:PARALLEL SHIFT@100	1:SPARSE CALL@85;2:DELAYED ANSWER@110;3:TWO-NOTE HOOK@70;5:LONG TONE@75;6:REST HEAVY@120	1:SOURCE ORDER@100;2:TWO-NOTE CELL@65;4:CALL/RESPONSE@110	20:REPEAT/REPLY/4bar@100;36:DEVELOP/RETURN/4bar@70;56:SPARSE DRIFT/8bar@120	66	98	80	16	2	9	Chord	Stage7Composition	0x0136	ROOT ANCHOR;ROOT/FIFTH;NEIGHBOR RETURN;STEP APPROACH;PEDAL TURN	0x0130	NEIGHBOR RETURN;STEP APPROACH;PEDAL TURN	0x0002	PLAIN	0x0000	NONE	0x0002	PRESERVE	0x0000	NONE	0x03b2	STATIC;ARCH;INVERTED ARCH;NEIGHBOR;REPEAT THEN UP;REPEAT THEN DOWN	0x00b2	STATIC;ARCH;INVERTED ARCH;NEIGHBOR	0x0002	NONE	0x0000	NONE	24	47	23	48	71	16	minNotes=5|maxNotes=9|minOctave=36|maxOctave=60|slide=0.050000|accent=0.250000|gate=0.600000|swing=0.180000|microTiming=0.250000|velocityMin=75|velocityMax=108|preferDownbeats=0|allowRepeats=1|rootBias=0.350000|ghost=0.180000|chromatic=0.100000|sparseKick=1|sparseHats=1|noAccents=0|fill=0.200000|drumSyncopation=0.300000|drumPreferOffbeat=1|drumVoiceCount=6	BASE_MODE_TEMPLATE	kickMask=0x8080|snareMask=0x0820|hatMask=0xa8a8|openHatMask=0x0200|kickGhost=0.120000|snareGhost=0.180000|hatVariation=0.400000|kickVelocity=96|snareVelocity=106|hatVelocity=74|useRim=0|useClap=0	stepMask=0xf0f0|motifLength=4|preferredScale=2|useMotif=1|allowChromatic=0|forceOctaveJump=0|avoidClusters=1	osc=0.200000|cutoff=0.450000|resonance=0.250000|envAmount=0.550000|envDecay=0.300000	0	NONE	NONE	0	0	0	0a2a6211ef00dcf2214dfd4704b6c34b424b1c9d	kSlowProfile	rhythms=415,416,713,714|feels=0,2,3|bass=3,4,6,8,10|chord=1,2,5,7|progressions=2,4,5|melodic=1,2,3,5,6|motifs=1,2,4|phrases=20,36,56	rhythms=415@120,416@130,713@90,714@75|feels=0@25,2@120,3@65|bass=3@75,4@45,6@120,8@100,10@80|chord=1@110,2@100,5@35,7@120|progressions=2@70,4@150,5@100|melodic=1@85,2@110,3@70,5@75,6@120|motifs=1@100,2@65,4@110|phrases=20@100,36@70,56@120	9a45374ca94e5ec95e3eca255643058995fc0006398b8e6dd6c53c2b5d9afe6f	daa3e4751b2088c0dceeaec0cc4055900a314bfa52f8a94aa91113b67e61c5a1	bpm=66:80:98|grid=16|density=2:9	6799c890ec89ed42747e9698f5a03341a5c4d7c9c347375fecdb32edca26bdda	456bb0100878d4840d9afc2a296736fdb8e6eddb7641902a990da60ebe248977	bass_allowed_contours_mask=0x0136|bass_preferred_contours_mask=0x0130|bass_allowed_articulations_mask=0x0002|bass_preferred_articulations_mask=0x0000|melodic_allowed_rhythm_ops_mask=0x0002|melodic_preferred_rhythm_ops_mask=0x0000|melodic_allowed_contours_mask=0x03b2|melodic_preferred_contours_mask=0x00b2|melodic_allowed_motif_ops_mask=0x0002|melodic_preferred_motif_ops_mask=0x0000|bass_register_min=24|bass_register_max=47|bass_register_max_leap=23|secondary_register_min=48|secondary_register_max=71|secondary_register_max_leap=16	98fcdf0bc8ddb3504bf6c2fbc150e6e37cc3e6f491cbe3e267907984d26af51a	576825ad9319db0a76d19bbbb6acde73e73bcd44580b5c939b4b9eec20c682f0	rhythms=120@e74d4aadfb9065f805fd659a69e325cde5f8ac918c9db8b91de4aa8165913cc0|130@f5941032d43efd25f1eeda27de224702ce77b1bf895b1c1dda42516256b08640|90@6e94a20bb5945ce8175696b18f89200b1f0d569105da82a5c004da69cf3e4f28|75@d5ec7219d7b01231b1d9f6168c573ed019d75f5d100de9b03f01935021e45450	cd78fefb0c21213d585ae8b5c3c554cf785cdd0eadb6167f4b1f37e53556e32d	1bccb69e01066aad65ca8ab73064c6ec84c01a12d29eed8594bceda8ea904b96	376270ba94b762dd11d03c7af02857b91bfa6df2154692b836fb18cb2a0a549c	2fba4a2d8804321683e29aa13b72637ec647132f06576b3d4cf02988dbffb6ff	291d2668bab115cb9aa6908e40aa8e184b869194397e53b7f1e3e01f70e3b536	backed=0|recipe=NONE|display=NONE|bpm=0|swing=0|variations=0	9e4a5a9f8b4359a1b43f86367ad5c05e1a41e02c5d380972712b52d1bd0fdebd	NOT_ATLAS_BACKED	42dd771216084d87b1edbe66619d5ee5aa0b788b6018b04d5c7a1f1fb122c011	756e1dbb2f526dbd416e58c4686e2659519d39c1845db6a0f92b2340ac372c28	BASE	NONE	NONE	NONE	tonal.bass_articulation=PLAIN;tonal.melodic_rhythm_operation=PRESERVE;tonal.melodic_motif_operation=NONE
13	7	Broken	Breaks	0	BASE	1	413:two_step_roll@100;414:ghosted_roll@100;415:sparse_fast_break@90;416:halftime_switch@90;417:classic_2step@110;418:skippy_2step@110;419:shuffled_4x4@90;420:machine_syncopation@80	0:STRAIGHT@45;1:SWING COMPAT@110;3:PUSH/PULL@70	3:KICK ANSWER@90;4:GAP FILL@90;5:OFFBEAT PUSH@70;9:SYNCOPATED HOOK@120	1:HELD PAD@55;5:BACKBEAT STAB@80;6:ANTICIPATED CHANGE@100;7:SPARSE CHORD REPLY@90	1:STATIC MODAL@85;5:PARALLEL SHIFT@65;6:MINOR FALL@45;7:BORROWED LIFT@80	1:SPARSE CALL@55;2:DELAYED ANSWER@110;4:PICKUP PHRASE@85;7:BAR-END RESPONSE@100	1:SOURCE ORDER@55;3:MIRROR@75;4:CALL/RESPONSE@120;5:PIVOT@80	18:REPEAT/REPLY/2bar@55;20:REPEAT/REPLY/4bar@110;36:DEVELOP/RETURN/4bar@95	118	148	132	16	5	14	Melodic	Stage7Composition	0x0076	ROOT ANCHOR;ROOT/FIFTH;NEIGHBOR RETURN;STEP APPROACH;LEAP RETURN	0x0034	ROOT/FIFTH;NEIGHBOR RETURN;STEP APPROACH	0x0002	PLAIN	0x0000	NONE	0x0002	PRESERVE	0x0000	NONE	0x038e	STATIC;STEP UP;STEP DOWN;NEIGHBOR;REPEAT THEN UP;REPEAT THEN DOWN	0x038c	STEP UP;STEP DOWN;NEIGHBOR;REPEAT THEN UP;REPEAT THEN DOWN	0x0002	NONE	0x0000	NONE	24	47	23	48	71	16	minNotes=7|maxNotes=12|minOctave=36|maxOctave=72|slide=0.100000|accent=0.350000|gate=0.450000|swing=0.280000|microTiming=0.120000|velocityMin=90|velocityMax=120|preferDownbeats=0|allowRepeats=1|rootBias=0.200000|ghost=0.080000|chromatic=0.120000|sparseKick=0|sparseHats=0|noAccents=0|fill=0.350000|drumSyncopation=0.450000|drumPreferOffbeat=1|drumVoiceCount=8	BASE_MODE_TEMPLATE	kickMask=0x8484|snareMask=0x0840|hatMask=0xf5a5|openHatMask=0x0200|kickGhost=0.080000|snareGhost=0.120000|hatVariation=0.460000|kickVelocity=104|snareVelocity=108|hatVelocity=82|useRim=0|useClap=1	stepMask=0xaa55|motifLength=3|preferredScale=3|useMotif=1|allowChromatic=1|forceOctaveJump=1|avoidClusters=0	osc=0.000000|cutoff=0.620000|resonance=0.320000|envAmount=0.700000|envDecay=0.250000	0	NONE	NONE	0	0	0	0a2a6211ef00dcf2214dfd4704b6c34b424b1c9d	kBrokenProfile	rhythms=413,414,415,416,417,418,419,420|feels=0,1,3|bass=3,4,5,9|chord=1,5,6,7|progressions=1,5,6,7|melodic=1,2,4,7|motifs=1,3,4,5|phrases=18,20,36	rhythms=413@100,414@100,415@90,416@90,417@110,418@110,419@90,420@80|feels=0@45,1@110,3@70|bass=3@90,4@90,5@70,9@120|chord=1@55,5@80,6@100,7@90|progressions=1@85,5@65,6@45,7@80|melodic=1@55,2@110,4@85,7@100|motifs=1@55,3@75,4@120,5@80|phrases=18@55,20@110,36@95	f5ceb2f5f901d803cea704d8d1ea155b18bc19ccbad24158fd3aec587b9e11ab	e1954b32575ca020982c1536ad4a61059fa7af1c2a6e8ad9c6fe912ed2a465e5	bpm=118:132:148|grid=16|density=5:14	b1b377f18db1098eac8a1cb811c70f7bf1c3a66a99b2b04aa84bdadaf7d91f5b	9f3c0de140688689933e6406b2fdec1bc35a0cc468c4a1f70bea761ad40cdbf0	bass_allowed_contours_mask=0x0076|bass_preferred_contours_mask=0x0034|bass_allowed_articulations_mask=0x0002|bass_preferred_articulations_mask=0x0000|melodic_allowed_rhythm_ops_mask=0x0002|melodic_preferred_rhythm_ops_mask=0x0000|melodic_allowed_contours_mask=0x038e|melodic_preferred_contours_mask=0x038c|melodic_allowed_motif_ops_mask=0x0002|melodic_preferred_motif_ops_mask=0x0000|bass_register_min=24|bass_register_max=47|bass_register_max_leap=23|secondary_register_min=48|secondary_register_max=71|secondary_register_max_leap=16	87f030fa12014045b56c2df5bb96c00a765200b4ec4e079883afb5916c9a2f80	2ef8822b8bbaa9569644c59e68b7ca134db1a7ed6a156cdc7ace0f732f3aaf1b	rhythms=100@87e2d2882536c6dd248c966a277c9659e498797f8ce43ed5a3611a6c88daa8cd|100@08f122fe889c900fa68ee1c85c0edc579bdd84e9d9339a16078dbcf80a6ba267|90@e74d4aadfb9065f805fd659a69e325cde5f8ac918c9db8b91de4aa8165913cc0|90@f5941032d43efd25f1eeda27de224702ce77b1bf895b1c1dda42516256b08640|110@e420861de9bb5443d1ca1ad9bc0f4d0ab073f60381bc30b32a2fcf9ae2290f63|110@4f66189f045dc0cde01d538da86f6c3ba3bf3c21ce834db656119c211a5d4d82|90@51829bd328713ced8977e6df4e583eded864ffc5c06be193d7658c2111226c7b|80@71b6dad74dd1ec2669fb58ff5458698021043b5b48122ac4429a6c0dcddc0a5e	a351fa7ecfca7a1671db61630c0df1fe5635b542086e0047e368b109ea4faa64	ce63dbba398e676b0379b78383a0b210f1f5c11bbe960a932c215ee102e6b6a6	931ee652877e23876d80c03f6a46411dabf480929f4853d5db236ae469dbe757	8d099ff865dc81de91fc81bb38f7f9287f93a45b920b01962bd78b97427b07ce	58f586db31f62f1b344f008d27efdd052471597c255738c8afd16a6b286fcb29	backed=0|recipe=NONE|display=NONE|bpm=0|swing=0|variations=0	9e4a5a9f8b4359a1b43f86367ad5c05e1a41e02c5d380972712b52d1bd0fdebd	NOT_ATLAS_BACKED	ffb7847c1139ecf43350297bf4d4f9317c7bbf4a40f07066bf9fa23c694e693d	e552b942e7de1330fc84ed15bc245f466f7c4c282c656989429c937d75ced32d	BASE	NONE	NONE	NONE	tonal.bass_articulation=PLAIN;tonal.melodic_rhythm_operation=PRESERVE;tonal.melodic_motif_operation=NONE
14	7	Broken	Breaks	1	UK Garage	0	417:classic_2step@120;418:skippy_2step@110;419:shuffled_4x4@100;420:machine_syncopation@80	0:STRAIGHT@45;1:SWING COMPAT@110;3:PUSH/PULL@70	3:KICK ANSWER@90;4:GAP FILL@90;5:OFFBEAT PUSH@70;9:SYNCOPATED HOOK@120	1:HELD PAD@55;5:BACKBEAT STAB@80;6:ANTICIPATED CHANGE@100;7:SPARSE CHORD REPLY@90	1:STATIC MODAL@85;5:PARALLEL SHIFT@65;6:MINOR FALL@45;7:BORROWED LIFT@80	1:SPARSE CALL@55;2:DELAYED ANSWER@110;4:PICKUP PHRASE@85;7:BAR-END RESPONSE@100	1:SOURCE ORDER@55;3:MIRROR@75;4:CALL/RESPONSE@120;5:PIVOT@80	18:REPEAT/REPLY/2bar@55;20:REPEAT/REPLY/4bar@110;36:DEVELOP/RETURN/4bar@95	125	138	132	16	5	13	Melodic	Stage7Composition	0x0076	ROOT ANCHOR;ROOT/FIFTH;NEIGHBOR RETURN;STEP APPROACH;LEAP RETURN	0x0034	ROOT/FIFTH;NEIGHBOR RETURN;STEP APPROACH	0x0002	PLAIN	0x0000	NONE	0x0002	PRESERVE	0x0000	NONE	0x038e	STATIC;STEP UP;STEP DOWN;NEIGHBOR;REPEAT THEN UP;REPEAT THEN DOWN	0x038c	STEP UP;STEP DOWN;NEIGHBOR;REPEAT THEN UP;REPEAT THEN DOWN	0x0002	NONE	0x0000	NONE	24	47	23	48	71	16	minNotes=6|maxNotes=10|minOctave=36|maxOctave=72|slide=0.100000|accent=0.350000|gate=0.450000|swing=0.280000|microTiming=0.180000|velocityMin=84|velocityMax=116|preferDownbeats=0|allowRepeats=1|rootBias=0.450000|ghost=0.120000|chromatic=0.100000|sparseKick=0|sparseHats=0|noAccents=0|fill=0.280000|drumSyncopation=0.550000|drumPreferOffbeat=1|drumVoiceCount=8	RECIPE_OVERRIDE	kickMask=0x8121|snareMask=0x0808|hatMask=0xffff|openHatMask=0x2222|kickGhost=0.080000|snareGhost=0.100000|hatVariation=0.350000|kickVelocity=104|snareVelocity=102|hatVelocity=82|useRim=0|useClap=1	stepMask=0xaa55|motifLength=3|preferredScale=3|useMotif=1|allowChromatic=1|forceOctaveJump=1|avoidClusters=0	osc=0.000000|cutoff=0.620000|resonance=0.320000|envAmount=0.700000|envDecay=0.250000	0	NONE	NONE	0	0	0	0a2a6211ef00dcf2214dfd4704b6c34b424b1c9d	kBrokenProfile	rhythms=417,418,419,420|feels=0,1,3|bass=3,4,5,9|chord=1,5,6,7|progressions=1,5,6,7|melodic=1,2,4,7|motifs=1,3,4,5|phrases=18,20,36	rhythms=417@120,418@110,419@100,420@80|feels=0@45,1@110,3@70|bass=3@90,4@90,5@70,9@120|chord=1@55,5@80,6@100,7@90|progressions=1@85,5@65,6@45,7@80|melodic=1@55,2@110,4@85,7@100|motifs=1@55,3@75,4@120,5@80|phrases=18@55,20@110,36@95	bf7799b4abf8726873654abaec34c6b2f1aa1668b4c0d4f395afcf8332547ba8	3b30fd692ddf16e4353f56a16b7e6b93328b5a9b903d6d806ff85f29fdefc760	bpm=125:132:138|grid=16|density=5:13	e76ae969098172c50e19e39c44bfd891c63cef5dc8d3342a45227bba9f876993	9f3c0de140688689933e6406b2fdec1bc35a0cc468c4a1f70bea761ad40cdbf0	bass_allowed_contours_mask=0x0076|bass_preferred_contours_mask=0x0034|bass_allowed_articulations_mask=0x0002|bass_preferred_articulations_mask=0x0000|melodic_allowed_rhythm_ops_mask=0x0002|melodic_preferred_rhythm_ops_mask=0x0000|melodic_allowed_contours_mask=0x038e|melodic_preferred_contours_mask=0x038c|melodic_allowed_motif_ops_mask=0x0002|melodic_preferred_motif_ops_mask=0x0000|bass_register_min=24|bass_register_max=47|bass_register_max_leap=23|secondary_register_min=48|secondary_register_max=71|secondary_register_max_leap=16	87f030fa12014045b56c2df5bb96c00a765200b4ec4e079883afb5916c9a2f80	294490ce195648139d26f94880e380a3a6787c82b19b418e0012bcc255b20c84	rhythms=120@e420861de9bb5443d1ca1ad9bc0f4d0ab073f60381bc30b32a2fcf9ae2290f63|110@4f66189f045dc0cde01d538da86f6c3ba3bf3c21ce834db656119c211a5d4d82|100@51829bd328713ced8977e6df4e583eded864ffc5c06be193d7658c2111226c7b|80@71b6dad74dd1ec2669fb58ff5458698021043b5b48122ac4429a6c0dcddc0a5e	75403f6cd03bda42ccf755ebc19ba3438eaf70165e7d35e02c6e9cd0006bfa5b	df62a98532068271524d6c84edc315fb78a33bcdf27460da978e7e5711f40184	52b01faf7fb1c4f12c987620d7ffd686b726a1f554a343ae44271f1b0e7a4a9c	8d099ff865dc81de91fc81bb38f7f9287f93a45b920b01962bd78b97427b07ce	58f586db31f62f1b344f008d27efdd052471597c255738c8afd16a6b286fcb29	backed=0|recipe=NONE|display=NONE|bpm=0|swing=0|variations=0	9e4a5a9f8b4359a1b43f86367ad5c05e1a41e02c5d380972712b52d1bd0fdebd	NOT_ATLAS_BACKED	a8dcb533669f4383be7a86ca443343095ed87965faa93f4eb8664a8af6b2c8f8	0d60db6c8332980b3503385110b464c66c2a5cf1a06a3abe44a8ac927de9848d	MEMBERSHIP-CHANGE;MULTI-DOMAIN	COMPOSITION;CORRIDOR;DRUM	PARAMS;DRUM	NONE	tonal.bass_articulation=PLAIN;tonal.melodic_rhythm_operation=PRESERVE;tonal.melodic_motif_operation=NONE
15	7	Broken	Breaks	2	Drum&Bass	0	413:two_step_roll@120;414:ghosted_roll@110;415:sparse_fast_break@100;416:halftime_switch@90	0:STRAIGHT@120;3:PUSH/PULL@45	2:KICK LOCK@70;5:OFFBEAT PUSH@90;7:ROLLING DRIVE@110;9:SYNCOPATED HOOK@75	1:HELD PAD@55;5:BACKBEAT STAB@80;6:ANTICIPATED CHANGE@100;7:SPARSE CHORD REPLY@90	1:STATIC MODAL@85;5:PARALLEL SHIFT@65;6:MINOR FALL@45;7:BORROWED LIFT@80	1:SPARSE CALL@55;2:DELAYED ANSWER@110;4:PICKUP PHRASE@85;7:BAR-END RESPONSE@100	1:SOURCE ORDER@55;3:MIRROR@75;4:CALL/RESPONSE@120;5:PIVOT@80	1:LOOP/1bar@65;2:LOOP/2bar@110;20:REPEAT/REPLY/4bar@70	160	180	174	16	7	15	Melodic	DrumAndBass	0x0076	ROOT ANCHOR;ROOT/FIFTH;NEIGHBOR RETURN;STEP APPROACH;LEAP RETURN	0x0034	ROOT/FIFTH;NEIGHBOR RETURN;STEP APPROACH	0x0002	PLAIN	0x0000	NONE	0x0002	PRESERVE	0x0000	NONE	0x038e	STATIC;STEP UP;STEP DOWN;NEIGHBOR;REPEAT THEN UP;REPEAT THEN DOWN	0x038c	STEP UP;STEP DOWN;NEIGHBOR;REPEAT THEN UP;REPEAT THEN DOWN	0x0002	NONE	0x0000	NONE	24	47	23	48	71	16	minNotes=7|maxNotes=12|minOctave=36|maxOctave=72|slide=0.100000|accent=0.350000|gate=0.450000|swing=0.080000|microTiming=0.100000|velocityMin=96|velocityMax=124|preferDownbeats=0|allowRepeats=1|rootBias=0.400000|ghost=0.060000|chromatic=0.100000|sparseKick=0|sparseHats=0|noAccents=0|fill=0.350000|drumSyncopation=0.650000|drumPreferOffbeat=1|drumVoiceCount=8	RECIPE_OVERRIDE	kickMask=0x8060|snareMask=0x0808|hatMask=0xffff|openHatMask=0x2222|kickGhost=0.050000|snareGhost=0.080000|hatVariation=0.250000|kickVelocity=118|snareVelocity=110|hatVelocity=98|useRim=0|useClap=0	stepMask=0xaa55|motifLength=3|preferredScale=3|useMotif=1|allowChromatic=1|forceOctaveJump=1|avoidClusters=0	osc=0.000000|cutoff=0.620000|resonance=0.320000|envAmount=0.700000|envDecay=0.250000	0	NONE	NONE	0	0	0	0a2a6211ef00dcf2214dfd4704b6c34b424b1c9d	kBrokenProfile	rhythms=413,414,415,416|feels=0,3|bass=2,5,7,9|chord=1,5,6,7|progressions=1,5,6,7|melodic=1,2,4,7|motifs=1,3,4,5|phrases=1,2,20	rhythms=413@120,414@110,415@100,416@90|feels=0@120,3@45|bass=2@70,5@90,7@110,9@75|chord=1@55,5@80,6@100,7@90|progressions=1@85,5@65,6@45,7@80|melodic=1@55,2@110,4@85,7@100|motifs=1@55,3@75,4@120,5@80|phrases=1@65,2@110,20@70	51b53fc35f70dbb544336d9948514f05a1569fb541e6f1ceb0ed36532d5f4709	5ae30555c671bb78fea0ba235412a143c2ced5182f67bb2ba668aa56c47b6573	bpm=160:174:180|grid=16|density=7:15	55f993afde440a505344ff73295ee9e868383d96125c253dc6e21d1963e9b408	9f3c0de140688689933e6406b2fdec1bc35a0cc468c4a1f70bea761ad40cdbf0	bass_allowed_contours_mask=0x0076|bass_preferred_contours_mask=0x0034|bass_allowed_articulations_mask=0x0002|bass_preferred_articulations_mask=0x0000|melodic_allowed_rhythm_ops_mask=0x0002|melodic_preferred_rhythm_ops_mask=0x0000|melodic_allowed_contours_mask=0x038e|melodic_preferred_contours_mask=0x038c|melodic_allowed_motif_ops_mask=0x0002|melodic_preferred_motif_ops_mask=0x0000|bass_register_min=24|bass_register_max=47|bass_register_max_leap=23|secondary_register_min=48|secondary_register_max=71|secondary_register_max_leap=16	87f030fa12014045b56c2df5bb96c00a765200b4ec4e079883afb5916c9a2f80	34b5ff835a66893147171f0a232c72514384544992ec3c905a5932254f5b7201	rhythms=120@87e2d2882536c6dd248c966a277c9659e498797f8ce43ed5a3611a6c88daa8cd|110@08f122fe889c900fa68ee1c85c0edc579bdd84e9d9339a16078dbcf80a6ba267|100@e74d4aadfb9065f805fd659a69e325cde5f8ac918c9db8b91de4aa8165913cc0|90@f5941032d43efd25f1eeda27de224702ce77b1bf895b1c1dda42516256b08640	9d0b740aee6325bd40854b4b5256e4afdbad89f105ecc454670014d962a1de25	f31ca4927400252b9eba26cde08130033aa7eba1c491965bd13290da0d784491	71e70a7e94f18e46387bd2ab2faecf9fbabc4958852a89aa816e3633f77dd2b0	8d099ff865dc81de91fc81bb38f7f9287f93a45b920b01962bd78b97427b07ce	58f586db31f62f1b344f008d27efdd052471597c255738c8afd16a6b286fcb29	backed=0|recipe=NONE|display=NONE|bpm=0|swing=0|variations=0	9e4a5a9f8b4359a1b43f86367ad5c05e1a41e02c5d380972712b52d1bd0fdebd	NOT_ATLAS_BACKED	14a5e36497664fc98e3840bf94310d0573c0ac701bdf8a283811c5b616205891	700041b4241b099801c31393066dbec3b08dfb706a4ebb078b04461dd89b9ceb	MEMBERSHIP-CHANGE;MULTI-DOMAIN	COMPOSITION;CORRIDOR;DRUM	PARAMS;DRUM	NONE	tonal.bass_articulation=PLAIN;tonal.melodic_rhythm_operation=PRESERVE;tonal.melodic_motif_operation=NONE
16	7	Broken	Breaks	3	Footwork	0	415:sparse_fast_break@90;416:halftime_switch@100;420:machine_syncopation@120;714:electro_gap_push@110	0:STRAIGHT@45;1:SWING COMPAT@110;3:PUSH/PULL@70	3:KICK ANSWER@90;4:GAP FILL@90;5:OFFBEAT PUSH@70;9:SYNCOPATED HOOK@120	1:HELD PAD@55;5:BACKBEAT STAB@80;6:ANTICIPATED CHANGE@100;7:SPARSE CHORD REPLY@90	1:STATIC MODAL@85;5:PARALLEL SHIFT@65;6:MINOR FALL@45;7:BORROWED LIFT@80	1:SPARSE CALL@55;2:DELAYED ANSWER@110;4:PICKUP PHRASE@85;7:BAR-END RESPONSE@100	1:SOURCE ORDER@55;3:MIRROR@75;4:CALL/RESPONSE@120;5:PIVOT@80	18:REPEAT/REPLY/2bar@55;20:REPEAT/REPLY/4bar@110;36:DEVELOP/RETURN/4bar@95	145	165	158	16	6	15	Melodic	Stage7Composition	0x0076	ROOT ANCHOR;ROOT/FIFTH;NEIGHBOR RETURN;STEP APPROACH;LEAP RETURN	0x0034	ROOT/FIFTH;NEIGHBOR RETURN;STEP APPROACH	0x0002	PLAIN	0x0000	NONE	0x0002	PRESERVE	0x0000	NONE	0x038e	STATIC;STEP UP;STEP DOWN;NEIGHBOR;REPEAT THEN UP;REPEAT THEN DOWN	0x038c	STEP UP;STEP DOWN;NEIGHBOR;REPEAT THEN UP;REPEAT THEN DOWN	0x0002	NONE	0x0000	NONE	24	47	23	48	71	16	minNotes=8|maxNotes=12|minOctave=36|maxOctave=72|slide=0.100000|accent=0.350000|gate=0.450000|swing=0.000000|microTiming=0.220000|velocityMin=90|velocityMax=120|preferDownbeats=0|allowRepeats=1|rootBias=0.350000|ghost=0.080000|chromatic=0.140000|sparseKick=0|sparseHats=0|noAccents=0|fill=0.300000|drumSyncopation=0.800000|drumPreferOffbeat=1|drumVoiceCount=8	RECIPE_OVERRIDE	kickMask=0x9129|snareMask=0x0808|hatMask=0xffff|openHatMask=0x1111|kickGhost=0.100000|snareGhost=0.100000|hatVariation=0.420000|kickVelocity=112|snareVelocity=108|hatVelocity=90|useRim=0|useClap=1	stepMask=0xaa55|motifLength=3|preferredScale=3|useMotif=1|allowChromatic=1|forceOctaveJump=1|avoidClusters=0	osc=0.000000|cutoff=0.620000|resonance=0.320000|envAmount=0.700000|envDecay=0.250000	0	NONE	NONE	0	0	0	0a2a6211ef00dcf2214dfd4704b6c34b424b1c9d	kBrokenProfile	rhythms=415,416,420,714|feels=0,1,3|bass=3,4,5,9|chord=1,5,6,7|progressions=1,5,6,7|melodic=1,2,4,7|motifs=1,3,4,5|phrases=18,20,36	rhythms=415@90,416@100,420@120,714@110|feels=0@45,1@110,3@70|bass=3@90,4@90,5@70,9@120|chord=1@55,5@80,6@100,7@90|progressions=1@85,5@65,6@45,7@80|melodic=1@55,2@110,4@85,7@100|motifs=1@55,3@75,4@120,5@80|phrases=18@55,20@110,36@95	a1c607db0c3b66fa8d4d40c5031ce84c6e8c9a59d3a665cf51a8f2e7d0aae437	f7d2124cec6b370d21734de6fff44f1e2eaf5cce8d837a698255390dfa4b7714	bpm=145:158:165|grid=16|density=6:15	0f9aab78f98d344742bbf357bf61cd7eee4e6cd0d81deb25a6f0e20edc99ae43	9f3c0de140688689933e6406b2fdec1bc35a0cc468c4a1f70bea761ad40cdbf0	bass_allowed_contours_mask=0x0076|bass_preferred_contours_mask=0x0034|bass_allowed_articulations_mask=0x0002|bass_preferred_articulations_mask=0x0000|melodic_allowed_rhythm_ops_mask=0x0002|melodic_preferred_rhythm_ops_mask=0x0000|melodic_allowed_contours_mask=0x038e|melodic_preferred_contours_mask=0x038c|melodic_allowed_motif_ops_mask=0x0002|melodic_preferred_motif_ops_mask=0x0000|bass_register_min=24|bass_register_max=47|bass_register_max_leap=23|secondary_register_min=48|secondary_register_max=71|secondary_register_max_leap=16	87f030fa12014045b56c2df5bb96c00a765200b4ec4e079883afb5916c9a2f80	414a6f74290a50a230d570a81402f456ec3ae99d420586ae9b25d95b86681deb	rhythms=90@e74d4aadfb9065f805fd659a69e325cde5f8ac918c9db8b91de4aa8165913cc0|100@f5941032d43efd25f1eeda27de224702ce77b1bf895b1c1dda42516256b08640|120@71b6dad74dd1ec2669fb58ff5458698021043b5b48122ac4429a6c0dcddc0a5e|110@d5ec7219d7b01231b1d9f6168c573ed019d75f5d100de9b03f01935021e45450	b04728a67d3e8723d35620ee295c2d1118836fc3a62f23fbfa5f517d84e81766	71bc2adcc6fedb0af067eaa0ff37e84c6c33ac3d5cc7b82d46651b100136d420	ee2f7f888f79ab94bcf6df041253a99cf11b4587805760b3cbb054bbefe4c220	8d099ff865dc81de91fc81bb38f7f9287f93a45b920b01962bd78b97427b07ce	58f586db31f62f1b344f008d27efdd052471597c255738c8afd16a6b286fcb29	backed=0|recipe=NONE|display=NONE|bpm=0|swing=0|variations=0	9e4a5a9f8b4359a1b43f86367ad5c05e1a41e02c5d380972712b52d1bd0fdebd	NOT_ATLAS_BACKED	213fd0537bc74ffa165b66114294f7630880ed929a6bdb3e84f1d54e6e2510d9	6c5185f345235e2adeddaef3420e4f5211a51cf94cde1ea5783c37023950b580	MEMBERSHIP-CHANGE;MULTI-DOMAIN	COMPOSITION;CORRIDOR;DRUM	PARAMS;DRUM	NONE	tonal.bass_articulation=PLAIN;tonal.melodic_rhythm_operation=PRESERVE;tonal.melodic_motif_operation=NONE
17	7	Broken	Breaks	8	Classic 2-Step	0	417:classic_2step@120;419:shuffled_4x4@90	0:STRAIGHT@45;1:SWING COMPAT@110;3:PUSH/PULL@70	3:KICK ANSWER@90;4:GAP FILL@90;5:OFFBEAT PUSH@70;9:SYNCOPATED HOOK@120	1:HELD PAD@55;5:BACKBEAT STAB@80;6:ANTICIPATED CHANGE@100;7:SPARSE CHORD REPLY@90	1:STATIC MODAL@85;5:PARALLEL SHIFT@65;6:MINOR FALL@45;7:BORROWED LIFT@80	1:SPARSE CALL@55;2:DELAYED ANSWER@110;4:PICKUP PHRASE@85;7:BAR-END RESPONSE@100	1:SOURCE ORDER@55;3:MIRROR@75;4:CALL/RESPONSE@120;5:PIVOT@80	18:REPEAT/REPLY/2bar@55;20:REPEAT/REPLY/4bar@110;36:DEVELOP/RETURN/4bar@95	126	136	132	16	5	12	Melodic	Stage7Composition	0x0076	ROOT ANCHOR;ROOT/FIFTH;NEIGHBOR RETURN;STEP APPROACH;LEAP RETURN	0x0034	ROOT/FIFTH;NEIGHBOR RETURN;STEP APPROACH	0x0002	PLAIN	0x0000	NONE	0x0002	PRESERVE	0x0000	NONE	0x038e	STATIC;STEP UP;STEP DOWN;NEIGHBOR;REPEAT THEN UP;REPEAT THEN DOWN	0x038c	STEP UP;STEP DOWN;NEIGHBOR;REPEAT THEN UP;REPEAT THEN DOWN	0x0002	NONE	0x0000	NONE	24	47	23	48	71	16	minNotes=4|maxNotes=8|minOctave=36|maxOctave=72|slide=0.100000|accent=0.350000|gate=0.450000|swing=0.320000|microTiming=0.180000|velocityMin=82|velocityMax=116|preferDownbeats=0|allowRepeats=1|rootBias=0.520000|ghost=0.140000|chromatic=0.080000|sparseKick=0|sparseHats=0|noAccents=0|fill=0.280000|drumSyncopation=0.580000|drumPreferOffbeat=1|drumVoiceCount=8	RECIPE_OVERRIDE	kickMask=0x8121|snareMask=0x0808|hatMask=0xffff|openHatMask=0x2222|kickGhost=0.080000|snareGhost=0.100000|hatVariation=0.350000|kickVelocity=104|snareVelocity=102|hatVelocity=82|useRim=0|useClap=1	stepMask=0xaa55|motifLength=4|preferredScale=3|useMotif=1|allowChromatic=0|forceOctaveJump=0|avoidClusters=1	osc=0.200000|cutoff=0.460000|resonance=0.240000|envAmount=0.580000|envDecay=0.220000	1	REC_UKG_CLASSIC_2STEP	Classic 2-Step	134	66	3	0a2a6211ef00dcf2214dfd4704b6c34b424b1c9d	kBrokenProfile	rhythms=417,419|feels=0,1,3|bass=3,4,5,9|chord=1,5,6,7|progressions=1,5,6,7|melodic=1,2,4,7|motifs=1,3,4,5|phrases=18,20,36	rhythms=417@120,419@90|feels=0@45,1@110,3@70|bass=3@90,4@90,5@70,9@120|chord=1@55,5@80,6@100,7@90|progressions=1@85,5@65,6@45,7@80|melodic=1@55,2@110,4@85,7@100|motifs=1@55,3@75,4@120,5@80|phrases=18@55,20@110,36@95	a56bc5b9fe964d3d79fc4528c14885311a329c11d6d61ec849f4948000a00eb4	521e25e65490f378ebde83b1e242e3770824ef2884bf04342ffe3bb63ac47b20	bpm=126:132:136|grid=16|density=5:12	417f30ef5e490eea2818e0d7da75d4c57dacc10acea340d3a55d937ee764e771	9f3c0de140688689933e6406b2fdec1bc35a0cc468c4a1f70bea761ad40cdbf0	bass_allowed_contours_mask=0x0076|bass_preferred_contours_mask=0x0034|bass_allowed_articulations_mask=0x0002|bass_preferred_articulations_mask=0x0000|melodic_allowed_rhythm_ops_mask=0x0002|melodic_preferred_rhythm_ops_mask=0x0000|melodic_allowed_contours_mask=0x038e|melodic_preferred_contours_mask=0x038c|melodic_allowed_motif_ops_mask=0x0002|melodic_preferred_motif_ops_mask=0x0000|bass_register_min=24|bass_register_max=47|bass_register_max_leap=23|secondary_register_min=48|secondary_register_max=71|secondary_register_max_leap=16	87f030fa12014045b56c2df5bb96c00a765200b4ec4e079883afb5916c9a2f80	c51c24b24977829c7b8283e1edfb67b864efbc16fe6f248ecb009ed467111dcf	rhythms=120@e420861de9bb5443d1ca1ad9bc0f4d0ab073f60381bc30b32a2fcf9ae2290f63|90@51829bd328713ced8977e6df4e583eded864ffc5c06be193d7658c2111226c7b	8e114e634cced70cea6454417f7255268c1015b90edb86abc8e6a998b3e2fc0b	bcdba8ede3365db8b39fe3c0731c545ebd284b81a17331158422bbfad8a7b5c7	52b01faf7fb1c4f12c987620d7ffd686b726a1f554a343ae44271f1b0e7a4a9c	b0666dced7274b455ab160f816be466d5641792ad8c6ae9f469de5350b434c79	bb4ef2f5375470f993b0bb5dd9d2e2587b5460266b55295a8c63379724e7286c	backed=1|recipe=REC_UKG_CLASSIC_2STEP|display=Classic 2-Step|bpm=134|swing=66|variations=3	5fc6a5ef8160a165a3e03492789caed4a1a8d3bdda53d86a47379bcea14eb7ab	INSIDE_CORRIDOR	4a7b8c23c86a256968afbf339dbb80877b23761a44b222e860c062062c3f8911	9c42ca5e4c17a164c43cc05167a34382430fbc2a820c7519dd4eee3b4d7b9d1e	MEMBERSHIP-CHANGE;MULTI-DOMAIN	COMPOSITION;CORRIDOR;DRUM	PARAMS;DRUM;BEHAVIOR;TIMBRE	ATLAS_METADATA	tonal.bass_articulation=PLAIN;tonal.melodic_rhythm_operation=PRESERVE;tonal.melodic_motif_operation=NONE
18	7	Broken	Breaks	9	Dark Skippy	0	418:skippy_2step@120;420:machine_syncopation@100	0:STRAIGHT@45;1:SWING COMPAT@110;3:PUSH/PULL@70	3:KICK ANSWER@75;4:GAP FILL@45;6:SPARSE ANCHOR@120;8:HALF-TIME POCKET@100;10:SUSTAIN/DROP@80	1:HELD PAD@55;5:BACKBEAT STAB@80;6:ANTICIPATED CHANGE@100;7:SPARSE CHORD REPLY@90	1:STATIC MODAL@85;5:PARALLEL SHIFT@65;6:MINOR FALL@45;7:BORROWED LIFT@80	1:SPARSE CALL@55;2:DELAYED ANSWER@110;4:PICKUP PHRASE@85;7:BAR-END RESPONSE@100	1:SOURCE ORDER@55;3:MIRROR@75;4:CALL/RESPONSE@120;5:PIVOT@80	20:REPEAT/REPLY/4bar@100;36:DEVELOP/RETURN/4bar@70;56:SPARSE DRIFT/8bar@120	128	140	134	16	3	11	Melodic	Stage7Composition	0x0076	ROOT ANCHOR;ROOT/FIFTH;NEIGHBOR RETURN;STEP APPROACH;LEAP RETURN	0x0034	ROOT/FIFTH;NEIGHBOR RETURN;STEP APPROACH	0x0002	PLAIN	0x0000	NONE	0x0002	PRESERVE	0x0000	NONE	0x038e	STATIC;STEP UP;STEP DOWN;NEIGHBOR;REPEAT THEN UP;REPEAT THEN DOWN	0x038c	STEP UP;STEP DOWN;NEIGHBOR;REPEAT THEN UP;REPEAT THEN DOWN	0x0002	NONE	0x0000	NONE	24	47	23	48	71	16	minNotes=4|maxNotes=9|minOctave=36|maxOctave=72|slide=0.100000|accent=0.350000|gate=0.450000|swing=0.340000|microTiming=0.200000|velocityMin=80|velocityMax=116|preferDownbeats=0|allowRepeats=1|rootBias=0.480000|ghost=0.160000|chromatic=0.100000|sparseKick=0|sparseHats=0|noAccents=0|fill=0.320000|drumSyncopation=0.660000|drumPreferOffbeat=1|drumVoiceCount=8	RECIPE_OVERRIDE	kickMask=0x8121|snareMask=0x0808|hatMask=0xaaaa|openHatMask=0x2222|kickGhost=0.100000|snareGhost=0.120000|hatVariation=0.400000|kickVelocity=106|snareVelocity=102|hatVelocity=80|useRim=0|useClap=1	stepMask=0xaa55|motifLength=4|preferredScale=3|useMotif=1|allowChromatic=0|forceOctaveJump=0|avoidClusters=1	osc=0.200000|cutoff=0.460000|resonance=0.240000|envAmount=0.580000|envDecay=0.220000	1	REC_UKG_DARK_SKIPPY	Dark Skippy	136	68	3	0a2a6211ef00dcf2214dfd4704b6c34b424b1c9d	kBrokenProfile	rhythms=418,420|feels=0,1,3|bass=3,4,6,8,10|chord=1,5,6,7|progressions=1,5,6,7|melodic=1,2,4,7|motifs=1,3,4,5|phrases=20,36,56	rhythms=418@120,420@100|feels=0@45,1@110,3@70|bass=3@75,4@45,6@120,8@100,10@80|chord=1@55,5@80,6@100,7@90|progressions=1@85,5@65,6@45,7@80|melodic=1@55,2@110,4@85,7@100|motifs=1@55,3@75,4@120,5@80|phrases=20@100,36@70,56@120	9107b319f2264f9fcb2ffe049d82ca5fa63755da1a69377c9b35fd73956f05d6	f551861878f4b54f52d70ba63a0759de3e8cdd193e9189ee1d21815631fbaf69	bpm=128:134:140|grid=16|density=3:11	274c602e5b8698bf58ec77bdc6736aae017a2630d4b779dbc65bf765342db28a	9f3c0de140688689933e6406b2fdec1bc35a0cc468c4a1f70bea761ad40cdbf0	bass_allowed_contours_mask=0x0076|bass_preferred_contours_mask=0x0034|bass_allowed_articulations_mask=0x0002|bass_preferred_articulations_mask=0x0000|melodic_allowed_rhythm_ops_mask=0x0002|melodic_preferred_rhythm_ops_mask=0x0000|melodic_allowed_contours_mask=0x038e|melodic_preferred_contours_mask=0x038c|melodic_allowed_motif_ops_mask=0x0002|melodic_preferred_motif_ops_mask=0x0000|bass_register_min=24|bass_register_max=47|bass_register_max_leap=23|secondary_register_min=48|secondary_register_max=71|secondary_register_max_leap=16	87f030fa12014045b56c2df5bb96c00a765200b4ec4e079883afb5916c9a2f80	d00c40ec0df7b24f7b6cf361c8d821a1ad2da1679cb35527979a54ad6a7ca477	rhythms=120@4f66189f045dc0cde01d538da86f6c3ba3bf3c21ce834db656119c211a5d4d82|100@71b6dad74dd1ec2669fb58ff5458698021043b5b48122ac4429a6c0dcddc0a5e	2439844eee8b84f2103e4cb8d371a7c2934f97fe066159d72b95e013c844b66e	0967e519ecf2aa8b6756332c26328c1c4eba44c9f03577f2e5e9c9cd1025f80e	e9bc92c0848e308c8afcabb25e6584ca73cad3506ee16c5862a32f0fce83a079	b0666dced7274b455ab160f816be466d5641792ad8c6ae9f469de5350b434c79	bb4ef2f5375470f993b0bb5dd9d2e2587b5460266b55295a8c63379724e7286c	backed=1|recipe=REC_UKG_DARK_SKIPPY|display=Dark Skippy|bpm=136|swing=68|variations=3	8ae8ff3edf6051364c236a93d816d386420e0e71f57fddb6da975bf14bef22ae	INSIDE_CORRIDOR	7b98bfe47f8a642ce66ddefb28051fab8e56e81fe8c7a758ece051df5a31369c	059ac5e0535ed3b73a0980f76da8c7f2c9e0393644a25780f973f483dae4e940	MEMBERSHIP-CHANGE;MULTI-DOMAIN	COMPOSITION;CORRIDOR;DRUM	PARAMS;DRUM;BEHAVIOR;TIMBRE	ATLAS_METADATA	tonal.bass_articulation=PLAIN;tonal.melodic_rhythm_operation=PRESERVE;tonal.melodic_motif_operation=NONE
19	8	Chip	Chip	0	BASE	1	420:machine_syncopation@120;711:stacked_quarters@80;712:electro_backskip@100;714:electro_gap_push@90	0:STRAIGHT@120;3:PUSH/PULL@45	1:ROOT PULSE@100;7:ROLLING DRIVE@95;9:SYNCOPATED HOOK@110	3:HALF BAR CHANGE@75;4:OFFBEAT STAB@110;6:ANTICIPATED CHANGE@85;9:SYNCOPATED COMP@70	1:STATIC MODAL@90;3:POP CYCLE@120;6:MINOR FALL@60	3:TWO-NOTE HOOK@80;4:PICKUP PHRASE@85;8:SYNCOPATED MOTIF@110;10:REPEATED CELL@100	1:SOURCE ORDER@70;2:TWO-NOTE CELL@110;3:MIRROR@65;5:PIVOT@90	1:LOOP/1bar@65;2:LOOP/2bar@110;20:REPEAT/REPLY/4bar@70	96	170	128	16	5	15	Melodic	Stage7Composition	0x0156	ROOT ANCHOR;ROOT/FIFTH;NEIGHBOR RETURN;LEAP RETURN;PEDAL TURN	0x0054	ROOT/FIFTH;NEIGHBOR RETURN;LEAP RETURN	0x0002	PLAIN	0x0000	NONE	0x0002	PRESERVE	0x0000	NONE	0x03fe	STATIC;STEP UP;STEP DOWN;ARCH;INVERTED ARCH;LEAP RETURN;NEIGHBOR;REPEAT THEN UP;REPEAT THEN DOWN	0x00dc	STEP UP;STEP DOWN;ARCH;LEAP RETURN;NEIGHBOR	0x0002	NONE	0x0000	NONE	24	47	23	48	71	16	minNotes=8|maxNotes=12|minOctave=48|maxOctave=72|slide=0.020000|accent=0.150000|gate=0.380000|swing=0.000000|microTiming=0.000000|velocityMin=96|velocityMax=122|preferDownbeats=1|allowRepeats=1|rootBias=0.400000|ghost=0.020000|chromatic=0.060000|sparseKick=0|sparseHats=1|noAccents=1|fill=0.120000|drumSyncopation=0.020000|drumPreferOffbeat=0|drumVoiceCount=4	BASE_MODE_TEMPLATE	kickMask=0x8888|snareMask=0x0808|hatMask=0xffff|openHatMask=0x0000|kickGhost=0.020000|snareGhost=0.020000|hatVariation=0.050000|kickVelocity=112|snareVelocity=106|hatVelocity=100|useRim=0|useClap=0	stepMask=0xffff|motifLength=2|preferredScale=0|useMotif=1|allowChromatic=0|forceOctaveJump=0|avoidClusters=1	osc=1.000000|cutoff=0.680000|resonance=0.220000|envAmount=0.820000|envDecay=0.120000	0	NONE	NONE	0	0	0	0a2a6211ef00dcf2214dfd4704b6c34b424b1c9d	kSynthProfile	rhythms=420,711,712,714|feels=0,3|bass=1,7,9|chord=3,4,6,9|progressions=1,3,6|melodic=3,4,8,10|motifs=1,2,3,5|phrases=1,2,20	rhythms=420@120,711@80,712@100,714@90|feels=0@120,3@45|bass=1@100,7@95,9@110|chord=3@75,4@110,6@85,9@70|progressions=1@90,3@120,6@60|melodic=3@80,4@85,8@110,10@100|motifs=1@70,2@110,3@65,5@90|phrases=1@65,2@110,20@70	7a372d07a15e0da9b9570418a3f95b709ec109d82bafd3309793ae60eed51d33	f797afe190b0147cca4a45670a205997fa3f9d3afd2bfb508705d71274251d22	bpm=96:128:170|grid=16|density=5:15	589ff032ac2f10e11378f2338563f9431629a694085d8f2f610a103a8cf68537	9f3c0de140688689933e6406b2fdec1bc35a0cc468c4a1f70bea761ad40cdbf0	bass_allowed_contours_mask=0x0156|bass_preferred_contours_mask=0x0054|bass_allowed_articulations_mask=0x0002|bass_preferred_articulations_mask=0x0000|melodic_allowed_rhythm_ops_mask=0x0002|melodic_preferred_rhythm_ops_mask=0x0000|melodic_allowed_contours_mask=0x03fe|melodic_preferred_contours_mask=0x00dc|melodic_allowed_motif_ops_mask=0x0002|melodic_preferred_motif_ops_mask=0x0000|bass_register_min=24|bass_register_max=47|bass_register_max_leap=23|secondary_register_min=48|secondary_register_max=71|secondary_register_max_leap=16	9ac37ac14d0d6214a208ace541755a8fdbb7923e6baf4d1fa9861452b4d9ae1c	89ff5b5a80a9450c4cc0339c341cb2684795256a58df7cdfe5e6e30a6ca59a91	rhythms=120@71b6dad74dd1ec2669fb58ff5458698021043b5b48122ac4429a6c0dcddc0a5e|80@d6c51e4693ddcd55602ab1e024929085d586e4e360585a33b2362eae86b193a8|100@dc775f294b7f436e818db620ea627d41ca6d44c36a8ee4afe449ad1f6027c9fb|90@d5ec7219d7b01231b1d9f6168c573ed019d75f5d100de9b03f01935021e45450	50c9eadbcfa8dff51a863f23fc5b9a57230d07f63eb3330b1d00369f656d6f0a	21514df3b8167ae93969c2d0193d8e2453ea8a1736bca5773076a97efa53907e	ac4f61a0aea211c4ae9f62297b8c2c2b5cc0ce8d2ce792adbd7f119ca4b51926	889eb5b79602824d62cb7945e6ef8add31741dba33fe15a134f8b13a20b7eee9	1391cdb5c20c69cc8e4a20ab93474c53d089b696423680836907f468eeb03472	backed=0|recipe=NONE|display=NONE|bpm=0|swing=0|variations=0	9e4a5a9f8b4359a1b43f86367ad5c05e1a41e02c5d380972712b52d1bd0fdebd	NOT_ATLAS_BACKED	fafa8b1d4d4ddc3af0ab95e524ef2cb9b333b180614ce395884d031f84e708ae	1d0debe9d6153db45cf816713cf0a9677af9f6338e55332cf8112f18172815d5	BASE	NONE	NONE	NONE	tonal.bass_articulation=PLAIN;tonal.melodic_rhythm_operation=PRESERVE;tonal.melodic_motif_operation=NONE
20	9	House	House	0	BASE	1	401:straight_drive@90;402:offbeat_open_hat@90;419:shuffled_4x4@70;711:stacked_quarters@125;713:funk_house_bridge@130	0:STRAIGHT@45;1:SWING COMPAT@110;3:PUSH/PULL@70	2:KICK LOCK@70;5:OFFBEAT PUSH@90;7:ROLLING DRIVE@110;9:SYNCOPATED HOOK@75	3:HALF BAR CHANGE@75;4:OFFBEAT STAB@110;6:ANTICIPATED CHANGE@85;9:SYNCOPATED COMP@70	1:STATIC MODAL@50;3:POP CYCLE@150;7:BORROWED LIFT@45	3:TWO-NOTE HOOK@80;4:PICKUP PHRASE@85;8:SYNCOPATED MOTIF@110;10:REPEATED CELL@100	1:SOURCE ORDER@70;2:TWO-NOTE CELL@110;3:MIRROR@65;5:PIVOT@90	2:LOOP/2bar@55;20:REPEAT/REPLY/4bar@100;36:DEVELOP/RETURN/4bar@120	112	128	122	16	5	13	Melodic	Stage7Composition	0x0002	ROOT ANCHOR	0x0000	NONE	0x0002	PLAIN	0x0000	NONE	0x0002	PRESERVE	0x0000	NONE	0x0002	STATIC	0x0000	NONE	0x0002	NONE	0x0000	NONE	24	47	12	48	71	16	minNotes=10|maxNotes=14|minOctave=48|maxOctave=72|slide=0.120000|accent=0.250000|gate=0.700000|swing=0.080000|microTiming=0.010000|velocityMin=90|velocityMax=118|preferDownbeats=0|allowRepeats=1|rootBias=0.100000|ghost=0.030000|chromatic=0.050000|sparseKick=0|sparseHats=0|noAccents=0|fill=0.400000|drumSyncopation=0.120000|drumPreferOffbeat=0|drumVoiceCount=6	BASE_MODE_TEMPLATE	kickMask=0x0000|snareMask=0x0000|hatMask=0x0000|openHatMask=0x0000|kickGhost=0.000000|snareGhost=0.000000|hatVariation=0.000000|kickVelocity=0|snareVelocity=0|hatVelocity=0|useRim=0|useClap=0	stepMask=0xffff|motifLength=6|preferredScale=2|useMotif=1|allowChromatic=0|forceOctaveJump=1|avoidClusters=0	osc=0.000000|cutoff=0.720000|resonance=0.180000|envAmount=0.580000|envDecay=0.300000	0	NONE	NONE	0	0	0	0a2a6211ef00dcf2214dfd4704b6c34b424b1c9d	kStaticProfile	rhythms=401,402,419,711,713|feels=0,1,3|bass=2,5,7,9|chord=3,4,6,9|progressions=1,3,7|melodic=3,4,8,10|motifs=1,2,3,5|phrases=2,20,36	rhythms=401@90,402@90,419@70,711@125,713@130|feels=0@45,1@110,3@70|bass=2@70,5@90,7@110,9@75|chord=3@75,4@110,6@85,9@70|progressions=1@50,3@150,7@45|melodic=3@80,4@85,8@110,10@100|motifs=1@70,2@110,3@65,5@90|phrases=2@55,20@100,36@120	1c6a4e204370f4065d41791e2039937d11b1e09da87a793d3ea65bcde01b263c	0837d724a89f25c698bcfeda4dd82c2264ef36274409cbba2d207daee2462ae3	bpm=112:122:128|grid=16|density=5:13	ac9a6af98148b633a6b4186bed5eef49e0857d0fb46501ec5730256adc10657d	9f3c0de140688689933e6406b2fdec1bc35a0cc468c4a1f70bea761ad40cdbf0	bass_allowed_contours_mask=0x0002|bass_preferred_contours_mask=0x0000|bass_allowed_articulations_mask=0x0002|bass_preferred_articulations_mask=0x0000|melodic_allowed_rhythm_ops_mask=0x0002|melodic_preferred_rhythm_ops_mask=0x0000|melodic_allowed_contours_mask=0x0002|melodic_preferred_contours_mask=0x0000|melodic_allowed_motif_ops_mask=0x0002|melodic_preferred_motif_ops_mask=0x0000|bass_register_min=24|bass_register_max=47|bass_register_max_leap=12|secondary_register_min=48|secondary_register_max=71|secondary_register_max_leap=16	454e0e55ecf1a6eab6d3e9c5f00ca597d790bc619740642f46070c388f344f18	198bdbaa663db28d3d624966b155afaeeadc26b02716d365db1052152f6fe27b	rhythms=90@58ead95419354e0b8d933f05d1c920d3e3a24dd9c8a90aa88d0a3c6dd5175726|90@5bbd9dd2451f931c2e2dda79ee09d3f3da2aeb7784b6547a44e3f97b40b550c6|70@51829bd328713ced8977e6df4e583eded864ffc5c06be193d7658c2111226c7b|125@d6c51e4693ddcd55602ab1e024929085d586e4e360585a33b2362eae86b193a8|130@6e94a20bb5945ce8175696b18f89200b1f0d569105da82a5c004da69cf3e4f28	d25a8d21260ac30a29e25d0e2b731e222d5a61bd8638c632839d2b9778cb14fb	26f30846b60e4b9707a88de58b119fb117cf71efcd3c301de01b5f179c9bdaed	0132a3c7ca42acca7dd916271830f5c29820ddbcd5795249a4ccb5e4691ff5f1	b47206674174ac1bef0a74d3aeed518619a024e1a3440849abfbbfe4f5cc19dd	fe2da8710d1d178028d20a4e691a161d3cb35351ea5570dded8fdef5b762b694	backed=0|recipe=NONE|display=NONE|bpm=0|swing=0|variations=0	9e4a5a9f8b4359a1b43f86367ad5c05e1a41e02c5d380972712b52d1bd0fdebd	NOT_ATLAS_BACKED	01968d9521722412eadfec231a080392910fbac968c2c01fd8e078f62ea43e35	90f284687f5265e2a32b0d1db00cabe8d89419c7e4076da063157fbe530437ea	BASE	NONE	NONE	NONE	tonal.bass_contour=ROOT ANCHOR;tonal.bass_articulation=PLAIN;tonal.melodic_rhythm_operation=PRESERVE;tonal.melodic_contour=STATIC;tonal.melodic_motif_operation=NONE
21	10	Techno	Techno	0	BASE	1	401:straight_drive@120;402:offbeat_open_hat@110;403:hypnotic_sparse@105;404:broken_techno@105;420:machine_syncopation@90	0:STRAIGHT@120;3:PUSH/PULL@45	2:KICK LOCK@70;5:OFFBEAT PUSH@90;7:ROLLING DRIVE@110;9:SYNCOPATED HOOK@75	3:HALF BAR CHANGE@75;4:OFFBEAT STAB@110;6:ANTICIPATED CHANGE@85;9:SYNCOPATED COMP@70	1:STATIC MODAL@190;2:PEDAL DRONE@35	3:TWO-NOTE HOOK@80;4:PICKUP PHRASE@85;8:SYNCOPATED MOTIF@110;10:REPEATED CELL@100	1:SOURCE ORDER@70;2:TWO-NOTE CELL@110;3:MIRROR@65;5:PIVOT@90	2:LOOP/2bar@55;20:REPEAT/REPLY/4bar@100;36:DEVELOP/RETURN/4bar@120	124	146	134	16	5	14	Melodic	Stage7Composition	0x0002	ROOT ANCHOR	0x0000	NONE	0x0002	PLAIN	0x0000	NONE	0x0002	PRESERVE	0x0000	NONE	0x0002	STATIC	0x0000	NONE	0x0002	NONE	0x0000	NONE	24	47	12	48	71	16	minNotes=4|maxNotes=7|minOctave=24|maxOctave=48|slide=0.050000|accent=0.500000|gate=0.350000|swing=0.000000|microTiming=0.000000|velocityMin=100|velocityMax=125|preferDownbeats=1|allowRepeats=1|rootBias=0.700000|ghost=0.000000|chromatic=0.030000|sparseKick=0|sparseHats=1|noAccents=0|fill=0.250000|drumSyncopation=0.050000|drumPreferOffbeat=0|drumVoiceCount=8	BASE_MODE_TEMPLATE	kickMask=0x0000|snareMask=0x0000|hatMask=0x0000|openHatMask=0x0000|kickGhost=0.000000|snareGhost=0.000000|hatVariation=0.000000|kickVelocity=0|snareVelocity=0|hatVelocity=0|useRim=0|useClap=0	stepMask=0xaaaa|motifLength=3|preferredScale=1|useMotif=1|allowChromatic=0|forceOctaveJump=0|avoidClusters=0	osc=1.000000|cutoff=0.340000|resonance=0.500000|envAmount=0.920000|envDecay=0.220000	0	NONE	NONE	0	0	0	0a2a6211ef00dcf2214dfd4704b6c34b424b1c9d	kStaticProfile	rhythms=401,402,403,404,420|feels=0,3|bass=2,5,7,9|chord=3,4,6,9|progressions=1,2|melodic=3,4,8,10|motifs=1,2,3,5|phrases=2,20,36	rhythms=401@120,402@110,403@105,404@105,420@90|feels=0@120,3@45|bass=2@70,5@90,7@110,9@75|chord=3@75,4@110,6@85,9@70|progressions=1@190,2@35|melodic=3@80,4@85,8@110,10@100|motifs=1@70,2@110,3@65,5@90|phrases=2@55,20@100,36@120	ba50997a1170a9582d7491d59ee3aae781f3b72a2ac2c652b9ab8d63964265a6	0337394872c509ffe2bfd38e479d6914e0ef15aeb088ab37ecaddbe34b89b987	bpm=124:134:146|grid=16|density=5:14	57f3fc05aa21ceacb7f1f7cb271c1b9b29664f3d22942b1d0fadd0e00073fe09	9f3c0de140688689933e6406b2fdec1bc35a0cc468c4a1f70bea761ad40cdbf0	bass_allowed_contours_mask=0x0002|bass_preferred_contours_mask=0x0000|bass_allowed_articulations_mask=0x0002|bass_preferred_articulations_mask=0x0000|melodic_allowed_rhythm_ops_mask=0x0002|melodic_preferred_rhythm_ops_mask=0x0000|melodic_allowed_contours_mask=0x0002|melodic_preferred_contours_mask=0x0000|melodic_allowed_motif_ops_mask=0x0002|melodic_preferred_motif_ops_mask=0x0000|bass_register_min=24|bass_register_max=47|bass_register_max_leap=12|secondary_register_min=48|secondary_register_max=71|secondary_register_max_leap=16	454e0e55ecf1a6eab6d3e9c5f00ca597d790bc619740642f46070c388f344f18	fb759f1731e97769b2fcce604bd98d3312c8577888592677d1b822ab3f6b7f0e	rhythms=120@58ead95419354e0b8d933f05d1c920d3e3a24dd9c8a90aa88d0a3c6dd5175726|110@5bbd9dd2451f931c2e2dda79ee09d3f3da2aeb7784b6547a44e3f97b40b550c6|105@335cdf9baf4614637fcbba7a72e9078100e8e9c10d2cebf93c063e05a086a1be|105@d42d35fce341aba5076df8c721b3daae173c7aed9a2042481061f28ee497dedc|90@71b6dad74dd1ec2669fb58ff5458698021043b5b48122ac4429a6c0dcddc0a5e	ce1682837115867767a0659e26cf1d8c1cad1ce991efef9e0118aaf0e5747c9e	d359287258998b444b85e4ef4c58635f188677f4d52773af66ff5824553079a0	0132a3c7ca42acca7dd916271830f5c29820ddbcd5795249a4ccb5e4691ff5f1	31d65a2ba3baf4f1798c86046549f65a11d64e2a06db067d7217a83dd3aeef6e	45d16788b845d932333fca427314e741c857d12653d928ec5e1ffdf16f02bc1a	backed=0|recipe=NONE|display=NONE|bpm=0|swing=0|variations=0	9e4a5a9f8b4359a1b43f86367ad5c05e1a41e02c5d380972712b52d1bd0fdebd	NOT_ATLAS_BACKED	56bca709b31b83aca80e444e449970cda55db86312a9ef24919965de40e52b0b	5b3fd7754b2e6bca18426fad3527b4264dca28882ffba26a7418f41c86516dee	BASE	NONE	NONE	NONE	tonal.bass_contour=ROOT ANCHOR;tonal.bass_articulation=PLAIN;tonal.melodic_rhythm_operation=PRESERVE;tonal.melodic_contour=STATIC;tonal.melodic_motif_operation=NONE
22	11	HipHop	Hip-Hop	0	BASE	1	415:sparse_fast_break@105;416:halftime_switch@125;712:electro_backskip@90;713:funk_house_bridge@85;714:electro_gap_push@110	0:STRAIGHT@20;1:SWING COMPAT@90;2:LAID BACK@150;3:PUSH/PULL@120	3:KICK ANSWER@110;4:GAP FILL@70;6:SPARSE ANCHOR@100;8:HALF-TIME POCKET@120;9:SYNCOPATED HOOK@70	1:HELD PAD@125;2:WHOLE BAR HOLD@150;5:BACKBEAT STAB@55;7:SPARSE CHORD REPLY@115	2:PEDAL DRONE@85;4:II-V-I@135;5:PARALLEL SHIFT@110	1:SPARSE CALL@110;2:DELAYED ANSWER@105;3:TWO-NOTE HOOK@100;4:PICKUP PHRASE@60;5:LONG TONE@95;6:REST HEAVY@160;7:BAR-END RESPONSE@90;9:DRIFT PHRASE@105	1:SOURCE ORDER@75;2:TWO-NOTE CELL@125;4:CALL/RESPONSE@105;5:PIVOT@55	18:REPEAT/REPLY/2bar@55;20:REPEAT/REPLY/4bar@110;36:DEVELOP/RETURN/4bar@95	76	104	90	16	3	10	ChordWithMelodicFill	Stage7Composition	0x0136	ROOT ANCHOR;ROOT/FIFTH;NEIGHBOR RETURN;STEP APPROACH;PEDAL TURN	0x0130	NEIGHBOR RETURN;STEP APPROACH;PEDAL TURN	0x0002	PLAIN	0x0000	NONE	0x0002	PRESERVE	0x0000	NONE	0x03b2	STATIC;ARCH;INVERTED ARCH;NEIGHBOR;REPEAT THEN UP;REPEAT THEN DOWN	0x00b2	STATIC;ARCH;INVERTED ARCH;NEIGHBOR	0x0002	NONE	0x0000	NONE	24	47	23	48	71	16	minNotes=5|maxNotes=9|minOctave=36|maxOctave=60|slide=0.050000|accent=0.250000|gate=0.600000|swing=0.180000|microTiming=0.250000|velocityMin=75|velocityMax=108|preferDownbeats=0|allowRepeats=1|rootBias=0.350000|ghost=0.180000|chromatic=0.100000|sparseKick=1|sparseHats=1|noAccents=0|fill=0.200000|drumSyncopation=0.300000|drumPreferOffbeat=1|drumVoiceCount=6	BASE_MODE_TEMPLATE	kickMask=0x0000|snareMask=0x0000|hatMask=0x0000|openHatMask=0x0000|kickGhost=0.000000|snareGhost=0.000000|hatVariation=0.000000|kickVelocity=0|snareVelocity=0|hatVelocity=0|useRim=0|useClap=0	stepMask=0xf0f0|motifLength=4|preferredScale=2|useMotif=1|allowChromatic=0|forceOctaveJump=0|avoidClusters=1	osc=0.200000|cutoff=0.450000|resonance=0.250000|envAmount=0.550000|envDecay=0.300000	0	NONE	NONE	0	0	0	0a2a6211ef00dcf2214dfd4704b6c34b424b1c9d	kSlowProfile	rhythms=415,416,712,713,714|feels=0,1,2,3|bass=3,4,6,8,9|chord=1,2,5,7|progressions=2,4,5|melodic=1,2,3,4,5,6,7,9|motifs=1,2,4,5|phrases=18,20,36	rhythms=415@105,416@125,712@90,713@85,714@110|feels=0@20,1@90,2@150,3@120|bass=3@110,4@70,6@100,8@120,9@70|chord=1@125,2@150,5@55,7@115|progressions=2@85,4@135,5@110|melodic=1@110,2@105,3@100,4@60,5@95,6@160,7@90,9@105|motifs=1@75,2@125,4@105,5@55|phrases=18@55,20@110,36@95	0ab339f6bde0851a1905ba72213e4fa6051677e09720ab245f6be3c759c224e8	664b7b5a889e8902a612e38de18c70415d97a4518fab9aacb8909c8ae1781c6d	bpm=76:90:104|grid=16|density=3:10	7810bbc45e378e35c628105ea9bcce995f3f2007df5bd2d46d4f0b88965b77bf	22ed600c24cd9978dd85e2de61fa76efa62dd7efb1f3e4c92261e5fa578d8b4f	bass_allowed_contours_mask=0x0136|bass_preferred_contours_mask=0x0130|bass_allowed_articulations_mask=0x0002|bass_preferred_articulations_mask=0x0000|melodic_allowed_rhythm_ops_mask=0x0002|melodic_preferred_rhythm_ops_mask=0x0000|melodic_allowed_contours_mask=0x03b2|melodic_preferred_contours_mask=0x00b2|melodic_allowed_motif_ops_mask=0x0002|melodic_preferred_motif_ops_mask=0x0000|bass_register_min=24|bass_register_max=47|bass_register_max_leap=23|secondary_register_min=48|secondary_register_max=71|secondary_register_max_leap=16	98fcdf0bc8ddb3504bf6c2fbc150e6e37cc3e6f491cbe3e267907984d26af51a	7bd773f07bb53fe12ba0c1ce1d1259b18d7535bd1ed34b724e6c7c0bb871c704	rhythms=105@e74d4aadfb9065f805fd659a69e325cde5f8ac918c9db8b91de4aa8165913cc0|125@f5941032d43efd25f1eeda27de224702ce77b1bf895b1c1dda42516256b08640|90@dc775f294b7f436e818db620ea627d41ca6d44c36a8ee4afe449ad1f6027c9fb|85@6e94a20bb5945ce8175696b18f89200b1f0d569105da82a5c004da69cf3e4f28|110@d5ec7219d7b01231b1d9f6168c573ed019d75f5d100de9b03f01935021e45450	bc73b65f8f11561a54ceaf3df54714a6897d567deda7edb3a1d7cd5a3d6423a9	1bccb69e01066aad65ca8ab73064c6ec84c01a12d29eed8594bceda8ea904b96	0132a3c7ca42acca7dd916271830f5c29820ddbcd5795249a4ccb5e4691ff5f1	2fba4a2d8804321683e29aa13b72637ec647132f06576b3d4cf02988dbffb6ff	291d2668bab115cb9aa6908e40aa8e184b869194397e53b7f1e3e01f70e3b536	backed=0|recipe=NONE|display=NONE|bpm=0|swing=0|variations=0	9e4a5a9f8b4359a1b43f86367ad5c05e1a41e02c5d380972712b52d1bd0fdebd	NOT_ATLAS_BACKED	d0ae6a326dcd56b6abbada270c267997da8db96549d18dc5593ca63251de4a31	0b26a7084a7f3aa815ee45b77b83c851d2c9026a7bacd704606781836e254b8a	BASE	NONE	NONE	NONE	tonal.bass_articulation=PLAIN;tonal.melodic_rhythm_operation=PRESERVE;tonal.melodic_motif_operation=NONE
23	11	HipHop	Hip-Hop	16	Golden Era	0	416:halftime_switch@135;712:electro_backskip@90;713:funk_house_bridge@85;714:electro_gap_push@100	0:STRAIGHT@20;1:SWING COMPAT@90;2:LAID BACK@150;3:PUSH/PULL@120	3:KICK ANSWER@110;4:GAP FILL@70;6:SPARSE ANCHOR@100;8:HALF-TIME POCKET@120;9:SYNCOPATED HOOK@70	1:HELD PAD@125;2:WHOLE BAR HOLD@150;5:BACKBEAT STAB@55;7:SPARSE CHORD REPLY@115	2:PEDAL DRONE@85;4:II-V-I@135;5:PARALLEL SHIFT@110	1:SPARSE CALL@110;2:DELAYED ANSWER@105;3:TWO-NOTE HOOK@100;4:PICKUP PHRASE@60;5:LONG TONE@95;6:REST HEAVY@160;7:BAR-END RESPONSE@90;9:DRIFT PHRASE@105	1:SOURCE ORDER@75;2:TWO-NOTE CELL@125;4:CALL/RESPONSE@105;5:PIVOT@55	18:REPEAT/REPLY/2bar@55;20:REPEAT/REPLY/4bar@110;36:DEVELOP/RETURN/4bar@95	82	100	92	16	4	10	ChordWithMelodicFill	Stage7Composition	0x0136	ROOT ANCHOR;ROOT/FIFTH;NEIGHBOR RETURN;STEP APPROACH;PEDAL TURN	0x0130	NEIGHBOR RETURN;STEP APPROACH;PEDAL TURN	0x0002	PLAIN	0x0000	NONE	0x0002	PRESERVE	0x0000	NONE	0x03b2	STATIC;ARCH;INVERTED ARCH;NEIGHBOR;REPEAT THEN UP;REPEAT THEN DOWN	0x00b2	STATIC;ARCH;INVERTED ARCH;NEIGHBOR	0x0002	NONE	0x0000	NONE	24	47	23	48	71	16	minNotes=5|maxNotes=9|minOctave=36|maxOctave=60|slide=0.050000|accent=0.250000|gate=0.600000|swing=0.180000|microTiming=0.250000|velocityMin=75|velocityMax=108|preferDownbeats=0|allowRepeats=1|rootBias=0.350000|ghost=0.180000|chromatic=0.100000|sparseKick=1|sparseHats=1|noAccents=0|fill=0.200000|drumSyncopation=0.300000|drumPreferOffbeat=1|drumVoiceCount=6	BASE_MODE_TEMPLATE	kickMask=0x0000|snareMask=0x0000|hatMask=0x0000|openHatMask=0x0000|kickGhost=0.000000|snareGhost=0.000000|hatVariation=0.000000|kickVelocity=0|snareVelocity=0|hatVelocity=0|useRim=0|useClap=0	stepMask=0xf0f0|motifLength=4|preferredScale=2|useMotif=1|allowChromatic=0|forceOctaveJump=0|avoidClusters=1	osc=0.200000|cutoff=0.450000|resonance=0.250000|envAmount=0.550000|envDecay=0.300000	0	NONE	NONE	0	0	0	0a2a6211ef00dcf2214dfd4704b6c34b424b1c9d	kSlowProfile	rhythms=416,712,713,714|feels=0,1,2,3|bass=3,4,6,8,9|chord=1,2,5,7|progressions=2,4,5|melodic=1,2,3,4,5,6,7,9|motifs=1,2,4,5|phrases=18,20,36	rhythms=416@135,712@90,713@85,714@100|feels=0@20,1@90,2@150,3@120|bass=3@110,4@70,6@100,8@120,9@70|chord=1@125,2@150,5@55,7@115|progressions=2@85,4@135,5@110|melodic=1@110,2@105,3@100,4@60,5@95,6@160,7@90,9@105|motifs=1@75,2@125,4@105,5@55|phrases=18@55,20@110,36@95	b67de6148ff766e22229679d01fe784ff28f100550021ec13d797ce9be57c8e2	f9a6c346ab698a2a71ac5a0b7e937d01d0fd8b6349be22ada195642fbe3289bb	bpm=82:92:100|grid=16|density=4:10	0e51f2187f62a7e4698efccc7650d9eb2d1e70c700cf6bc43c32789bc350cd04	22ed600c24cd9978dd85e2de61fa76efa62dd7efb1f3e4c92261e5fa578d8b4f	bass_allowed_contours_mask=0x0136|bass_preferred_contours_mask=0x0130|bass_allowed_articulations_mask=0x0002|bass_preferred_articulations_mask=0x0000|melodic_allowed_rhythm_ops_mask=0x0002|melodic_preferred_rhythm_ops_mask=0x0000|melodic_allowed_contours_mask=0x03b2|melodic_preferred_contours_mask=0x00b2|melodic_allowed_motif_ops_mask=0x0002|melodic_preferred_motif_ops_mask=0x0000|bass_register_min=24|bass_register_max=47|bass_register_max_leap=23|secondary_register_min=48|secondary_register_max=71|secondary_register_max_leap=16	98fcdf0bc8ddb3504bf6c2fbc150e6e37cc3e6f491cbe3e267907984d26af51a	23049cdafd0d596c5a8ef5595e0e8b2e592ada17a91933ed17e9ffb8e65f37a0	rhythms=135@f5941032d43efd25f1eeda27de224702ce77b1bf895b1c1dda42516256b08640|90@dc775f294b7f436e818db620ea627d41ca6d44c36a8ee4afe449ad1f6027c9fb|85@6e94a20bb5945ce8175696b18f89200b1f0d569105da82a5c004da69cf3e4f28|100@d5ec7219d7b01231b1d9f6168c573ed019d75f5d100de9b03f01935021e45450	f53e25927153aded8a29ad857c39d1e6cab549ee4ed1f0637e53e024794c4794	1bccb69e01066aad65ca8ab73064c6ec84c01a12d29eed8594bceda8ea904b96	0132a3c7ca42acca7dd916271830f5c29820ddbcd5795249a4ccb5e4691ff5f1	2fba4a2d8804321683e29aa13b72637ec647132f06576b3d4cf02988dbffb6ff	291d2668bab115cb9aa6908e40aa8e184b869194397e53b7f1e3e01f70e3b536	backed=0|recipe=NONE|display=NONE|bpm=0|swing=0|variations=0	9e4a5a9f8b4359a1b43f86367ad5c05e1a41e02c5d380972712b52d1bd0fdebd	NOT_ATLAS_BACKED	5c9bf0476bddf8159aadcc68aae8f5b530ec764a676a475e7c861fb25e481594	02300566b05bd4ac0e1288eb6ed0e71d9ef622160715de251f03a1a8de361b6c	MEMBERSHIP-CHANGE;MULTI-DOMAIN	COMPOSITION;CORRIDOR;DRUM	NONE	NONE	tonal.bass_articulation=PLAIN;tonal.melodic_rhythm_operation=PRESERVE;tonal.melodic_motif_operation=NONE
24	11	HipHop	Hip-Hop	17	Dusty Jazz	0	415:sparse_fast_break@85;416:halftime_switch@115;713:funk_house_bridge@135	1:SWING COMPAT@120;2:LAID BACK@125;3:PUSH/PULL@150	3:KICK ANSWER@110;4:GAP FILL@70;6:SPARSE ANCHOR@100;8:HALF-TIME POCKET@120;9:SYNCOPATED HOOK@70	1:HELD PAD@125;2:WHOLE BAR HOLD@150;5:BACKBEAT STAB@55;7:SPARSE CHORD REPLY@115	2:PEDAL DRONE@85;4:II-V-I@135;5:PARALLEL SHIFT@110	1:SPARSE CALL@110;2:DELAYED ANSWER@105;3:TWO-NOTE HOOK@100;4:PICKUP PHRASE@60;5:LONG TONE@95;6:REST HEAVY@160;7:BAR-END RESPONSE@90;9:DRIFT PHRASE@105	1:SOURCE ORDER@75;2:TWO-NOTE CELL@125;4:CALL/RESPONSE@105;5:PIVOT@55	20:REPEAT/REPLY/4bar@100;36:DEVELOP/RETURN/4bar@70;56:SPARSE DRIFT/8bar@120	70	94	84	16	3	9	ChordWithMelodicFill	Stage7Composition	0x0136	ROOT ANCHOR;ROOT/FIFTH;NEIGHBOR RETURN;STEP APPROACH;PEDAL TURN	0x0130	NEIGHBOR RETURN;STEP APPROACH;PEDAL TURN	0x0002	PLAIN	0x0000	NONE	0x0002	PRESERVE	0x0000	NONE	0x03b2	STATIC;ARCH;INVERTED ARCH;NEIGHBOR;REPEAT THEN UP;REPEAT THEN DOWN	0x00b2	STATIC;ARCH;INVERTED ARCH;NEIGHBOR	0x0002	NONE	0x0000	NONE	24	47	23	48	71	16	minNotes=5|maxNotes=9|minOctave=36|maxOctave=60|slide=0.050000|accent=0.250000|gate=0.600000|swing=0.180000|microTiming=0.250000|velocityMin=75|velocityMax=108|preferDownbeats=0|allowRepeats=1|rootBias=0.350000|ghost=0.180000|chromatic=0.100000|sparseKick=1|sparseHats=1|noAccents=0|fill=0.200000|drumSyncopation=0.300000|drumPreferOffbeat=1|drumVoiceCount=6	BASE_MODE_TEMPLATE	kickMask=0x0000|snareMask=0x0000|hatMask=0x0000|openHatMask=0x0000|kickGhost=0.000000|snareGhost=0.000000|hatVariation=0.000000|kickVelocity=0|snareVelocity=0|hatVelocity=0|useRim=0|useClap=0	stepMask=0xf0f0|motifLength=4|preferredScale=2|useMotif=1|allowChromatic=0|forceOctaveJump=0|avoidClusters=1	osc=0.200000|cutoff=0.450000|resonance=0.250000|envAmount=0.550000|envDecay=0.300000	0	NONE	NONE	0	0	0	0a2a6211ef00dcf2214dfd4704b6c34b424b1c9d	kSlowProfile	rhythms=415,416,713|feels=1,2,3|bass=3,4,6,8,9|chord=1,2,5,7|progressions=2,4,5|melodic=1,2,3,4,5,6,7,9|motifs=1,2,4,5|phrases=20,36,56	rhythms=415@85,416@115,713@135|feels=1@120,2@125,3@150|bass=3@110,4@70,6@100,8@120,9@70|chord=1@125,2@150,5@55,7@115|progressions=2@85,4@135,5@110|melodic=1@110,2@105,3@100,4@60,5@95,6@160,7@90,9@105|motifs=1@75,2@125,4@105,5@55|phrases=20@100,36@70,56@120	a7f741a1610ddfa409a7ff10739588d436f4b9f4667cf5c80485212594e4ae28	5a6dbfce948432623a10c65a2445a0bf7a25d5236c68598ffceef3b06b0f1aa1	bpm=70:84:94|grid=16|density=3:9	81c778339aa82ed90d147d518805393b104021b355b32c2c6768305ef4478fde	22ed600c24cd9978dd85e2de61fa76efa62dd7efb1f3e4c92261e5fa578d8b4f	bass_allowed_contours_mask=0x0136|bass_preferred_contours_mask=0x0130|bass_allowed_articulations_mask=0x0002|bass_preferred_articulations_mask=0x0000|melodic_allowed_rhythm_ops_mask=0x0002|melodic_preferred_rhythm_ops_mask=0x0000|melodic_allowed_contours_mask=0x03b2|melodic_preferred_contours_mask=0x00b2|melodic_allowed_motif_ops_mask=0x0002|melodic_preferred_motif_ops_mask=0x0000|bass_register_min=24|bass_register_max=47|bass_register_max_leap=23|secondary_register_min=48|secondary_register_max=71|secondary_register_max_leap=16	98fcdf0bc8ddb3504bf6c2fbc150e6e37cc3e6f491cbe3e267907984d26af51a	94f213cb609e0b26ebda0df01a70ad00bf72205ebc21f4a7a213b61cec69117c	rhythms=85@e74d4aadfb9065f805fd659a69e325cde5f8ac918c9db8b91de4aa8165913cc0|115@f5941032d43efd25f1eeda27de224702ce77b1bf895b1c1dda42516256b08640|135@6e94a20bb5945ce8175696b18f89200b1f0d569105da82a5c004da69cf3e4f28	388af6b3693711c7a9d471019a72851c5fed7c7bbd4fb3a27f6bb28eb10a786f	1bccb69e01066aad65ca8ab73064c6ec84c01a12d29eed8594bceda8ea904b96	0132a3c7ca42acca7dd916271830f5c29820ddbcd5795249a4ccb5e4691ff5f1	2fba4a2d8804321683e29aa13b72637ec647132f06576b3d4cf02988dbffb6ff	291d2668bab115cb9aa6908e40aa8e184b869194397e53b7f1e3e01f70e3b536	backed=0|recipe=NONE|display=NONE|bpm=0|swing=0|variations=0	9e4a5a9f8b4359a1b43f86367ad5c05e1a41e02c5d380972712b52d1bd0fdebd	NOT_ATLAS_BACKED	58206d772a625b3996ac537dc3ae212959307afc573d2887cf15b49e731e7f82	c45da8df1ffd2ed1853c2b56f73c2d3de6c7d511cce56c2834245cbc9fde4092	MEMBERSHIP-CHANGE;MULTI-DOMAIN	COMPOSITION;CORRIDOR;DRUM	NONE	NONE	tonal.bass_articulation=PLAIN;tonal.melodic_rhythm_operation=PRESERVE;tonal.melodic_motif_operation=NONE
25	12	FunkSoul	Funk/Soul	0	BASE	1	415:sparse_fast_break@75;416:halftime_switch@90;713:funk_house_bridge@150	0:STRAIGHT@45;1:SWING COMPAT@110;3:PUSH/PULL@70	3:KICK ANSWER@110;4:GAP FILL@70;6:SPARSE ANCHOR@100;8:HALF-TIME POCKET@120;9:SYNCOPATED HOOK@70	1:HELD PAD@125;2:WHOLE BAR HOLD@150;5:BACKBEAT STAB@55;7:SPARSE CHORD REPLY@115	3:POP CYCLE@90;4:II-V-I@140;7:BORROWED LIFT@85	1:SPARSE CALL@110;2:DELAYED ANSWER@105;3:TWO-NOTE HOOK@100;4:PICKUP PHRASE@60;5:LONG TONE@95;6:REST HEAVY@160;7:BAR-END RESPONSE@90;9:DRIFT PHRASE@105	1:SOURCE ORDER@75;2:TWO-NOTE CELL@125;4:CALL/RESPONSE@105;5:PIVOT@55	18:REPEAT/REPLY/2bar@55;20:REPEAT/REPLY/4bar@110;36:DEVELOP/RETURN/4bar@95	88	116	102	16	4	11	ChordWithMelodicFill	Stage7Composition	0x0136	ROOT ANCHOR;ROOT/FIFTH;NEIGHBOR RETURN;STEP APPROACH;PEDAL TURN	0x0130	NEIGHBOR RETURN;STEP APPROACH;PEDAL TURN	0x0002	PLAIN	0x0000	NONE	0x0002	PRESERVE	0x0000	NONE	0x03b2	STATIC;ARCH;INVERTED ARCH;NEIGHBOR;REPEAT THEN UP;REPEAT THEN DOWN	0x00b2	STATIC;ARCH;INVERTED ARCH;NEIGHBOR	0x0002	NONE	0x0000	NONE	24	47	23	48	71	16	minNotes=5|maxNotes=9|minOctave=36|maxOctave=60|slide=0.050000|accent=0.250000|gate=0.600000|swing=0.180000|microTiming=0.250000|velocityMin=75|velocityMax=108|preferDownbeats=0|allowRepeats=1|rootBias=0.350000|ghost=0.180000|chromatic=0.100000|sparseKick=1|sparseHats=1|noAccents=0|fill=0.200000|drumSyncopation=0.300000|drumPreferOffbeat=1|drumVoiceCount=6	BASE_MODE_TEMPLATE	kickMask=0x0000|snareMask=0x0000|hatMask=0x0000|openHatMask=0x0000|kickGhost=0.000000|snareGhost=0.000000|hatVariation=0.000000|kickVelocity=0|snareVelocity=0|hatVelocity=0|useRim=0|useClap=0	stepMask=0xf0f0|motifLength=4|preferredScale=2|useMotif=1|allowChromatic=0|forceOctaveJump=0|avoidClusters=1	osc=0.200000|cutoff=0.450000|resonance=0.250000|envAmount=0.550000|envDecay=0.300000	0	NONE	NONE	0	0	0	0a2a6211ef00dcf2214dfd4704b6c34b424b1c9d	kSlowProfile	rhythms=415,416,713|feels=0,1,3|bass=3,4,6,8,9|chord=1,2,5,7|progressions=3,4,7|melodic=1,2,3,4,5,6,7,9|motifs=1,2,4,5|phrases=18,20,36	rhythms=415@75,416@90,713@150|feels=0@45,1@110,3@70|bass=3@110,4@70,6@100,8@120,9@70|chord=1@125,2@150,5@55,7@115|progressions=3@90,4@140,7@85|melodic=1@110,2@105,3@100,4@60,5@95,6@160,7@90,9@105|motifs=1@75,2@125,4@105,5@55|phrases=18@55,20@110,36@95	ac5bbf9be8f4f2fd8d042c7cf2a56953ffe34f4a814da51a663676c2281b4c54	fbbbfec72b8400e7150aa7c9a58cbd401b324e13b3655fa51f1df9f951cb1477	bpm=88:102:116|grid=16|density=4:11	df577e57e6299ae99ff1870dea5e025a838eba4c87f9c1683381d3aa3cd22e33	22ed600c24cd9978dd85e2de61fa76efa62dd7efb1f3e4c92261e5fa578d8b4f	bass_allowed_contours_mask=0x0136|bass_preferred_contours_mask=0x0130|bass_allowed_articulations_mask=0x0002|bass_preferred_articulations_mask=0x0000|melodic_allowed_rhythm_ops_mask=0x0002|melodic_preferred_rhythm_ops_mask=0x0000|melodic_allowed_contours_mask=0x03b2|melodic_preferred_contours_mask=0x00b2|melodic_allowed_motif_ops_mask=0x0002|melodic_preferred_motif_ops_mask=0x0000|bass_register_min=24|bass_register_max=47|bass_register_max_leap=23|secondary_register_min=48|secondary_register_max=71|secondary_register_max_leap=16	98fcdf0bc8ddb3504bf6c2fbc150e6e37cc3e6f491cbe3e267907984d26af51a	09e1bec3f3cc1b93474770ee14958cc46247dab664857062212a57a20efd8d8d	rhythms=75@e74d4aadfb9065f805fd659a69e325cde5f8ac918c9db8b91de4aa8165913cc0|90@f5941032d43efd25f1eeda27de224702ce77b1bf895b1c1dda42516256b08640|150@6e94a20bb5945ce8175696b18f89200b1f0d569105da82a5c004da69cf3e4f28	796e37e77c2873e281ed2b5b5fee42ae5846135a938d7cd1b76abe292a10d6aa	1bccb69e01066aad65ca8ab73064c6ec84c01a12d29eed8594bceda8ea904b96	0132a3c7ca42acca7dd916271830f5c29820ddbcd5795249a4ccb5e4691ff5f1	2fba4a2d8804321683e29aa13b72637ec647132f06576b3d4cf02988dbffb6ff	291d2668bab115cb9aa6908e40aa8e184b869194397e53b7f1e3e01f70e3b536	backed=0|recipe=NONE|display=NONE|bpm=0|swing=0|variations=0	9e4a5a9f8b4359a1b43f86367ad5c05e1a41e02c5d380972712b52d1bd0fdebd	NOT_ATLAS_BACKED	c65d6db1222fc7a3455e12a58d27688fb85e819c5f51c820e768c1622fd6b334	cff40fdb0bfe98e5f3d61584f174dfd07f1777099ffcac31efbeda241c7b3b5e	BASE	NONE	NONE	NONE	tonal.bass_articulation=PLAIN;tonal.melodic_rhythm_operation=PRESERVE;tonal.melodic_motif_operation=NONE
26	13	UkGarage	UK Garage	0	BASE	1	417:classic_2step@125;418:skippy_2step@120;419:shuffled_4x4@105;420:machine_syncopation@75	0:STRAIGHT@45;1:SWING COMPAT@110;3:PUSH/PULL@70	3:KICK ANSWER@90;4:GAP FILL@90;5:OFFBEAT PUSH@70;9:SYNCOPATED HOOK@120	1:HELD PAD@55;5:BACKBEAT STAB@80;6:ANTICIPATED CHANGE@100;7:SPARSE CHORD REPLY@90	1:STATIC MODAL@85;5:PARALLEL SHIFT@65;6:MINOR FALL@45;7:BORROWED LIFT@80	1:SPARSE CALL@55;2:DELAYED ANSWER@110;4:PICKUP PHRASE@85;7:BAR-END RESPONSE@100	1:SOURCE ORDER@55;3:MIRROR@75;4:CALL/RESPONSE@120;5:PIVOT@80	18:REPEAT/REPLY/2bar@55;20:REPEAT/REPLY/4bar@110;36:DEVELOP/RETURN/4bar@95	126	140	132	16	5	13	Melodic	Stage7Composition	0x0076	ROOT ANCHOR;ROOT/FIFTH;NEIGHBOR RETURN;STEP APPROACH;LEAP RETURN	0x0034	ROOT/FIFTH;NEIGHBOR RETURN;STEP APPROACH	0x0002	PLAIN	0x0000	NONE	0x0002	PRESERVE	0x0000	NONE	0x038e	STATIC;STEP UP;STEP DOWN;NEIGHBOR;REPEAT THEN UP;REPEAT THEN DOWN	0x038c	STEP UP;STEP DOWN;NEIGHBOR;REPEAT THEN UP;REPEAT THEN DOWN	0x0002	NONE	0x0000	NONE	24	47	23	48	71	16	minNotes=7|maxNotes=12|minOctave=36|maxOctave=72|slide=0.100000|accent=0.350000|gate=0.450000|swing=0.280000|microTiming=0.120000|velocityMin=90|velocityMax=120|preferDownbeats=0|allowRepeats=1|rootBias=0.200000|ghost=0.080000|chromatic=0.120000|sparseKick=0|sparseHats=0|noAccents=0|fill=0.350000|drumSyncopation=0.450000|drumPreferOffbeat=1|drumVoiceCount=8	BASE_MODE_TEMPLATE	kickMask=0x0000|snareMask=0x0000|hatMask=0x0000|openHatMask=0x0000|kickGhost=0.000000|snareGhost=0.000000|hatVariation=0.000000|kickVelocity=0|snareVelocity=0|hatVelocity=0|useRim=0|useClap=0	stepMask=0xaa55|motifLength=3|preferredScale=3|useMotif=1|allowChromatic=1|forceOctaveJump=1|avoidClusters=0	osc=0.000000|cutoff=0.620000|resonance=0.320000|envAmount=0.700000|envDecay=0.250000	0	NONE	NONE	0	0	0	0a2a6211ef00dcf2214dfd4704b6c34b424b1c9d	kBrokenProfile	rhythms=417,418,419,420|feels=0,1,3|bass=3,4,5,9|chord=1,5,6,7|progressions=1,5,6,7|melodic=1,2,4,7|motifs=1,3,4,5|phrases=18,20,36	rhythms=417@125,418@120,419@105,420@75|feels=0@45,1@110,3@70|bass=3@90,4@90,5@70,9@120|chord=1@55,5@80,6@100,7@90|progressions=1@85,5@65,6@45,7@80|melodic=1@55,2@110,4@85,7@100|motifs=1@55,3@75,4@120,5@80|phrases=18@55,20@110,36@95	bf7799b4abf8726873654abaec34c6b2f1aa1668b4c0d4f395afcf8332547ba8	6f416f0e78667757b83c2112c04ec1a1f094e12469537cd381848f994fba2b4e	bpm=126:132:140|grid=16|density=5:13	d1ba1b3d15a65ca5d56271892fd3eb2f381bfc52e9d19627bbb37c4eea708177	9f3c0de140688689933e6406b2fdec1bc35a0cc468c4a1f70bea761ad40cdbf0	bass_allowed_contours_mask=0x0076|bass_preferred_contours_mask=0x0034|bass_allowed_articulations_mask=0x0002|bass_preferred_articulations_mask=0x0000|melodic_allowed_rhythm_ops_mask=0x0002|melodic_preferred_rhythm_ops_mask=0x0000|melodic_allowed_contours_mask=0x038e|melodic_preferred_contours_mask=0x038c|melodic_allowed_motif_ops_mask=0x0002|melodic_preferred_motif_ops_mask=0x0000|bass_register_min=24|bass_register_max=47|bass_register_max_leap=23|secondary_register_min=48|secondary_register_max=71|secondary_register_max_leap=16	87f030fa12014045b56c2df5bb96c00a765200b4ec4e079883afb5916c9a2f80	10365923466ab308a87784e08e6a2ecbec3ad4beee8a6a16dd1017696cd52de9	rhythms=125@e420861de9bb5443d1ca1ad9bc0f4d0ab073f60381bc30b32a2fcf9ae2290f63|120@4f66189f045dc0cde01d538da86f6c3ba3bf3c21ce834db656119c211a5d4d82|105@51829bd328713ced8977e6df4e583eded864ffc5c06be193d7658c2111226c7b|75@71b6dad74dd1ec2669fb58ff5458698021043b5b48122ac4429a6c0dcddc0a5e	dee6ce31a257768023603cd5070efcefe94a7acc4d72d8a114ab2c1cbc6c5915	ce63dbba398e676b0379b78383a0b210f1f5c11bbe960a932c215ee102e6b6a6	0132a3c7ca42acca7dd916271830f5c29820ddbcd5795249a4ccb5e4691ff5f1	8d099ff865dc81de91fc81bb38f7f9287f93a45b920b01962bd78b97427b07ce	58f586db31f62f1b344f008d27efdd052471597c255738c8afd16a6b286fcb29	backed=0|recipe=NONE|display=NONE|bpm=0|swing=0|variations=0	9e4a5a9f8b4359a1b43f86367ad5c05e1a41e02c5d380972712b52d1bd0fdebd	NOT_ATLAS_BACKED	d74035d4a6d6c5d6055e8bbaa439b3de7d229af5f019ada9be1fef7042cd5f33	d52ac58ae651f11e118e4e9a3465d75ab8df8ef93b5e6e9f6ae1ddc91f4129c8	BASE	NONE	NONE	NONE	tonal.bass_articulation=PLAIN;tonal.melodic_rhythm_operation=PRESERVE;tonal.melodic_motif_operation=NONE
27	14	DrumAndBass	Drum&Bass	0	BASE	1	413:two_step_roll@125;414:ghosted_roll@115;415:sparse_fast_break@105;416:halftime_switch@95	0:STRAIGHT@120;3:PUSH/PULL@45	2:KICK LOCK@70;5:OFFBEAT PUSH@90;7:ROLLING DRIVE@110;9:SYNCOPATED HOOK@75	1:HELD PAD@55;5:BACKBEAT STAB@80;6:ANTICIPATED CHANGE@100;7:SPARSE CHORD REPLY@90	1:STATIC MODAL@85;5:PARALLEL SHIFT@65;6:MINOR FALL@45;7:BORROWED LIFT@80	1:SPARSE CALL@55;2:DELAYED ANSWER@110;4:PICKUP PHRASE@85;7:BAR-END RESPONSE@100	1:SOURCE ORDER@55;3:MIRROR@75;4:CALL/RESPONSE@120;5:PIVOT@80	1:LOOP/1bar@65;2:LOOP/2bar@110;20:REPEAT/REPLY/4bar@70	160	180	174	16	7	15	Melodic	Stage7Composition	0x0076	ROOT ANCHOR;ROOT/FIFTH;NEIGHBOR RETURN;STEP APPROACH;LEAP RETURN	0x0034	ROOT/FIFTH;NEIGHBOR RETURN;STEP APPROACH	0x0002	PLAIN	0x0000	NONE	0x0002	PRESERVE	0x0000	NONE	0x038e	STATIC;STEP UP;STEP DOWN;NEIGHBOR;REPEAT THEN UP;REPEAT THEN DOWN	0x038c	STEP UP;STEP DOWN;NEIGHBOR;REPEAT THEN UP;REPEAT THEN DOWN	0x0002	NONE	0x0000	NONE	24	47	23	48	71	16	minNotes=7|maxNotes=12|minOctave=36|maxOctave=72|slide=0.100000|accent=0.350000|gate=0.450000|swing=0.280000|microTiming=0.120000|velocityMin=90|velocityMax=120|preferDownbeats=0|allowRepeats=1|rootBias=0.200000|ghost=0.080000|chromatic=0.120000|sparseKick=0|sparseHats=0|noAccents=0|fill=0.350000|drumSyncopation=0.450000|drumPreferOffbeat=1|drumVoiceCount=8	BASE_MODE_TEMPLATE	kickMask=0x0000|snareMask=0x0000|hatMask=0x0000|openHatMask=0x0000|kickGhost=0.000000|snareGhost=0.000000|hatVariation=0.000000|kickVelocity=0|snareVelocity=0|hatVelocity=0|useRim=0|useClap=0	stepMask=0xaa55|motifLength=3|preferredScale=3|useMotif=1|allowChromatic=1|forceOctaveJump=1|avoidClusters=0	osc=0.000000|cutoff=0.620000|resonance=0.320000|envAmount=0.700000|envDecay=0.250000	0	NONE	NONE	0	0	0	0a2a6211ef00dcf2214dfd4704b6c34b424b1c9d	kBrokenProfile	rhythms=413,414,415,416|feels=0,3|bass=2,5,7,9|chord=1,5,6,7|progressions=1,5,6,7|melodic=1,2,4,7|motifs=1,3,4,5|phrases=1,2,20	rhythms=413@125,414@115,415@105,416@95|feels=0@120,3@45|bass=2@70,5@90,7@110,9@75|chord=1@55,5@80,6@100,7@90|progressions=1@85,5@65,6@45,7@80|melodic=1@55,2@110,4@85,7@100|motifs=1@55,3@75,4@120,5@80|phrases=1@65,2@110,20@70	51b53fc35f70dbb544336d9948514f05a1569fb541e6f1ceb0ed36532d5f4709	5e56c3bd9ace9e38a5cd5ef27e66d485d370b4a5ac2512230cbaa05a27b03c89	bpm=160:174:180|grid=16|density=7:15	55f993afde440a505344ff73295ee9e868383d96125c253dc6e21d1963e9b408	9f3c0de140688689933e6406b2fdec1bc35a0cc468c4a1f70bea761ad40cdbf0	bass_allowed_contours_mask=0x0076|bass_preferred_contours_mask=0x0034|bass_allowed_articulations_mask=0x0002|bass_preferred_articulations_mask=0x0000|melodic_allowed_rhythm_ops_mask=0x0002|melodic_preferred_rhythm_ops_mask=0x0000|melodic_allowed_contours_mask=0x038e|melodic_preferred_contours_mask=0x038c|melodic_allowed_motif_ops_mask=0x0002|melodic_preferred_motif_ops_mask=0x0000|bass_register_min=24|bass_register_max=47|bass_register_max_leap=23|secondary_register_min=48|secondary_register_max=71|secondary_register_max_leap=16	87f030fa12014045b56c2df5bb96c00a765200b4ec4e079883afb5916c9a2f80	b9b3b6ccc787179355b66749e92459443a3682e5fbefa821d0a311224f86aa1c	rhythms=125@87e2d2882536c6dd248c966a277c9659e498797f8ce43ed5a3611a6c88daa8cd|115@08f122fe889c900fa68ee1c85c0edc579bdd84e9d9339a16078dbcf80a6ba267|105@e74d4aadfb9065f805fd659a69e325cde5f8ac918c9db8b91de4aa8165913cc0|95@f5941032d43efd25f1eeda27de224702ce77b1bf895b1c1dda42516256b08640	eb07e7d3510ad1633d365eb3e56d262cef8242ed2045647ad02b6874a82847c1	ce63dbba398e676b0379b78383a0b210f1f5c11bbe960a932c215ee102e6b6a6	0132a3c7ca42acca7dd916271830f5c29820ddbcd5795249a4ccb5e4691ff5f1	8d099ff865dc81de91fc81bb38f7f9287f93a45b920b01962bd78b97427b07ce	58f586db31f62f1b344f008d27efdd052471597c255738c8afd16a6b286fcb29	backed=0|recipe=NONE|display=NONE|bpm=0|swing=0|variations=0	9e4a5a9f8b4359a1b43f86367ad5c05e1a41e02c5d380972712b52d1bd0fdebd	NOT_ATLAS_BACKED	926c04fe098ff04955de03e38a71be21dd4286c496d55be6d7ec8d6172a900ff	e7bef3ea7b19fbd0b546fe62123911afd0946119490cb8600e10daf31d12bec9	BASE	NONE	NONE	NONE	tonal.bass_articulation=PLAIN;tonal.melodic_rhythm_operation=PRESERVE;tonal.melodic_motif_operation=NONE
28	15	LoFi	Lo-Fi	0	BASE	1	403:hypnotic_sparse@55;415:sparse_fast_break@115;416:halftime_switch@135;713:funk_house_bridge@95;714:electro_gap_push@65	0:STRAIGHT@20;1:SWING COMPAT@90;2:LAID BACK@150;3:PUSH/PULL@120	3:KICK ANSWER@60;4:GAP FILL@40;6:SPARSE ANCHOR@150;8:HALF-TIME POCKET@135;10:SUSTAIN/DROP@115	1:HELD PAD@125;2:WHOLE BAR HOLD@150;5:BACKBEAT STAB@55;7:SPARSE CHORD REPLY@115	2:PEDAL DRONE@100;4:II-V-I@130;5:PARALLEL SHIFT@135;7:BORROWED LIFT@70	1:SPARSE CALL@110;2:DELAYED ANSWER@105;3:TWO-NOTE HOOK@100;4:PICKUP PHRASE@60;5:LONG TONE@95;6:REST HEAVY@160;7:BAR-END RESPONSE@90;9:DRIFT PHRASE@105	1:SOURCE ORDER@75;2:TWO-NOTE CELL@125;4:CALL/RESPONSE@105;5:PIVOT@55	20:REPEAT/REPLY/4bar@100;36:DEVELOP/RETURN/4bar@70;56:SPARSE DRIFT/8bar@120	54	90	72	16	2	8	ChordWithMelodicFill	Stage7Composition	0x0136	ROOT ANCHOR;ROOT/FIFTH;NEIGHBOR RETURN;STEP APPROACH;PEDAL TURN	0x0130	NEIGHBOR RETURN;STEP APPROACH;PEDAL TURN	0x0002	PLAIN	0x0000	NONE	0x0002	PRESERVE	0x0000	NONE	0x03b2	STATIC;ARCH;INVERTED ARCH;NEIGHBOR;REPEAT THEN UP;REPEAT THEN DOWN	0x00b2	STATIC;ARCH;INVERTED ARCH;NEIGHBOR	0x0002	NONE	0x0000	NONE	24	47	23	48	71	16	minNotes=5|maxNotes=9|minOctave=36|maxOctave=60|slide=0.050000|accent=0.250000|gate=0.600000|swing=0.180000|microTiming=0.250000|velocityMin=75|velocityMax=108|preferDownbeats=0|allowRepeats=1|rootBias=0.350000|ghost=0.180000|chromatic=0.100000|sparseKick=1|sparseHats=1|noAccents=0|fill=0.200000|drumSyncopation=0.300000|drumPreferOffbeat=1|drumVoiceCount=6	BASE_MODE_TEMPLATE	kickMask=0x0000|snareMask=0x0000|hatMask=0x0000|openHatMask=0x0000|kickGhost=0.000000|snareGhost=0.000000|hatVariation=0.000000|kickVelocity=0|snareVelocity=0|hatVelocity=0|useRim=0|useClap=0	stepMask=0xf0f0|motifLength=4|preferredScale=2|useMotif=1|allowChromatic=0|forceOctaveJump=0|avoidClusters=1	osc=0.200000|cutoff=0.450000|resonance=0.250000|envAmount=0.550000|envDecay=0.300000	0	NONE	NONE	0	0	0	0a2a6211ef00dcf2214dfd4704b6c34b424b1c9d	kSlowProfile	rhythms=403,415,416,713,714|feels=0,1,2,3|bass=3,4,6,8,10|chord=1,2,5,7|progressions=2,4,5,7|melodic=1,2,3,4,5,6,7,9|motifs=1,2,4,5|phrases=20,36,56	rhythms=403@55,415@115,416@135,713@95,714@65|feels=0@20,1@90,2@150,3@120|bass=3@60,4@40,6@150,8@135,10@115|chord=1@125,2@150,5@55,7@115|progressions=2@100,4@130,5@135,7@70|melodic=1@110,2@105,3@100,4@60,5@95,6@160,7@90,9@105|motifs=1@75,2@125,4@105,5@55|phrases=20@100,36@70,56@120	cf45f63def542ba2c922bb95de30a219d5352c8582f2d261fa5109d8bce4a3c2	b04cd0add4ae6800ab4eab2702c9ebf06b6aef7c089a486c71183bdd15df3694	bpm=54:72:90|grid=16|density=2:8	ec54d5a3fd45e94c0a1185b6d11e3ad75cfef879fd38e6fad2c924245f47a4f0	22ed600c24cd9978dd85e2de61fa76efa62dd7efb1f3e4c92261e5fa578d8b4f	bass_allowed_contours_mask=0x0136|bass_preferred_contours_mask=0x0130|bass_allowed_articulations_mask=0x0002|bass_preferred_articulations_mask=0x0000|melodic_allowed_rhythm_ops_mask=0x0002|melodic_preferred_rhythm_ops_mask=0x0000|melodic_allowed_contours_mask=0x03b2|melodic_preferred_contours_mask=0x00b2|melodic_allowed_motif_ops_mask=0x0002|melodic_preferred_motif_ops_mask=0x0000|bass_register_min=24|bass_register_max=47|bass_register_max_leap=23|secondary_register_min=48|secondary_register_max=71|secondary_register_max_leap=16	98fcdf0bc8ddb3504bf6c2fbc150e6e37cc3e6f491cbe3e267907984d26af51a	2eb379eb29329ba508f30ea823ad9b8f9aac60ad0e02c3da9428e2a0c06af3b5	rhythms=55@335cdf9baf4614637fcbba7a72e9078100e8e9c10d2cebf93c063e05a086a1be|115@e74d4aadfb9065f805fd659a69e325cde5f8ac918c9db8b91de4aa8165913cc0|135@f5941032d43efd25f1eeda27de224702ce77b1bf895b1c1dda42516256b08640|95@6e94a20bb5945ce8175696b18f89200b1f0d569105da82a5c004da69cf3e4f28|65@d5ec7219d7b01231b1d9f6168c573ed019d75f5d100de9b03f01935021e45450	ec0ea3293b30f04d467ab483e2f170557e71592f56da82a647983f224bb69cb0	1bccb69e01066aad65ca8ab73064c6ec84c01a12d29eed8594bceda8ea904b96	0132a3c7ca42acca7dd916271830f5c29820ddbcd5795249a4ccb5e4691ff5f1	2fba4a2d8804321683e29aa13b72637ec647132f06576b3d4cf02988dbffb6ff	291d2668bab115cb9aa6908e40aa8e184b869194397e53b7f1e3e01f70e3b536	backed=0|recipe=NONE|display=NONE|bpm=0|swing=0|variations=0	9e4a5a9f8b4359a1b43f86367ad5c05e1a41e02c5d380972712b52d1bd0fdebd	NOT_ATLAS_BACKED	d26b55decb13d78a83460cc4c3e117f21e1355677d74647fed9ef92e78f13706	6e50a46fa6fffcf69284e2433ed7b14c6317c7c76de1e928597b646180bc93de	BASE	NONE	NONE	NONE	tonal.bass_articulation=PLAIN;tonal.melodic_rhythm_operation=PRESERVE;tonal.melodic_motif_operation=NONE
29	15	LoFi	Lo-Fi	12	Classic Chill	0	415:sparse_fast_break@115;416:halftime_switch@145;713:funk_house_bridge@85	0:STRAIGHT@20;1:SWING COMPAT@90;2:LAID BACK@150;3:PUSH/PULL@120	3:KICK ANSWER@60;4:GAP FILL@40;6:SPARSE ANCHOR@150;8:HALF-TIME POCKET@135;10:SUSTAIN/DROP@115	1:HELD PAD@125;2:WHOLE BAR HOLD@150;5:BACKBEAT STAB@55;7:SPARSE CHORD REPLY@115	2:PEDAL DRONE@100;4:II-V-I@130;5:PARALLEL SHIFT@135;7:BORROWED LIFT@70	1:SPARSE CALL@110;2:DELAYED ANSWER@105;3:TWO-NOTE HOOK@100;4:PICKUP PHRASE@60;5:LONG TONE@95;6:REST HEAVY@160;7:BAR-END RESPONSE@90;9:DRIFT PHRASE@105	1:SOURCE ORDER@75;2:TWO-NOTE CELL@125;4:CALL/RESPONSE@105;5:PIVOT@55	20:REPEAT/REPLY/4bar@100;36:DEVELOP/RETURN/4bar@70;56:SPARSE DRIFT/8bar@120	58	82	72	16	2	7	ChordWithMelodicFill	Stage7Composition	0x0136	ROOT ANCHOR;ROOT/FIFTH;NEIGHBOR RETURN;STEP APPROACH;PEDAL TURN	0x0130	NEIGHBOR RETURN;STEP APPROACH;PEDAL TURN	0x0002	PLAIN	0x0000	NONE	0x0002	PRESERVE	0x0000	NONE	0x03b2	STATIC;ARCH;INVERTED ARCH;NEIGHBOR;REPEAT THEN UP;REPEAT THEN DOWN	0x00b2	STATIC;ARCH;INVERTED ARCH;NEIGHBOR	0x0002	NONE	0x0000	NONE	24	47	23	48	71	16	minNotes=5|maxNotes=9|minOctave=36|maxOctave=60|slide=0.050000|accent=0.250000|gate=0.600000|swing=0.180000|microTiming=0.250000|velocityMin=75|velocityMax=108|preferDownbeats=0|allowRepeats=1|rootBias=0.350000|ghost=0.180000|chromatic=0.100000|sparseKick=1|sparseHats=1|noAccents=0|fill=0.200000|drumSyncopation=0.300000|drumPreferOffbeat=1|drumVoiceCount=6	BASE_MODE_TEMPLATE	kickMask=0x0000|snareMask=0x0000|hatMask=0x0000|openHatMask=0x0000|kickGhost=0.000000|snareGhost=0.000000|hatVariation=0.000000|kickVelocity=0|snareVelocity=0|hatVelocity=0|useRim=0|useClap=0	stepMask=0xf0f0|motifLength=4|preferredScale=2|useMotif=1|allowChromatic=0|forceOctaveJump=0|avoidClusters=1	osc=0.200000|cutoff=0.450000|resonance=0.250000|envAmount=0.550000|envDecay=0.300000	0	NONE	NONE	0	0	0	0a2a6211ef00dcf2214dfd4704b6c34b424b1c9d	kSlowProfile	rhythms=415,416,713|feels=0,1,2,3|bass=3,4,6,8,10|chord=1,2,5,7|progressions=2,4,5,7|melodic=1,2,3,4,5,6,7,9|motifs=1,2,4,5|phrases=20,36,56	rhythms=415@115,416@145,713@85|feels=0@20,1@90,2@150,3@120|bass=3@60,4@40,6@150,8@135,10@115|chord=1@125,2@150,5@55,7@115|progressions=2@100,4@130,5@135,7@70|melodic=1@110,2@105,3@100,4@60,5@95,6@160,7@90,9@105|motifs=1@75,2@125,4@105,5@55|phrases=20@100,36@70,56@120	50c44c72810c1cd554a8bfd7f10b9ab6396a2a6bfa13e851bb631e15dd9f044c	eb2d4e6bda21f1a591b99d8cadb065b9f7bdc0249f50badc0d6de03c24b2ecd5	bpm=58:72:82|grid=16|density=2:7	e060e65d063203e026490267a0f1f96e6f796aaea967a1c8bb1e2fbbf0a23b01	22ed600c24cd9978dd85e2de61fa76efa62dd7efb1f3e4c92261e5fa578d8b4f	bass_allowed_contours_mask=0x0136|bass_preferred_contours_mask=0x0130|bass_allowed_articulations_mask=0x0002|bass_preferred_articulations_mask=0x0000|melodic_allowed_rhythm_ops_mask=0x0002|melodic_preferred_rhythm_ops_mask=0x0000|melodic_allowed_contours_mask=0x03b2|melodic_preferred_contours_mask=0x00b2|melodic_allowed_motif_ops_mask=0x0002|melodic_preferred_motif_ops_mask=0x0000|bass_register_min=24|bass_register_max=47|bass_register_max_leap=23|secondary_register_min=48|secondary_register_max=71|secondary_register_max_leap=16	98fcdf0bc8ddb3504bf6c2fbc150e6e37cc3e6f491cbe3e267907984d26af51a	e444672332d6344a9ab36fd6cff848f27168f149b50206af57a1670f06fd7c93	rhythms=115@e74d4aadfb9065f805fd659a69e325cde5f8ac918c9db8b91de4aa8165913cc0|145@f5941032d43efd25f1eeda27de224702ce77b1bf895b1c1dda42516256b08640|85@6e94a20bb5945ce8175696b18f89200b1f0d569105da82a5c004da69cf3e4f28	7755e38b6198e7d194cff00e43cb7af193765bf59e06f39505231c2d5d31ba63	1bccb69e01066aad65ca8ab73064c6ec84c01a12d29eed8594bceda8ea904b96	0132a3c7ca42acca7dd916271830f5c29820ddbcd5795249a4ccb5e4691ff5f1	2fba4a2d8804321683e29aa13b72637ec647132f06576b3d4cf02988dbffb6ff	291d2668bab115cb9aa6908e40aa8e184b869194397e53b7f1e3e01f70e3b536	backed=0|recipe=NONE|display=NONE|bpm=0|swing=0|variations=0	9e4a5a9f8b4359a1b43f86367ad5c05e1a41e02c5d380972712b52d1bd0fdebd	NOT_ATLAS_BACKED	89eccbf08f5d547173c8248da87cd55ad554b6dbac3cf17cd3838e26c9308b47	883e6ef347d70f651e62cf8318bc0d866713eea44ab478c2d79a504affaa63a8	MEMBERSHIP-CHANGE;MULTI-DOMAIN	COMPOSITION;CORRIDOR;DRUM	NONE	NONE	tonal.bass_articulation=PLAIN;tonal.melodic_rhythm_operation=PRESERVE;tonal.melodic_motif_operation=NONE
30	15	LoFi	Lo-Fi	13	Drunken Groove	0	415:sparse_fast_break@70;416:halftime_switch@105;713:funk_house_bridge@130;714:electro_gap_push@90	1:SWING COMPAT@120;2:LAID BACK@125;3:PUSH/PULL@150	3:KICK ANSWER@110;4:GAP FILL@70;6:SPARSE ANCHOR@100;8:HALF-TIME POCKET@120;9:SYNCOPATED HOOK@70	1:HELD PAD@125;2:WHOLE BAR HOLD@150;5:BACKBEAT STAB@55;7:SPARSE CHORD REPLY@115	2:PEDAL DRONE@100;4:II-V-I@130;5:PARALLEL SHIFT@135;7:BORROWED LIFT@70	1:SPARSE CALL@110;2:DELAYED ANSWER@105;3:TWO-NOTE HOOK@100;4:PICKUP PHRASE@60;5:LONG TONE@95;6:REST HEAVY@160;7:BAR-END RESPONSE@90;9:DRIFT PHRASE@105	1:SOURCE ORDER@75;2:TWO-NOTE CELL@125;4:CALL/RESPONSE@105;5:PIVOT@55	18:REPEAT/REPLY/2bar@55;20:REPEAT/REPLY/4bar@110;36:DEVELOP/RETURN/4bar@95	66	92	82	16	3	9	ChordWithMelodicFill	Stage7Composition	0x0136	ROOT ANCHOR;ROOT/FIFTH;NEIGHBOR RETURN;STEP APPROACH;PEDAL TURN	0x0130	NEIGHBOR RETURN;STEP APPROACH;PEDAL TURN	0x0002	PLAIN	0x0000	NONE	0x0002	PRESERVE	0x0000	NONE	0x03b2	STATIC;ARCH;INVERTED ARCH;NEIGHBOR;REPEAT THEN UP;REPEAT THEN DOWN	0x00b2	STATIC;ARCH;INVERTED ARCH;NEIGHBOR	0x0002	NONE	0x0000	NONE	24	47	23	48	71	16	minNotes=5|maxNotes=9|minOctave=36|maxOctave=60|slide=0.050000|accent=0.250000|gate=0.600000|swing=0.180000|microTiming=0.250000|velocityMin=75|velocityMax=108|preferDownbeats=0|allowRepeats=1|rootBias=0.350000|ghost=0.180000|chromatic=0.100000|sparseKick=1|sparseHats=1|noAccents=0|fill=0.200000|drumSyncopation=0.300000|drumPreferOffbeat=1|drumVoiceCount=6	BASE_MODE_TEMPLATE	kickMask=0x0000|snareMask=0x0000|hatMask=0x0000|openHatMask=0x0000|kickGhost=0.000000|snareGhost=0.000000|hatVariation=0.000000|kickVelocity=0|snareVelocity=0|hatVelocity=0|useRim=0|useClap=0	stepMask=0xf0f0|motifLength=4|preferredScale=2|useMotif=1|allowChromatic=0|forceOctaveJump=0|avoidClusters=1	osc=0.200000|cutoff=0.450000|resonance=0.250000|envAmount=0.550000|envDecay=0.300000	0	NONE	NONE	0	0	0	0a2a6211ef00dcf2214dfd4704b6c34b424b1c9d	kSlowProfile	rhythms=415,416,713,714|feels=1,2,3|bass=3,4,6,8,9|chord=1,2,5,7|progressions=2,4,5,7|melodic=1,2,3,4,5,6,7,9|motifs=1,2,4,5|phrases=18,20,36	rhythms=415@70,416@105,713@130,714@90|feels=1@120,2@125,3@150|bass=3@110,4@70,6@100,8@120,9@70|chord=1@125,2@150,5@55,7@115|progressions=2@100,4@130,5@135,7@70|melodic=1@110,2@105,3@100,4@60,5@95,6@160,7@90,9@105|motifs=1@75,2@125,4@105,5@55|phrases=18@55,20@110,36@95	fa31ad257d00a427c9ed6d8ca3813d6bb644c6feaf5966bb458f7b93da4d4124	0d85563fd1b7ed8640a766446185419f1a437c690390aa0df2b68ebc666c8387	bpm=66:82:92|grid=16|density=3:9	60d2bcb3e1f8825184721ca40302b32bde9fe03c0bed8a7f96ad778f52c2df55	22ed600c24cd9978dd85e2de61fa76efa62dd7efb1f3e4c92261e5fa578d8b4f	bass_allowed_contours_mask=0x0136|bass_preferred_contours_mask=0x0130|bass_allowed_articulations_mask=0x0002|bass_preferred_articulations_mask=0x0000|melodic_allowed_rhythm_ops_mask=0x0002|melodic_preferred_rhythm_ops_mask=0x0000|melodic_allowed_contours_mask=0x03b2|melodic_preferred_contours_mask=0x00b2|melodic_allowed_motif_ops_mask=0x0002|melodic_preferred_motif_ops_mask=0x0000|bass_register_min=24|bass_register_max=47|bass_register_max_leap=23|secondary_register_min=48|secondary_register_max=71|secondary_register_max_leap=16	98fcdf0bc8ddb3504bf6c2fbc150e6e37cc3e6f491cbe3e267907984d26af51a	e2f90902a47d2f52f8adeefa09f5f6b6fd65051d34d0984e5ff287e5873921b1	rhythms=70@e74d4aadfb9065f805fd659a69e325cde5f8ac918c9db8b91de4aa8165913cc0|105@f5941032d43efd25f1eeda27de224702ce77b1bf895b1c1dda42516256b08640|130@6e94a20bb5945ce8175696b18f89200b1f0d569105da82a5c004da69cf3e4f28|90@d5ec7219d7b01231b1d9f6168c573ed019d75f5d100de9b03f01935021e45450	783da9530a561f12151ab8abb48731fdbe8ddd4f42cd2f0d894addd9fd9a40ce	1bccb69e01066aad65ca8ab73064c6ec84c01a12d29eed8594bceda8ea904b96	0132a3c7ca42acca7dd916271830f5c29820ddbcd5795249a4ccb5e4691ff5f1	2fba4a2d8804321683e29aa13b72637ec647132f06576b3d4cf02988dbffb6ff	291d2668bab115cb9aa6908e40aa8e184b869194397e53b7f1e3e01f70e3b536	backed=0|recipe=NONE|display=NONE|bpm=0|swing=0|variations=0	9e4a5a9f8b4359a1b43f86367ad5c05e1a41e02c5d380972712b52d1bd0fdebd	NOT_ATLAS_BACKED	5250923a9e343378aae615c91b7dd5277962b69a12f54f975ab94cae1607a664	cacd2926f9488a39e9f23c7e899880c26c942d28168b71b6ec8ee9e5eff1ca93	MEMBERSHIP-CHANGE;MULTI-DOMAIN	COMPOSITION;CORRIDOR;DRUM	NONE	NONE	tonal.bass_articulation=PLAIN;tonal.melodic_rhythm_operation=PRESERVE;tonal.melodic_motif_operation=NONE
31	15	LoFi	Lo-Fi	14	Lo-Fi House	0	402:offbeat_open_hat@65;419:shuffled_4x4@85;711:stacked_quarters@115;713:funk_house_bridge@140	0:STRAIGHT@55;1:SWING COMPAT@110;2:LAID BACK@80;3:PUSH/PULL@90	2:KICK LOCK@70;5:OFFBEAT PUSH@90;7:ROLLING DRIVE@110;9:SYNCOPATED HOOK@75	1:HELD PAD@70;2:WHOLE BAR HOLD@80;4:OFFBEAT STAB@120;7:SPARSE CHORD REPLY@90	1:STATIC MODAL@50;3:POP CYCLE@150;7:BORROWED LIFT@45	1:SPARSE CALL@110;2:DELAYED ANSWER@105;3:TWO-NOTE HOOK@100;4:PICKUP PHRASE@60;5:LONG TONE@95;6:REST HEAVY@160;7:BAR-END RESPONSE@90;9:DRIFT PHRASE@105	1:SOURCE ORDER@75;2:TWO-NOTE CELL@125;4:CALL/RESPONSE@105;5:PIVOT@55	2:LOOP/2bar@55;20:REPEAT/REPLY/4bar@100;36:DEVELOP/RETURN/4bar@120	92	118	106	16	4	11	ChordWithMelodicFill	Stage7Composition	0x0136	ROOT ANCHOR;ROOT/FIFTH;NEIGHBOR RETURN;STEP APPROACH;PEDAL TURN	0x0130	NEIGHBOR RETURN;STEP APPROACH;PEDAL TURN	0x0002	PLAIN	0x0000	NONE	0x0002	PRESERVE	0x0000	NONE	0x03b2	STATIC;ARCH;INVERTED ARCH;NEIGHBOR;REPEAT THEN UP;REPEAT THEN DOWN	0x00b2	STATIC;ARCH;INVERTED ARCH;NEIGHBOR	0x0002	NONE	0x0000	NONE	24	47	23	48	71	16	minNotes=5|maxNotes=9|minOctave=36|maxOctave=60|slide=0.050000|accent=0.250000|gate=0.600000|swing=0.180000|microTiming=0.250000|velocityMin=75|velocityMax=108|preferDownbeats=0|allowRepeats=1|rootBias=0.350000|ghost=0.180000|chromatic=0.100000|sparseKick=1|sparseHats=1|noAccents=0|fill=0.200000|drumSyncopation=0.300000|drumPreferOffbeat=1|drumVoiceCount=6	BASE_MODE_TEMPLATE	kickMask=0x0000|snareMask=0x0000|hatMask=0x0000|openHatMask=0x0000|kickGhost=0.000000|snareGhost=0.000000|hatVariation=0.000000|kickVelocity=0|snareVelocity=0|hatVelocity=0|useRim=0|useClap=0	stepMask=0xf0f0|motifLength=4|preferredScale=2|useMotif=1|allowChromatic=0|forceOctaveJump=0|avoidClusters=1	osc=0.200000|cutoff=0.450000|resonance=0.250000|envAmount=0.550000|envDecay=0.300000	0	NONE	NONE	0	0	0	0a2a6211ef00dcf2214dfd4704b6c34b424b1c9d	kSlowProfile	rhythms=402,419,711,713|feels=0,1,2,3|bass=2,5,7,9|chord=1,2,4,7|progressions=1,3,7|melodic=1,2,3,4,5,6,7,9|motifs=1,2,4,5|phrases=2,20,36	rhythms=402@65,419@85,711@115,713@140|feels=0@55,1@110,2@80,3@90|bass=2@70,5@90,7@110,9@75|chord=1@70,2@80,4@120,7@90|progressions=1@50,3@150,7@45|melodic=1@110,2@105,3@100,4@60,5@95,6@160,7@90,9@105|motifs=1@75,2@125,4@105,5@55|phrases=2@55,20@100,36@120	88b95895bb10ab5758f423b90f26767c305d1a7ad25900a233959f75cd7028b1	ba8c1c483b0683e44b24f8293bd5f22f48d3889b0fe3c4f22ee59a2c2d108d7e	bpm=92:106:118|grid=16|density=4:11	99f9ba0705358317919378e23a4a5f35a077e44729fcfb91c082988a72aa500c	22ed600c24cd9978dd85e2de61fa76efa62dd7efb1f3e4c92261e5fa578d8b4f	bass_allowed_contours_mask=0x0136|bass_preferred_contours_mask=0x0130|bass_allowed_articulations_mask=0x0002|bass_preferred_articulations_mask=0x0000|melodic_allowed_rhythm_ops_mask=0x0002|melodic_preferred_rhythm_ops_mask=0x0000|melodic_allowed_contours_mask=0x03b2|melodic_preferred_contours_mask=0x00b2|melodic_allowed_motif_ops_mask=0x0002|melodic_preferred_motif_ops_mask=0x0000|bass_register_min=24|bass_register_max=47|bass_register_max_leap=23|secondary_register_min=48|secondary_register_max=71|secondary_register_max_leap=16	98fcdf0bc8ddb3504bf6c2fbc150e6e37cc3e6f491cbe3e267907984d26af51a	5d094ada9b418dc65a633e5310b0961fb6af1cacb04cbd827e85a01bed22f512	rhythms=65@5bbd9dd2451f931c2e2dda79ee09d3f3da2aeb7784b6547a44e3f97b40b550c6|85@51829bd328713ced8977e6df4e583eded864ffc5c06be193d7658c2111226c7b|115@d6c51e4693ddcd55602ab1e024929085d586e4e360585a33b2362eae86b193a8|140@6e94a20bb5945ce8175696b18f89200b1f0d569105da82a5c004da69cf3e4f28	93240c2dd62f858ed26eab5afa07f02964447d418320aad5576390b791e7e477	1bccb69e01066aad65ca8ab73064c6ec84c01a12d29eed8594bceda8ea904b96	0132a3c7ca42acca7dd916271830f5c29820ddbcd5795249a4ccb5e4691ff5f1	2fba4a2d8804321683e29aa13b72637ec647132f06576b3d4cf02988dbffb6ff	291d2668bab115cb9aa6908e40aa8e184b869194397e53b7f1e3e01f70e3b536	backed=0|recipe=NONE|display=NONE|bpm=0|swing=0|variations=0	9e4a5a9f8b4359a1b43f86367ad5c05e1a41e02c5d380972712b52d1bd0fdebd	NOT_ATLAS_BACKED	42a28e237fce23914b6172793af49aa7ae391fea01872f93da2066c1899b888f	7d994d99f452efc798d79a8bcf1c0c8128fb139d3fe4650bf99ebd1ec3f10859	MEMBERSHIP-CHANGE;MULTI-DOMAIN	COMPOSITION;CORRIDOR;DRUM	NONE	NONE	tonal.bass_articulation=PLAIN;tonal.melodic_rhythm_operation=PRESERVE;tonal.melodic_motif_operation=NONE
32	15	LoFi	Lo-Fi	15	Minimal Sleep	0	403:hypnotic_sparse@85;415:sparse_fast_break@70;416:halftime_switch@155	0:STRAIGHT@20;1:SWING COMPAT@90;2:LAID BACK@150;3:PUSH/PULL@120	3:KICK ANSWER@60;4:GAP FILL@40;6:SPARSE ANCHOR@150;8:HALF-TIME POCKET@135;10:SUSTAIN/DROP@115	1:HELD PAD@125;2:WHOLE BAR HOLD@150;5:BACKBEAT STAB@55;7:SPARSE CHORD REPLY@115	2:PEDAL DRONE@100;4:II-V-I@130;5:PARALLEL SHIFT@135;7:BORROWED LIFT@70	1:SPARSE CALL@110;2:DELAYED ANSWER@105;3:TWO-NOTE HOOK@100;4:PICKUP PHRASE@60;5:LONG TONE@95;6:REST HEAVY@160;7:BAR-END RESPONSE@90;9:DRIFT PHRASE@105	1:SOURCE ORDER@75;2:TWO-NOTE CELL@125;4:CALL/RESPONSE@105;5:PIVOT@55	20:REPEAT/REPLY/4bar@100;36:DEVELOP/RETURN/4bar@70;56:SPARSE DRIFT/8bar@120	42	66	54	16	1	5	ChordWithMelodicFill	Stage7Composition	0x0136	ROOT ANCHOR;ROOT/FIFTH;NEIGHBOR RETURN;STEP APPROACH;PEDAL TURN	0x0130	NEIGHBOR RETURN;STEP APPROACH;PEDAL TURN	0x0002	PLAIN	0x0000	NONE	0x0002	PRESERVE	0x0000	NONE	0x03b2	STATIC;ARCH;INVERTED ARCH;NEIGHBOR;REPEAT THEN UP;REPEAT THEN DOWN	0x00b2	STATIC;ARCH;INVERTED ARCH;NEIGHBOR	0x0002	NONE	0x0000	NONE	24	47	23	48	71	16	minNotes=5|maxNotes=9|minOctave=36|maxOctave=60|slide=0.050000|accent=0.250000|gate=0.600000|swing=0.180000|microTiming=0.250000|velocityMin=75|velocityMax=108|preferDownbeats=0|allowRepeats=1|rootBias=0.350000|ghost=0.180000|chromatic=0.100000|sparseKick=1|sparseHats=1|noAccents=0|fill=0.200000|drumSyncopation=0.300000|drumPreferOffbeat=1|drumVoiceCount=6	BASE_MODE_TEMPLATE	kickMask=0x0000|snareMask=0x0000|hatMask=0x0000|openHatMask=0x0000|kickGhost=0.000000|snareGhost=0.000000|hatVariation=0.000000|kickVelocity=0|snareVelocity=0|hatVelocity=0|useRim=0|useClap=0	stepMask=0xf0f0|motifLength=4|preferredScale=2|useMotif=1|allowChromatic=0|forceOctaveJump=0|avoidClusters=1	osc=0.200000|cutoff=0.450000|resonance=0.250000|envAmount=0.550000|envDecay=0.300000	0	NONE	NONE	0	0	0	0a2a6211ef00dcf2214dfd4704b6c34b424b1c9d	kSlowProfile	rhythms=403,415,416|feels=0,1,2,3|bass=3,4,6,8,10|chord=1,2,5,7|progressions=2,4,5,7|melodic=1,2,3,4,5,6,7,9|motifs=1,2,4,5|phrases=20,36,56	rhythms=403@85,415@70,416@155|feels=0@20,1@90,2@150,3@120|bass=3@60,4@40,6@150,8@135,10@115|chord=1@125,2@150,5@55,7@115|progressions=2@100,4@130,5@135,7@70|melodic=1@110,2@105,3@100,4@60,5@95,6@160,7@90,9@105|motifs=1@75,2@125,4@105,5@55|phrases=20@100,36@70,56@120	48370a724efb63313dc02f77571a4b9b473f2ae3cb54a0c1acf8a3f5a218c863	73d206db75974388d117a14ae00514d6ce9d6243e275910b4b530d1aa4c7cd6c	bpm=42:54:66|grid=16|density=1:5	a39df7ca82f39dcc591dfddbefe01881f1ea15a7bd4b483cd5ecf42a3427c5ba	22ed600c24cd9978dd85e2de61fa76efa62dd7efb1f3e4c92261e5fa578d8b4f	bass_allowed_contours_mask=0x0136|bass_preferred_contours_mask=0x0130|bass_allowed_articulations_mask=0x0002|bass_preferred_articulations_mask=0x0000|melodic_allowed_rhythm_ops_mask=0x0002|melodic_preferred_rhythm_ops_mask=0x0000|melodic_allowed_contours_mask=0x03b2|melodic_preferred_contours_mask=0x00b2|melodic_allowed_motif_ops_mask=0x0002|melodic_preferred_motif_ops_mask=0x0000|bass_register_min=24|bass_register_max=47|bass_register_max_leap=23|secondary_register_min=48|secondary_register_max=71|secondary_register_max_leap=16	98fcdf0bc8ddb3504bf6c2fbc150e6e37cc3e6f491cbe3e267907984d26af51a	de4172e90dbe483618d32df701271bf2c790cec59dba266756f92c7696facd67	rhythms=85@335cdf9baf4614637fcbba7a72e9078100e8e9c10d2cebf93c063e05a086a1be|70@e74d4aadfb9065f805fd659a69e325cde5f8ac918c9db8b91de4aa8165913cc0|155@f5941032d43efd25f1eeda27de224702ce77b1bf895b1c1dda42516256b08640	526296f9b906c2d787b44f1d8bf223701fae5b8691a2e4240bc69615f5da05fe	1bccb69e01066aad65ca8ab73064c6ec84c01a12d29eed8594bceda8ea904b96	0132a3c7ca42acca7dd916271830f5c29820ddbcd5795249a4ccb5e4691ff5f1	2fba4a2d8804321683e29aa13b72637ec647132f06576b3d4cf02988dbffb6ff	291d2668bab115cb9aa6908e40aa8e184b869194397e53b7f1e3e01f70e3b536	backed=0|recipe=NONE|display=NONE|bpm=0|swing=0|variations=0	9e4a5a9f8b4359a1b43f86367ad5c05e1a41e02c5d380972712b52d1bd0fdebd	NOT_ATLAS_BACKED	50bd06407c0d7a047d2e174d60dc8215420bfe6aa87756b8e6665a7af7ac4960	2b64b7455f3b17c0ce808a4a6202c102b05f7f628f30325b690530dc3193f716	MEMBERSHIP-CHANGE;MULTI-DOMAIN	COMPOSITION;CORRIDOR;DRUM	NONE	NONE	tonal.bass_articulation=PLAIN;tonal.melodic_rhythm_operation=PRESERVE;tonal.melodic_motif_operation=NONE
