profile_a	profile_b	same_genre	same_recipe_family	rhythm_relation	bass_relation	harmony_relation	phrase_relation	role_relation	transformation_relation	negative_relation	classification	evidence_summary
Acid/BASE	Acid/Chicago Jack	YES	NOT_APPLICABLE	OVERLAP	OVERLAP	OVERLAP	OVERLAP	OVERLAP	OVERLAP	SAME	PARTIALLY DISTINCT	rhythm=OVERLAP;bass=OVERLAP;harmony=OVERLAP;phrase=OVERLAP;role=OVERLAP;transformation=OVERLAP;negative=SAME
Acid/BASE	Acid/Rolling Acid	YES	NOT_APPLICABLE	OVERLAP	OVERLAP	OVERLAP	OVERLAP	OVERLAP	OVERLAP	SAME	PARTIALLY DISTINCT	rhythm=OVERLAP;bass=OVERLAP;harmony=OVERLAP;phrase=OVERLAP;role=OVERLAP;transformation=OVERLAP;negative=SAME
Acid/BASE	Breaks/BASE	NO	NOT_APPLICABLE	OVERLAP	OVERLAP	OVERLAP	OVERLAP	OVERLAP	OVERLAP	OVERLAP	PARTIALLY DISTINCT	rhythm=OVERLAP;bass=OVERLAP;harmony=OVERLAP;phrase=OVERLAP;role=OVERLAP;transformation=OVERLAP;negative=OVERLAP
Acid/BASE	Breaks/Classic 2-Step	NO	NOT_APPLICABLE	OVERLAP	OVERLAP	OVERLAP	OVERLAP	OVERLAP	DISJOINT	OVERLAP	PARTIALLY DISTINCT	rhythm=OVERLAP;bass=OVERLAP;harmony=OVERLAP;phrase=OVERLAP;role=OVERLAP;transformation=DISJOINT;negative=OVERLAP
Acid/BASE	Breaks/Dark Skippy	NO	NOT_APPLICABLE	DISJOINT	DISJOINT	OVERLAP	DISJOINT	OVERLAP	OVERLAP	OVERLAP	STRUCTURALLY DISTINCT	rhythm=DISJOINT;bass=DISJOINT;harmony=OVERLAP;phrase=DISJOINT;role=OVERLAP;transformation=OVERLAP;negative=OVERLAP
Acid/BASE	Breaks/Drum&Bass	NO	NOT_APPLICABLE	DISJOINT	OVERLAP	OVERLAP	OVERLAP	OVERLAP	OVERLAP	OVERLAP	PARTIALLY DISTINCT	rhythm=DISJOINT;bass=OVERLAP;harmony=OVERLAP;phrase=OVERLAP;role=OVERLAP;transformation=OVERLAP;negative=OVERLAP
Acid/BASE	Breaks/Footwork	NO	NOT_APPLICABLE	DISJOINT	OVERLAP	OVERLAP	OVERLAP	OVERLAP	OVERLAP	OVERLAP	PARTIALLY DISTINCT	rhythm=DISJOINT;bass=OVERLAP;harmony=OVERLAP;phrase=OVERLAP;role=OVERLAP;transformation=OVERLAP;negative=OVERLAP
Acid/BASE	Breaks/UK Garage	NO	NOT_APPLICABLE	OVERLAP	OVERLAP	OVERLAP	DISJOINT	OVERLAP	OVERLAP	OVERLAP	PARTIALLY DISTINCT	rhythm=OVERLAP;bass=OVERLAP;harmony=OVERLAP;phrase=DISJOINT;role=OVERLAP;transformation=OVERLAP;negative=OVERLAP
Acid/BASE	Chip/BASE	NO	NOT_APPLICABLE	OVERLAP	OVERLAP	OVERLAP	OVERLAP	OVERLAP	OVERLAP	OVERLAP	PARTIALLY DISTINCT	rhythm=OVERLAP;bass=OVERLAP;harmony=OVERLAP;phrase=OVERLAP;role=OVERLAP;transformation=OVERLAP;negative=OVERLAP
Acid/BASE	Darksynth/BASE	NO	NOT_APPLICABLE	OVERLAP	OVERLAP	OVERLAP	DISJOINT	OVERLAP	OVERLAP	OVERLAP	PARTIALLY DISTINCT	rhythm=OVERLAP;bass=OVERLAP;harmony=OVERLAP;phrase=DISJOINT;role=OVERLAP;transformation=OVERLAP;negative=OVERLAP
Acid/BASE	Drum&Bass/BASE	NO	NOT_APPLICABLE	DISJOINT	OVERLAP	OVERLAP	OVERLAP	OVERLAP	OVERLAP	OVERLAP	PARTIALLY DISTINCT	rhythm=DISJOINT;bass=OVERLAP;harmony=OVERLAP;phrase=OVERLAP;role=OVERLAP;transformation=OVERLAP;negative=OVERLAP
Acid/BASE	Dub/Reggae/BASE	NO	NOT_APPLICABLE	OVERLAP	DISJOINT	DISJOINT	DISJOINT	DISJOINT	OVERLAP	OVERLAP	STRUCTURALLY DISTINCT	rhythm=OVERLAP;bass=DISJOINT;harmony=DISJOINT;phrase=DISJOINT;role=DISJOINT;transformation=OVERLAP;negative=OVERLAP
Acid/BASE	Dub/Reggae/Deep Chord	NO	NOT_APPLICABLE	DISJOINT	DISJOINT	DISJOINT	DISJOINT	DISJOINT	OVERLAP	OVERLAP	STRUCTURALLY DISTINCT	rhythm=DISJOINT;bass=DISJOINT;harmony=DISJOINT;phrase=DISJOINT;role=DISJOINT;transformation=OVERLAP;negative=OVERLAP
Acid/BASE	Dub/Reggae/Dub Techno	NO	NOT_APPLICABLE	OVERLAP	DISJOINT	DISJOINT	DISJOINT	DISJOINT	OVERLAP	OVERLAP	STRUCTURALLY DISTINCT	rhythm=OVERLAP;bass=DISJOINT;harmony=DISJOINT;phrase=DISJOINT;role=DISJOINT;transformation=OVERLAP;negative=OVERLAP
Acid/BASE	Dub/Reggae/Minimal Space	NO	NOT_APPLICABLE	DISJOINT	DISJOINT	DISJOINT	DISJOINT	DISJOINT	OVERLAP	OVERLAP	STRUCTURALLY DISTINCT	rhythm=DISJOINT;bass=DISJOINT;harmony=DISJOINT;phrase=DISJOINT;role=DISJOINT;transformation=OVERLAP;negative=OVERLAP
Acid/BASE	Electro/BASE	NO	NOT_APPLICABLE	DISJOINT	OVERLAP	OVERLAP	DISJOINT	OVERLAP	OVERLAP	OVERLAP	STRUCTURALLY DISTINCT	rhythm=DISJOINT;bass=OVERLAP;harmony=OVERLAP;phrase=DISJOINT;role=OVERLAP;transformation=OVERLAP;negative=OVERLAP
Acid/BASE	Funk/Soul/BASE	NO	NOT_APPLICABLE	DISJOINT	DISJOINT	DISJOINT	DISJOINT	DISJOINT	OVERLAP	DISJOINT	STRUCTURALLY DISTINCT	rhythm=DISJOINT;bass=DISJOINT;harmony=DISJOINT;phrase=DISJOINT;role=DISJOINT;transformation=OVERLAP;negative=DISJOINT
Acid/BASE	Hip-Hop/BASE	NO	NOT_APPLICABLE	DISJOINT	OVERLAP	DISJOINT	OVERLAP	DISJOINT	OVERLAP	OVERLAP	STRUCTURALLY DISTINCT	rhythm=DISJOINT;bass=OVERLAP;harmony=DISJOINT;phrase=OVERLAP;role=DISJOINT;transformation=OVERLAP;negative=OVERLAP
Acid/BASE	Hip-Hop/Dusty Jazz	NO	NOT_APPLICABLE	DISJOINT	OVERLAP	DISJOINT	DISJOINT	DISJOINT	OVERLAP	OVERLAP	STRUCTURALLY DISTINCT	rhythm=DISJOINT;bass=OVERLAP;harmony=DISJOINT;phrase=DISJOINT;role=DISJOINT;transformation=OVERLAP;negative=OVERLAP
Acid/BASE	Hip-Hop/Golden Era	NO	NOT_APPLICABLE	DISJOINT	DISJOINT	DISJOINT	OVERLAP	DISJOINT	OVERLAP	OVERLAP	STRUCTURALLY DISTINCT	rhythm=DISJOINT;bass=DISJOINT;harmony=DISJOINT;phrase=OVERLAP;role=DISJOINT;transformation=OVERLAP;negative=OVERLAP
Acid/BASE	House/BASE	NO	NOT_APPLICABLE	OVERLAP	DISJOINT	OVERLAP	OVERLAP	OVERLAP	OVERLAP	OVERLAP	PARTIALLY DISTINCT	rhythm=OVERLAP;bass=DISJOINT;harmony=OVERLAP;phrase=OVERLAP;role=OVERLAP;transformation=OVERLAP;negative=OVERLAP
Acid/BASE	Lo-Fi/BASE	NO	NOT_APPLICABLE	OVERLAP	DISJOINT	DISJOINT	DISJOINT	DISJOINT	OVERLAP	OVERLAP	STRUCTURALLY DISTINCT	rhythm=OVERLAP;bass=DISJOINT;harmony=DISJOINT;phrase=DISJOINT;role=DISJOINT;transformation=OVERLAP;negative=OVERLAP
Acid/BASE	Lo-Fi/Classic Chill	NO	NOT_APPLICABLE	DISJOINT	DISJOINT	DISJOINT	DISJOINT	DISJOINT	OVERLAP	OVERLAP	STRUCTURALLY DISTINCT	rhythm=DISJOINT;bass=DISJOINT;harmony=DISJOINT;phrase=DISJOINT;role=DISJOINT;transformation=OVERLAP;negative=OVERLAP
Acid/BASE	Lo-Fi/Drunken Groove	NO	NOT_APPLICABLE	DISJOINT	OVERLAP	DISJOINT	OVERLAP	DISJOINT	OVERLAP	OVERLAP	STRUCTURALLY DISTINCT	rhythm=DISJOINT;bass=OVERLAP;harmony=DISJOINT;phrase=OVERLAP;role=DISJOINT;transformation=OVERLAP;negative=OVERLAP
Acid/BASE	Lo-Fi/Lo-Fi House	NO	NOT_APPLICABLE	OVERLAP	OVERLAP	DISJOINT	OVERLAP	DISJOINT	OVERLAP	OVERLAP	STRUCTURALLY DISTINCT	rhythm=OVERLAP;bass=OVERLAP;harmony=DISJOINT;phrase=OVERLAP;role=DISJOINT;transformation=OVERLAP;negative=OVERLAP
Acid/BASE	Lo-Fi/Minimal Sleep	NO	NOT_APPLICABLE	OVERLAP	OVERLAP	DISJOINT	DISJOINT	DISJOINT	OVERLAP	OVERLAP	STRUCTURALLY DISTINCT	rhythm=OVERLAP;bass=OVERLAP;harmony=DISJOINT;phrase=DISJOINT;role=DISJOINT;transformation=OVERLAP;negative=OVERLAP
Acid/BASE	Rave/BASE	NO	NOT_APPLICABLE	OVERLAP	DISJOINT	OVERLAP	OVERLAP	OVERLAP	OVERLAP	SAME	PARTIALLY DISTINCT	rhythm=OVERLAP;bass=DISJOINT;harmony=OVERLAP;phrase=OVERLAP;role=OVERLAP;transformation=OVERLAP;negative=SAME
Acid/BASE	Rave/Psytrance	NO	NOT_APPLICABLE	OVERLAP	DISJOINT	OVERLAP	OVERLAP	OVERLAP	OVERLAP	SAME	PARTIALLY DISTINCT	rhythm=OVERLAP;bass=DISJOINT;harmony=OVERLAP;phrase=OVERLAP;role=OVERLAP;transformation=OVERLAP;negative=SAME
Acid/BASE	Synthwave/BASE	NO	NOT_APPLICABLE	OVERLAP	OVERLAP	OVERLAP	DISJOINT	OVERLAP	DISJOINT	OVERLAP	STRUCTURALLY DISTINCT	rhythm=OVERLAP;bass=OVERLAP;harmony=OVERLAP;phrase=DISJOINT;role=OVERLAP;transformation=DISJOINT;negative=OVERLAP
Acid/BASE	Techno/BASE	NO	NOT_APPLICABLE	OVERLAP	DISJOINT	OVERLAP	OVERLAP	OVERLAP	OVERLAP	SAME	PARTIALLY DISTINCT	rhythm=OVERLAP;bass=DISJOINT;harmony=OVERLAP;phrase=OVERLAP;role=OVERLAP;transformation=OVERLAP;negative=SAME
Acid/BASE	Trip-Hop/BASE	NO	NOT_APPLICABLE	DISJOINT	DISJOINT	DISJOINT	DISJOINT	DISJOINT	OVERLAP	OVERLAP	STRUCTURALLY DISTINCT	rhythm=DISJOINT;bass=DISJOINT;harmony=DISJOINT;phrase=DISJOINT;role=DISJOINT;transformation=OVERLAP;negative=OVERLAP
Acid/BASE	UK Garage/BASE	NO	NOT_APPLICABLE	OVERLAP	OVERLAP	OVERLAP	OVERLAP	OVERLAP	OVERLAP	OVERLAP	PARTIALLY DISTINCT	rhythm=OVERLAP;bass=OVERLAP;harmony=OVERLAP;phrase=OVERLAP;role=OVERLAP;transformation=OVERLAP;negative=OVERLAP
Acid/Chicago Jack	Acid/Rolling Acid	YES	NO	OVERLAP	OVERLAP	OVERLAP	OVERLAP	OVERLAP	OVERLAP	SAME	PARTIALLY DISTINCT	rhythm=OVERLAP;bass=OVERLAP;harmony=OVERLAP;phrase=OVERLAP;role=OVERLAP;transformation=OVERLAP;negative=SAME
Acid/Chicago Jack	Breaks/BASE	NO	NOT_APPLICABLE	OVERLAP	OVERLAP	OVERLAP	OVERLAP	OVERLAP	OVERLAP	OVERLAP	PARTIALLY DISTINCT	rhythm=OVERLAP;bass=OVERLAP;harmony=OVERLAP;phrase=OVERLAP;role=OVERLAP;transformation=OVERLAP;negative=OVERLAP
Acid/Chicago Jack	Breaks/Classic 2-Step	NO	NO	OVERLAP	OVERLAP	OVERLAP	OVERLAP	OVERLAP	DISJOINT	OVERLAP	PARTIALLY DISTINCT	rhythm=OVERLAP;bass=OVERLAP;harmony=OVERLAP;phrase=OVERLAP;role=OVERLAP;transformation=DISJOINT;negative=OVERLAP
Acid/Chicago Jack	Breaks/Dark Skippy	NO	NO	DISJOINT	DISJOINT	OVERLAP	DISJOINT	OVERLAP	DISJOINT	OVERLAP	STRUCTURALLY DISTINCT	rhythm=DISJOINT;bass=DISJOINT;harmony=OVERLAP;phrase=DISJOINT;role=OVERLAP;transformation=DISJOINT;negative=OVERLAP
Acid/Chicago Jack	Breaks/Drum&Bass	NO	NO	DISJOINT	DISJOINT	OVERLAP	OVERLAP	OVERLAP	OVERLAP	OVERLAP	STRUCTURALLY DISTINCT	rhythm=DISJOINT;bass=DISJOINT;harmony=OVERLAP;phrase=OVERLAP;role=OVERLAP;transformation=OVERLAP;negative=OVERLAP
Acid/Chicago Jack	Breaks/Footwork	NO	NO	DISJOINT	DISJOINT	OVERLAP	OVERLAP	OVERLAP	OVERLAP	OVERLAP	STRUCTURALLY DISTINCT	rhythm=DISJOINT;bass=DISJOINT;harmony=OVERLAP;phrase=OVERLAP;role=OVERLAP;transformation=OVERLAP;negative=OVERLAP
Acid/Chicago Jack	Breaks/UK Garage	NO	NO	OVERLAP	OVERLAP	OVERLAP	DISJOINT	OVERLAP	OVERLAP	OVERLAP	PARTIALLY DISTINCT	rhythm=OVERLAP;bass=OVERLAP;harmony=OVERLAP;phrase=DISJOINT;role=OVERLAP;transformation=OVERLAP;negative=OVERLAP
Acid/Chicago Jack	Chip/BASE	NO	NOT_APPLICABLE	DISJOINT	OVERLAP	OVERLAP	OVERLAP	OVERLAP	OVERLAP	OVERLAP	PARTIALLY DISTINCT	rhythm=DISJOINT;bass=OVERLAP;harmony=OVERLAP;phrase=OVERLAP;role=OVERLAP;transformation=OVERLAP;negative=OVERLAP
Acid/Chicago Jack	Darksynth/BASE	NO	NOT_APPLICABLE	OVERLAP	OVERLAP	OVERLAP	DISJOINT	OVERLAP	OVERLAP	OVERLAP	PARTIALLY DISTINCT	rhythm=OVERLAP;bass=OVERLAP;harmony=OVERLAP;phrase=DISJOINT;role=OVERLAP;transformation=OVERLAP;negative=OVERLAP
Acid/Chicago Jack	Drum&Bass/BASE	NO	NOT_APPLICABLE	DISJOINT	DISJOINT	OVERLAP	OVERLAP	OVERLAP	OVERLAP	OVERLAP	STRUCTURALLY DISTINCT	rhythm=DISJOINT;bass=DISJOINT;harmony=OVERLAP;phrase=OVERLAP;role=OVERLAP;transformation=OVERLAP;negative=OVERLAP
Acid/Chicago Jack	Dub/Reggae/BASE	NO	NOT_APPLICABLE	OVERLAP	DISJOINT	DISJOINT	DISJOINT	DISJOINT	OVERLAP	OVERLAP	STRUCTURALLY DISTINCT	rhythm=OVERLAP;bass=DISJOINT;harmony=DISJOINT;phrase=DISJOINT;role=DISJOINT;transformation=OVERLAP;negative=OVERLAP
Acid/Chicago Jack	Dub/Reggae/Deep Chord	NO	NO	DISJOINT	DISJOINT	DISJOINT	DISJOINT	DISJOINT	OVERLAP	OVERLAP	STRUCTURALLY DISTINCT	rhythm=DISJOINT;bass=DISJOINT;harmony=DISJOINT;phrase=DISJOINT;role=DISJOINT;transformation=OVERLAP;negative=OVERLAP
Acid/Chicago Jack	Dub/Reggae/Dub Techno	NO	NO	OVERLAP	DISJOINT	DISJOINT	DISJOINT	DISJOINT	OVERLAP	OVERLAP	STRUCTURALLY DISTINCT	rhythm=OVERLAP;bass=DISJOINT;harmony=DISJOINT;phrase=DISJOINT;role=DISJOINT;transformation=OVERLAP;negative=OVERLAP
Acid/Chicago Jack	Dub/Reggae/Minimal Space	NO	NO	DISJOINT	DISJOINT	DISJOINT	DISJOINT	DISJOINT	OVERLAP	OVERLAP	STRUCTURALLY DISTINCT	rhythm=DISJOINT;bass=DISJOINT;harmony=DISJOINT;phrase=DISJOINT;role=DISJOINT;transformation=OVERLAP;negative=OVERLAP
Acid/Chicago Jack	Electro/BASE	NO	NOT_APPLICABLE	DISJOINT	DISJOINT	OVERLAP	DISJOINT	OVERLAP	DISJOINT	OVERLAP	STRUCTURALLY DISTINCT	rhythm=DISJOINT;bass=DISJOINT;harmony=OVERLAP;phrase=DISJOINT;role=OVERLAP;transformation=DISJOINT;negative=OVERLAP
Acid/Chicago Jack	Funk/Soul/BASE	NO	NOT_APPLICABLE	DISJOINT	DISJOINT	DISJOINT	DISJOINT	DISJOINT	OVERLAP	DISJOINT	STRUCTURALLY DISTINCT	rhythm=DISJOINT;bass=DISJOINT;harmony=DISJOINT;phrase=DISJOINT;role=DISJOINT;transformation=OVERLAP;negative=DISJOINT
Acid/Chicago Jack	Hip-Hop/BASE	NO	NOT_APPLICABLE	DISJOINT	DISJOINT	DISJOINT	OVERLAP	DISJOINT	OVERLAP	OVERLAP	STRUCTURALLY DISTINCT	rhythm=DISJOINT;bass=DISJOINT;harmony=DISJOINT;phrase=OVERLAP;role=DISJOINT;transformation=OVERLAP;negative=OVERLAP
Acid/Chicago Jack	Hip-Hop/Dusty Jazz	NO	NO	DISJOINT	DISJOINT	DISJOINT	DISJOINT	DISJOINT	DISJOINT	OVERLAP	STRUCTURALLY DISTINCT	rhythm=DISJOINT;bass=DISJOINT;harmony=DISJOINT;phrase=DISJOINT;role=DISJOINT;transformation=DISJOINT;negative=OVERLAP
Acid/Chicago Jack	Hip-Hop/Golden Era	NO	NO	DISJOINT	DISJOINT	DISJOINT	OVERLAP	DISJOINT	OVERLAP	OVERLAP	STRUCTURALLY DISTINCT	rhythm=DISJOINT;bass=DISJOINT;harmony=DISJOINT;phrase=OVERLAP;role=DISJOINT;transformation=OVERLAP;negative=OVERLAP
Acid/Chicago Jack	House/BASE	NO	NOT_APPLICABLE	OVERLAP	DISJOINT	OVERLAP	OVERLAP	OVERLAP	OVERLAP	OVERLAP	PARTIALLY DISTINCT	rhythm=OVERLAP;bass=DISJOINT;harmony=OVERLAP;phrase=OVERLAP;role=OVERLAP;transformation=OVERLAP;negative=OVERLAP
Acid/Chicago Jack	Lo-Fi/BASE	NO	NOT_APPLICABLE	OVERLAP	DISJOINT	DISJOINT	DISJOINT	DISJOINT	DISJOINT	OVERLAP	STRUCTURALLY DISTINCT	rhythm=OVERLAP;bass=DISJOINT;harmony=DISJOINT;phrase=DISJOINT;role=DISJOINT;transformation=DISJOINT;negative=OVERLAP
Acid/Chicago Jack	Lo-Fi/Classic Chill	NO	NO	DISJOINT	DISJOINT	DISJOINT	DISJOINT	DISJOINT	DISJOINT	OVERLAP	STRUCTURALLY DISTINCT	rhythm=DISJOINT;bass=DISJOINT;harmony=DISJOINT;phrase=DISJOINT;role=DISJOINT;transformation=DISJOINT;negative=OVERLAP
Acid/Chicago Jack	Lo-Fi/Drunken Groove	NO	NO	DISJOINT	DISJOINT	DISJOINT	OVERLAP	DISJOINT	DISJOINT	OVERLAP	STRUCTURALLY DISTINCT	rhythm=DISJOINT;bass=DISJOINT;harmony=DISJOINT;phrase=OVERLAP;role=DISJOINT;transformation=DISJOINT;negative=OVERLAP
Acid/Chicago Jack	Lo-Fi/Lo-Fi House	NO	NO	OVERLAP	OVERLAP	DISJOINT	OVERLAP	DISJOINT	OVERLAP	OVERLAP	STRUCTURALLY DISTINCT	rhythm=OVERLAP;bass=OVERLAP;harmony=DISJOINT;phrase=OVERLAP;role=DISJOINT;transformation=OVERLAP;negative=OVERLAP
Acid/Chicago Jack	Lo-Fi/Minimal Sleep	NO	NO	OVERLAP	OVERLAP	DISJOINT	DISJOINT	DISJOINT	DISJOINT	OVERLAP	STRUCTURALLY DISTINCT	rhythm=OVERLAP;bass=OVERLAP;harmony=DISJOINT;phrase=DISJOINT;role=DISJOINT;transformation=DISJOINT;negative=OVERLAP
Acid/Chicago Jack	Rave/BASE	NO	NOT_APPLICABLE	OVERLAP	DISJOINT	OVERLAP	OVERLAP	OVERLAP	OVERLAP	SAME	PARTIALLY DISTINCT	rhythm=OVERLAP;bass=DISJOINT;harmony=OVERLAP;phrase=OVERLAP;role=OVERLAP;transformation=OVERLAP;negative=SAME
Acid/Chicago Jack	Rave/Psytrance	NO	NO	OVERLAP	DISJOINT	OVERLAP	OVERLAP	OVERLAP	OVERLAP	SAME	PARTIALLY DISTINCT	rhythm=OVERLAP;bass=DISJOINT;harmony=OVERLAP;phrase=OVERLAP;role=OVERLAP;transformation=OVERLAP;negative=SAME
Acid/Chicago Jack	Synthwave/BASE	NO	NOT_APPLICABLE	OVERLAP	DISJOINT	OVERLAP	DISJOINT	OVERLAP	DISJOINT	OVERLAP	STRUCTURALLY DISTINCT	rhythm=OVERLAP;bass=DISJOINT;harmony=OVERLAP;phrase=DISJOINT;role=OVERLAP;transformation=DISJOINT;negative=OVERLAP
Acid/Chicago Jack	Techno/BASE	NO	NOT_APPLICABLE	OVERLAP	DISJOINT	OVERLAP	OVERLAP	OVERLAP	OVERLAP	SAME	PARTIALLY DISTINCT	rhythm=OVERLAP;bass=DISJOINT;harmony=OVERLAP;phrase=OVERLAP;role=OVERLAP;transformation=OVERLAP;negative=SAME
Acid/Chicago Jack	Trip-Hop/BASE	NO	NOT_APPLICABLE	DISJOINT	DISJOINT	DISJOINT	DISJOINT	DISJOINT	DISJOINT	OVERLAP	STRUCTURALLY DISTINCT	rhythm=DISJOINT;bass=DISJOINT;harmony=DISJOINT;phrase=DISJOINT;role=DISJOINT;transformation=DISJOINT;negative=OVERLAP
Acid/Chicago Jack	UK Garage/BASE	NO	NOT_APPLICABLE	OVERLAP	OVERLAP	OVERLAP	OVERLAP	OVERLAP	OVERLAP	OVERLAP	PARTIALLY DISTINCT	rhythm=OVERLAP;bass=OVERLAP;harmony=OVERLAP;phrase=OVERLAP;role=OVERLAP;transformation=OVERLAP;negative=OVERLAP
Acid/Rolling Acid	Breaks/BASE	NO	NOT_APPLICABLE	OVERLAP	OVERLAP	OVERLAP	OVERLAP	OVERLAP	OVERLAP	OVERLAP	PARTIALLY DISTINCT	rhythm=OVERLAP;bass=OVERLAP;harmony=OVERLAP;phrase=OVERLAP;role=OVERLAP;transformation=OVERLAP;negative=OVERLAP
Acid/Rolling Acid	Breaks/Classic 2-Step	NO	NO	OVERLAP	OVERLAP	OVERLAP	OVERLAP	OVERLAP	DISJOINT	OVERLAP	PARTIALLY DISTINCT	rhythm=OVERLAP;bass=OVERLAP;harmony=OVERLAP;phrase=OVERLAP;role=OVERLAP;transformation=DISJOINT;negative=OVERLAP
Acid/Rolling Acid	Breaks/Dark Skippy	NO	NO	DISJOINT	DISJOINT	OVERLAP	DISJOINT	OVERLAP	DISJOINT	OVERLAP	STRUCTURALLY DISTINCT	rhythm=DISJOINT;bass=DISJOINT;harmony=OVERLAP;phrase=DISJOINT;role=OVERLAP;transformation=DISJOINT;negative=OVERLAP
Acid/Rolling Acid	Breaks/Drum&Bass	NO	NO	DISJOINT	OVERLAP	OVERLAP	OVERLAP	OVERLAP	OVERLAP	OVERLAP	PARTIALLY DISTINCT	rhythm=DISJOINT;bass=OVERLAP;harmony=OVERLAP;phrase=OVERLAP;role=OVERLAP;transformation=OVERLAP;negative=OVERLAP
Acid/Rolling Acid	Breaks/Footwork	NO	NO	DISJOINT	OVERLAP	OVERLAP	OVERLAP	OVERLAP	OVERLAP	OVERLAP	PARTIALLY DISTINCT	rhythm=DISJOINT;bass=OVERLAP;harmony=OVERLAP;phrase=OVERLAP;role=OVERLAP;transformation=OVERLAP;negative=OVERLAP
Acid/Rolling Acid	Breaks/UK Garage	NO	NO	OVERLAP	OVERLAP	OVERLAP	DISJOINT	OVERLAP	OVERLAP	OVERLAP	PARTIALLY DISTINCT	rhythm=OVERLAP;bass=OVERLAP;harmony=OVERLAP;phrase=DISJOINT;role=OVERLAP;transformation=OVERLAP;negative=OVERLAP
Acid/Rolling Acid	Chip/BASE	NO	NOT_APPLICABLE	OVERLAP	OVERLAP	OVERLAP	OVERLAP	OVERLAP	DISJOINT	OVERLAP	PARTIALLY DISTINCT	rhythm=OVERLAP;bass=OVERLAP;harmony=OVERLAP;phrase=OVERLAP;role=OVERLAP;transformation=DISJOINT;negative=OVERLAP
Acid/Rolling Acid	Darksynth/BASE	NO	NOT_APPLICABLE	OVERLAP	OVERLAP	OVERLAP	OVERLAP	OVERLAP	OVERLAP	OVERLAP	PARTIALLY DISTINCT	rhythm=OVERLAP;bass=OVERLAP;harmony=OVERLAP;phrase=OVERLAP;role=OVERLAP;transformation=OVERLAP;negative=OVERLAP
Acid/Rolling Acid	Drum&Bass/BASE	NO	NOT_APPLICABLE	DISJOINT	OVERLAP	OVERLAP	OVERLAP	OVERLAP	OVERLAP	OVERLAP	PARTIALLY DISTINCT	rhythm=DISJOINT;bass=OVERLAP;harmony=OVERLAP;phrase=OVERLAP;role=OVERLAP;transformation=OVERLAP;negative=OVERLAP
Acid/Rolling Acid	Dub/Reggae/BASE	NO	NOT_APPLICABLE	OVERLAP	DISJOINT	DISJOINT	OVERLAP	DISJOINT	OVERLAP	OVERLAP	STRUCTURALLY DISTINCT	rhythm=OVERLAP;bass=DISJOINT;harmony=DISJOINT;phrase=OVERLAP;role=DISJOINT;transformation=OVERLAP;negative=OVERLAP
Acid/Rolling Acid	Dub/Reggae/Deep Chord	NO	NO	DISJOINT	DISJOINT	DISJOINT	OVERLAP	DISJOINT	OVERLAP	OVERLAP	STRUCTURALLY DISTINCT	rhythm=DISJOINT;bass=DISJOINT;harmony=DISJOINT;phrase=OVERLAP;role=DISJOINT;transformation=OVERLAP;negative=OVERLAP
Acid/Rolling Acid	Dub/Reggae/Dub Techno	NO	NO	OVERLAP	DISJOINT	DISJOINT	OVERLAP	DISJOINT	OVERLAP	OVERLAP	STRUCTURALLY DISTINCT	rhythm=OVERLAP;bass=DISJOINT;harmony=DISJOINT;phrase=OVERLAP;role=DISJOINT;transformation=OVERLAP;negative=OVERLAP
Acid/Rolling Acid	Dub/Reggae/Minimal Space	NO	NO	DISJOINT	DISJOINT	DISJOINT	OVERLAP	DISJOINT	OVERLAP	OVERLAP	STRUCTURALLY DISTINCT	rhythm=DISJOINT;bass=DISJOINT;harmony=DISJOINT;phrase=OVERLAP;role=DISJOINT;transformation=OVERLAP;negative=OVERLAP
Acid/Rolling Acid	Electro/BASE	NO	NOT_APPLICABLE	DISJOINT	OVERLAP	OVERLAP	DISJOINT	OVERLAP	DISJOINT	OVERLAP	STRUCTURALLY DISTINCT	rhythm=DISJOINT;bass=OVERLAP;harmony=OVERLAP;phrase=DISJOINT;role=OVERLAP;transformation=DISJOINT;negative=OVERLAP
Acid/Rolling Acid	Funk/Soul/BASE	NO	NOT_APPLICABLE	DISJOINT	DISJOINT	DISJOINT	DISJOINT	DISJOINT	DISJOINT	DISJOINT	STRUCTURALLY DISTINCT	rhythm=DISJOINT;bass=DISJOINT;harmony=DISJOINT;phrase=DISJOINT;role=DISJOINT;transformation=DISJOINT;negative=DISJOINT
Acid/Rolling Acid	Hip-Hop/BASE	NO	NOT_APPLICABLE	DISJOINT	OVERLAP	DISJOINT	OVERLAP	DISJOINT	OVERLAP	OVERLAP	STRUCTURALLY DISTINCT	rhythm=DISJOINT;bass=OVERLAP;harmony=DISJOINT;phrase=OVERLAP;role=DISJOINT;transformation=OVERLAP;negative=OVERLAP
Acid/Rolling Acid	Hip-Hop/Dusty Jazz	NO	NO	DISJOINT	OVERLAP	DISJOINT	DISJOINT	DISJOINT	DISJOINT	OVERLAP	STRUCTURALLY DISTINCT	rhythm=DISJOINT;bass=OVERLAP;harmony=DISJOINT;phrase=DISJOINT;role=DISJOINT;transformation=DISJOINT;negative=OVERLAP
Acid/Rolling Acid	Hip-Hop/Golden Era	NO	NO	DISJOINT	DISJOINT	DISJOINT	OVERLAP	DISJOINT	OVERLAP	OVERLAP	STRUCTURALLY DISTINCT	rhythm=DISJOINT;bass=DISJOINT;harmony=DISJOINT;phrase=OVERLAP;role=DISJOINT;transformation=OVERLAP;negative=OVERLAP
Acid/Rolling Acid	House/BASE	NO	NOT_APPLICABLE	OVERLAP	DISJOINT	OVERLAP	OVERLAP	OVERLAP	DISJOINT	OVERLAP	STRUCTURALLY DISTINCT	rhythm=OVERLAP;bass=DISJOINT;harmony=OVERLAP;phrase=OVERLAP;role=OVERLAP;transformation=DISJOINT;negative=OVERLAP
Acid/Rolling Acid	Lo-Fi/BASE	NO	NOT_APPLICABLE	OVERLAP	DISJOINT	DISJOINT	DISJOINT	DISJOINT	DISJOINT	OVERLAP	STRUCTURALLY DISTINCT	rhythm=OVERLAP;bass=DISJOINT;harmony=DISJOINT;phrase=DISJOINT;role=DISJOINT;transformation=DISJOINT;negative=OVERLAP
Acid/Rolling Acid	Lo-Fi/Classic Chill	NO	NO	DISJOINT	DISJOINT	DISJOINT	DISJOINT	DISJOINT	DISJOINT	OVERLAP	STRUCTURALLY DISTINCT	rhythm=DISJOINT;bass=DISJOINT;harmony=DISJOINT;phrase=DISJOINT;role=DISJOINT;transformation=DISJOINT;negative=OVERLAP
Acid/Rolling Acid	Lo-Fi/Drunken Groove	NO	NO	DISJOINT	OVERLAP	DISJOINT	OVERLAP	DISJOINT	DISJOINT	OVERLAP	STRUCTURALLY DISTINCT	rhythm=DISJOINT;bass=OVERLAP;harmony=DISJOINT;phrase=OVERLAP;role=DISJOINT;transformation=DISJOINT;negative=OVERLAP
Acid/Rolling Acid	Lo-Fi/Lo-Fi House	NO	NO	OVERLAP	OVERLAP	DISJOINT	OVERLAP	DISJOINT	OVERLAP	OVERLAP	STRUCTURALLY DISTINCT	rhythm=OVERLAP;bass=OVERLAP;harmony=DISJOINT;phrase=OVERLAP;role=DISJOINT;transformation=OVERLAP;negative=OVERLAP
Acid/Rolling Acid	Lo-Fi/Minimal Sleep	NO	NO	DISJOINT	OVERLAP	DISJOINT	DISJOINT	DISJOINT	DISJOINT	OVERLAP	STRUCTURALLY DISTINCT	rhythm=DISJOINT;bass=OVERLAP;harmony=DISJOINT;phrase=DISJOINT;role=DISJOINT;transformation=DISJOINT;negative=OVERLAP
Acid/Rolling Acid	Rave/BASE	NO	NOT_APPLICABLE	DISJOINT	DISJOINT	OVERLAP	OVERLAP	OVERLAP	DISJOINT	SAME	STRUCTURALLY DISTINCT	rhythm=DISJOINT;bass=DISJOINT;harmony=OVERLAP;phrase=OVERLAP;role=OVERLAP;transformation=DISJOINT;negative=SAME
Acid/Rolling Acid	Rave/Psytrance	NO	NO	OVERLAP	DISJOINT	OVERLAP	OVERLAP	OVERLAP	OVERLAP	SAME	PARTIALLY DISTINCT	rhythm=OVERLAP;bass=DISJOINT;harmony=OVERLAP;phrase=OVERLAP;role=OVERLAP;transformation=OVERLAP;negative=SAME
Acid/Rolling Acid	Synthwave/BASE	NO	NOT_APPLICABLE	OVERLAP	DISJOINT	OVERLAP	OVERLAP	OVERLAP	DISJOINT	OVERLAP	STRUCTURALLY DISTINCT	rhythm=OVERLAP;bass=DISJOINT;harmony=OVERLAP;phrase=OVERLAP;role=OVERLAP;transformation=DISJOINT;negative=OVERLAP
Acid/Rolling Acid	Techno/BASE	NO	NOT_APPLICABLE	OVERLAP	DISJOINT	OVERLAP	OVERLAP	OVERLAP	DISJOINT	SAME	STRUCTURALLY DISTINCT	rhythm=OVERLAP;bass=DISJOINT;harmony=OVERLAP;phrase=OVERLAP;role=OVERLAP;transformation=DISJOINT;negative=SAME
Acid/Rolling Acid	Trip-Hop/BASE	NO	NOT_APPLICABLE	DISJOINT	DISJOINT	DISJOINT	DISJOINT	DISJOINT	DISJOINT	OVERLAP	STRUCTURALLY DISTINCT	rhythm=DISJOINT;bass=DISJOINT;harmony=DISJOINT;phrase=DISJOINT;role=DISJOINT;transformation=DISJOINT;negative=OVERLAP
Acid/Rolling Acid	UK Garage/BASE	NO	NOT_APPLICABLE	OVERLAP	OVERLAP	OVERLAP	DISJOINT	OVERLAP	OVERLAP	OVERLAP	PARTIALLY DISTINCT	rhythm=OVERLAP;bass=OVERLAP;harmony=OVERLAP;phrase=DISJOINT;role=OVERLAP;transformation=OVERLAP;negative=OVERLAP
Breaks/BASE	Breaks/Classic 2-Step	YES	NOT_APPLICABLE	OVERLAP	OVERLAP	OVERLAP	OVERLAP	OVERLAP	OVERLAP	OVERLAP	PARTIALLY DISTINCT	rhythm=OVERLAP;bass=OVERLAP;harmony=OVERLAP;phrase=OVERLAP;role=OVERLAP;transformation=OVERLAP;negative=OVERLAP
Breaks/BASE	Breaks/Dark Skippy	YES	NOT_APPLICABLE	OVERLAP	OVERLAP	OVERLAP	DISJOINT	OVERLAP	OVERLAP	OVERLAP	PARTIALLY DISTINCT	rhythm=OVERLAP;bass=OVERLAP;harmony=OVERLAP;phrase=DISJOINT;role=OVERLAP;transformation=OVERLAP;negative=OVERLAP
Breaks/BASE	Breaks/Drum&Bass	YES	NOT_APPLICABLE	OVERLAP	OVERLAP	OVERLAP	OVERLAP	OVERLAP	OVERLAP	OVERLAP	PARTIALLY DISTINCT	rhythm=OVERLAP;bass=OVERLAP;harmony=OVERLAP;phrase=OVERLAP;role=OVERLAP;transformation=OVERLAP;negative=OVERLAP
Breaks/BASE	Breaks/Footwork	YES	NOT_APPLICABLE	OVERLAP	OVERLAP	OVERLAP	OVERLAP	OVERLAP	OVERLAP	OVERLAP	PARTIALLY DISTINCT	rhythm=OVERLAP;bass=OVERLAP;harmony=OVERLAP;phrase=OVERLAP;role=OVERLAP;transformation=OVERLAP;negative=OVERLAP
Breaks/BASE	Breaks/UK Garage	YES	NOT_APPLICABLE	OVERLAP	OVERLAP	OVERLAP	OVERLAP	OVERLAP	OVERLAP	OVERLAP	PARTIALLY DISTINCT	rhythm=OVERLAP;bass=OVERLAP;harmony=OVERLAP;phrase=OVERLAP;role=OVERLAP;transformation=OVERLAP;negative=OVERLAP
Breaks/BASE	Chip/BASE	NO	NOT_APPLICABLE	OVERLAP	DISJOINT	OVERLAP	OVERLAP	OVERLAP	OVERLAP	OVERLAP	PARTIALLY DISTINCT	rhythm=OVERLAP;bass=DISJOINT;harmony=OVERLAP;phrase=OVERLAP;role=OVERLAP;transformation=OVERLAP;negative=OVERLAP
Breaks/BASE	Darksynth/BASE	NO	NOT_APPLICABLE	DISJOINT	OVERLAP	OVERLAP	DISJOINT	OVERLAP	OVERLAP	OVERLAP	STRUCTURALLY DISTINCT	rhythm=DISJOINT;bass=OVERLAP;harmony=OVERLAP;phrase=DISJOINT;role=OVERLAP;transformation=OVERLAP;negative=OVERLAP
Breaks/BASE	Drum&Bass/BASE	NO	NOT_APPLICABLE	OVERLAP	OVERLAP	OVERLAP	OVERLAP	OVERLAP	OVERLAP	OVERLAP	PARTIALLY DISTINCT	rhythm=OVERLAP;bass=OVERLAP;harmony=OVERLAP;phrase=OVERLAP;role=OVERLAP;transformation=OVERLAP;negative=OVERLAP
Breaks/BASE	Dub/Reggae/BASE	NO	NOT_APPLICABLE	OVERLAP	OVERLAP	DISJOINT	OVERLAP	DISJOINT	OVERLAP	OVERLAP	STRUCTURALLY DISTINCT	rhythm=OVERLAP;bass=OVERLAP;harmony=DISJOINT;phrase=OVERLAP;role=DISJOINT;transformation=OVERLAP;negative=OVERLAP
Breaks/BASE	Dub/Reggae/Deep Chord	NO	NOT_APPLICABLE	DISJOINT	OVERLAP	DISJOINT	OVERLAP	DISJOINT	OVERLAP	OVERLAP	STRUCTURALLY DISTINCT	rhythm=DISJOINT;bass=OVERLAP;harmony=DISJOINT;phrase=OVERLAP;role=DISJOINT;transformation=OVERLAP;negative=OVERLAP
Breaks/BASE	Dub/Reggae/Dub Techno	NO	NOT_APPLICABLE	OVERLAP	OVERLAP	DISJOINT	OVERLAP	DISJOINT	OVERLAP	OVERLAP	STRUCTURALLY DISTINCT	rhythm=OVERLAP;bass=OVERLAP;harmony=DISJOINT;phrase=OVERLAP;role=DISJOINT;transformation=OVERLAP;negative=OVERLAP
Breaks/BASE	Dub/Reggae/Minimal Space	NO	NOT_APPLICABLE	DISJOINT	OVERLAP	DISJOINT	OVERLAP	DISJOINT	OVERLAP	OVERLAP	STRUCTURALLY DISTINCT	rhythm=DISJOINT;bass=OVERLAP;harmony=DISJOINT;phrase=OVERLAP;role=DISJOINT;transformation=OVERLAP;negative=OVERLAP
Breaks/BASE	Electro/BASE	NO	NOT_APPLICABLE	OVERLAP	OVERLAP	OVERLAP	OVERLAP	OVERLAP	OVERLAP	OVERLAP	PARTIALLY DISTINCT	rhythm=OVERLAP;bass=OVERLAP;harmony=OVERLAP;phrase=OVERLAP;role=OVERLAP;transformation=OVERLAP;negative=OVERLAP
Breaks/BASE	Funk/Soul/BASE	NO	NOT_APPLICABLE	OVERLAP	OVERLAP	DISJOINT	DISJOINT	DISJOINT	OVERLAP	OVERLAP	STRUCTURALLY DISTINCT	rhythm=OVERLAP;bass=OVERLAP;harmony=DISJOINT;phrase=DISJOINT;role=DISJOINT;transformation=OVERLAP;negative=OVERLAP
Breaks/BASE	Hip-Hop/BASE	NO	NOT_APPLICABLE	OVERLAP	OVERLAP	DISJOINT	OVERLAP	DISJOINT	OVERLAP	OVERLAP	STRUCTURALLY DISTINCT	rhythm=OVERLAP;bass=OVERLAP;harmony=DISJOINT;phrase=OVERLAP;role=DISJOINT;transformation=OVERLAP;negative=OVERLAP
Breaks/BASE	Hip-Hop/Dusty Jazz	NO	NOT_APPLICABLE	OVERLAP	OVERLAP	DISJOINT	DISJOINT	DISJOINT	OVERLAP	OVERLAP	STRUCTURALLY DISTINCT	rhythm=OVERLAP;bass=OVERLAP;harmony=DISJOINT;phrase=DISJOINT;role=DISJOINT;transformation=OVERLAP;negative=OVERLAP
Breaks/BASE	Hip-Hop/Golden Era	NO	NOT_APPLICABLE	OVERLAP	OVERLAP	DISJOINT	OVERLAP	DISJOINT	OVERLAP	OVERLAP	STRUCTURALLY DISTINCT	rhythm=OVERLAP;bass=OVERLAP;harmony=DISJOINT;phrase=OVERLAP;role=DISJOINT;transformation=OVERLAP;negative=OVERLAP
Breaks/BASE	House/BASE	NO	NOT_APPLICABLE	OVERLAP	DISJOINT	OVERLAP	OVERLAP	OVERLAP	OVERLAP	OVERLAP	PARTIALLY DISTINCT	rhythm=OVERLAP;bass=DISJOINT;harmony=OVERLAP;phrase=OVERLAP;role=OVERLAP;transformation=OVERLAP;negative=OVERLAP
Breaks/BASE	Lo-Fi/BASE	NO	NOT_APPLICABLE	OVERLAP	OVERLAP	DISJOINT	DISJOINT	DISJOINT	OVERLAP	OVERLAP	STRUCTURALLY DISTINCT	rhythm=OVERLAP;bass=OVERLAP;harmony=DISJOINT;phrase=DISJOINT;role=DISJOINT;transformation=OVERLAP;negative=OVERLAP
Breaks/BASE	Lo-Fi/Classic Chill	NO	NOT_APPLICABLE	OVERLAP	OVERLAP	DISJOINT	DISJOINT	DISJOINT	OVERLAP	OVERLAP	STRUCTURALLY DISTINCT	rhythm=OVERLAP;bass=OVERLAP;harmony=DISJOINT;phrase=DISJOINT;role=DISJOINT;transformation=OVERLAP;negative=OVERLAP
Breaks/BASE	Lo-Fi/Drunken Groove	NO	NOT_APPLICABLE	OVERLAP	OVERLAP	DISJOINT	OVERLAP	DISJOINT	OVERLAP	OVERLAP	STRUCTURALLY DISTINCT	rhythm=OVERLAP;bass=OVERLAP;harmony=DISJOINT;phrase=OVERLAP;role=DISJOINT;transformation=OVERLAP;negative=OVERLAP
Breaks/BASE	Lo-Fi/Lo-Fi House	NO	NOT_APPLICABLE	OVERLAP	OVERLAP	DISJOINT	OVERLAP	DISJOINT	OVERLAP	OVERLAP	STRUCTURALLY DISTINCT	rhythm=OVERLAP;bass=OVERLAP;harmony=DISJOINT;phrase=OVERLAP;role=DISJOINT;transformation=OVERLAP;negative=OVERLAP
Breaks/BASE	Lo-Fi/Minimal Sleep	NO	NOT_APPLICABLE	OVERLAP	OVERLAP	DISJOINT	DISJOINT	DISJOINT	OVERLAP	OVERLAP	STRUCTURALLY DISTINCT	rhythm=OVERLAP;bass=OVERLAP;harmony=DISJOINT;phrase=DISJOINT;role=DISJOINT;transformation=OVERLAP;negative=OVERLAP
Breaks/BASE	Rave/BASE	NO	NOT_APPLICABLE	OVERLAP	DISJOINT	OVERLAP	OVERLAP	OVERLAP	OVERLAP	OVERLAP	PARTIALLY DISTINCT	rhythm=OVERLAP;bass=DISJOINT;harmony=OVERLAP;phrase=OVERLAP;role=OVERLAP;transformation=OVERLAP;negative=OVERLAP
Breaks/BASE	Rave/Psytrance	NO	NOT_APPLICABLE	OVERLAP	DISJOINT	OVERLAP	OVERLAP	OVERLAP	OVERLAP	OVERLAP	PARTIALLY DISTINCT	rhythm=OVERLAP;bass=DISJOINT;harmony=OVERLAP;phrase=OVERLAP;role=OVERLAP;transformation=OVERLAP;negative=OVERLAP
Breaks/BASE	Synthwave/BASE	NO	NOT_APPLICABLE	DISJOINT	OVERLAP	OVERLAP	OVERLAP	OVERLAP	OVERLAP	OVERLAP	PARTIALLY DISTINCT	rhythm=DISJOINT;bass=OVERLAP;harmony=OVERLAP;phrase=OVERLAP;role=OVERLAP;transformation=OVERLAP;negative=OVERLAP
Breaks/BASE	Techno/BASE	NO	NOT_APPLICABLE	OVERLAP	DISJOINT	OVERLAP	OVERLAP	OVERLAP	OVERLAP	OVERLAP	PARTIALLY DISTINCT	rhythm=OVERLAP;bass=DISJOINT;harmony=OVERLAP;phrase=OVERLAP;role=OVERLAP;transformation=OVERLAP;negative=OVERLAP
Breaks/BASE	Trip-Hop/BASE	NO	NOT_APPLICABLE	OVERLAP	OVERLAP	DISJOINT	DISJOINT	DISJOINT	OVERLAP	OVERLAP	STRUCTURALLY DISTINCT	rhythm=OVERLAP;bass=OVERLAP;harmony=DISJOINT;phrase=DISJOINT;role=DISJOINT;transformation=OVERLAP;negative=OVERLAP
Breaks/BASE	UK Garage/BASE	NO	NOT_APPLICABLE	OVERLAP	OVERLAP	OVERLAP	OVERLAP	OVERLAP	OVERLAP	OVERLAP	PARTIALLY DISTINCT	rhythm=OVERLAP;bass=OVERLAP;harmony=OVERLAP;phrase=OVERLAP;role=OVERLAP;transformation=OVERLAP;negative=OVERLAP
Breaks/Classic 2-Step	Breaks/Dark Skippy	YES	NO	DISJOINT	OVERLAP	OVERLAP	DISJOINT	OVERLAP	DISJOINT	OVERLAP	STRUCTURALLY DISTINCT	rhythm=DISJOINT;bass=OVERLAP;harmony=OVERLAP;phrase=DISJOINT;role=OVERLAP;transformation=DISJOINT;negative=OVERLAP
Breaks/Classic 2-Step	Breaks/Drum&Bass	YES	NO	DISJOINT	OVERLAP	OVERLAP	DISJOINT	OVERLAP	OVERLAP	OVERLAP	STRUCTURALLY DISTINCT	rhythm=DISJOINT;bass=OVERLAP;harmony=OVERLAP;phrase=DISJOINT;role=OVERLAP;transformation=OVERLAP;negative=OVERLAP
Breaks/Classic 2-Step	Breaks/Footwork	YES	NO	DISJOINT	OVERLAP	OVERLAP	OVERLAP	OVERLAP	OVERLAP	OVERLAP	PARTIALLY DISTINCT	rhythm=DISJOINT;bass=OVERLAP;harmony=OVERLAP;phrase=OVERLAP;role=OVERLAP;transformation=OVERLAP;negative=OVERLAP
Breaks/Classic 2-Step	Breaks/UK Garage	YES	NO	OVERLAP	OVERLAP	OVERLAP	OVERLAP	OVERLAP	OVERLAP	OVERLAP	PARTIALLY DISTINCT	rhythm=OVERLAP;bass=OVERLAP;harmony=OVERLAP;phrase=OVERLAP;role=OVERLAP;transformation=OVERLAP;negative=OVERLAP
Breaks/Classic 2-Step	Chip/BASE	NO	NOT_APPLICABLE	DISJOINT	DISJOINT	OVERLAP	OVERLAP	OVERLAP	OVERLAP	OVERLAP	STRUCTURALLY DISTINCT	rhythm=DISJOINT;bass=DISJOINT;harmony=OVERLAP;phrase=OVERLAP;role=OVERLAP;transformation=OVERLAP;negative=OVERLAP
Breaks/Classic 2-Step	Darksynth/BASE	NO	NOT_APPLICABLE	OVERLAP	OVERLAP	OVERLAP	DISJOINT	OVERLAP	OVERLAP	OVERLAP	PARTIALLY DISTINCT	rhythm=OVERLAP;bass=OVERLAP;harmony=OVERLAP;phrase=DISJOINT;role=OVERLAP;transformation=OVERLAP;negative=OVERLAP
Breaks/Classic 2-Step	Drum&Bass/BASE	NO	NOT_APPLICABLE	DISJOINT	OVERLAP	OVERLAP	OVERLAP	OVERLAP	OVERLAP	OVERLAP	PARTIALLY DISTINCT	rhythm=DISJOINT;bass=OVERLAP;harmony=OVERLAP;phrase=OVERLAP;role=OVERLAP;transformation=OVERLAP;negative=OVERLAP
Breaks/Classic 2-Step	Dub/Reggae/BASE	NO	NOT_APPLICABLE	OVERLAP	OVERLAP	DISJOINT	OVERLAP	DISJOINT	DISJOINT	OVERLAP	STRUCTURALLY DISTINCT	rhythm=OVERLAP;bass=OVERLAP;harmony=DISJOINT;phrase=OVERLAP;role=DISJOINT;transformation=DISJOINT;negative=OVERLAP
Breaks/Classic 2-Step	Dub/Reggae/Deep Chord	NO	NO	DISJOINT	OVERLAP	DISJOINT	OVERLAP	DISJOINT	DISJOINT	OVERLAP	STRUCTURALLY DISTINCT	rhythm=DISJOINT;bass=OVERLAP;harmony=DISJOINT;phrase=OVERLAP;role=DISJOINT;transformation=DISJOINT;negative=OVERLAP
Breaks/Classic 2-Step	Dub/Reggae/Dub Techno	NO	NO	OVERLAP	OVERLAP	DISJOINT	OVERLAP	DISJOINT	DISJOINT	OVERLAP	STRUCTURALLY DISTINCT	rhythm=OVERLAP;bass=OVERLAP;harmony=DISJOINT;phrase=OVERLAP;role=DISJOINT;transformation=DISJOINT;negative=OVERLAP
Breaks/Classic 2-Step	Dub/Reggae/Minimal Space	NO	NO	DISJOINT	OVERLAP	DISJOINT	OVERLAP	DISJOINT	DISJOINT	OVERLAP	STRUCTURALLY DISTINCT	rhythm=DISJOINT;bass=OVERLAP;harmony=DISJOINT;phrase=OVERLAP;role=DISJOINT;transformation=DISJOINT;negative=OVERLAP
Breaks/Classic 2-Step	Electro/BASE	NO	NOT_APPLICABLE	OVERLAP	OVERLAP	OVERLAP	OVERLAP	OVERLAP	OVERLAP	OVERLAP	PARTIALLY DISTINCT	rhythm=OVERLAP;bass=OVERLAP;harmony=OVERLAP;phrase=OVERLAP;role=OVERLAP;transformation=OVERLAP;negative=OVERLAP
Breaks/Classic 2-Step	Funk/Soul/BASE	NO	NOT_APPLICABLE	DISJOINT	OVERLAP	DISJOINT	DISJOINT	DISJOINT	OVERLAP	OVERLAP	STRUCTURALLY DISTINCT	rhythm=DISJOINT;bass=OVERLAP;harmony=DISJOINT;phrase=DISJOINT;role=DISJOINT;transformation=OVERLAP;negative=OVERLAP
Breaks/Classic 2-Step	Hip-Hop/BASE	NO	NOT_APPLICABLE	DISJOINT	OVERLAP	DISJOINT	DISJOINT	DISJOINT	OVERLAP	OVERLAP	STRUCTURALLY DISTINCT	rhythm=DISJOINT;bass=OVERLAP;harmony=DISJOINT;phrase=DISJOINT;role=DISJOINT;transformation=OVERLAP;negative=OVERLAP
Breaks/Classic 2-Step	Hip-Hop/Dusty Jazz	NO	NO	DISJOINT	OVERLAP	DISJOINT	DISJOINT	DISJOINT	OVERLAP	OVERLAP	STRUCTURALLY DISTINCT	rhythm=DISJOINT;bass=OVERLAP;harmony=DISJOINT;phrase=DISJOINT;role=DISJOINT;transformation=OVERLAP;negative=OVERLAP
Breaks/Classic 2-Step	Hip-Hop/Golden Era	NO	NO	DISJOINT	DISJOINT	DISJOINT	DISJOINT	DISJOINT	OVERLAP	OVERLAP	STRUCTURALLY DISTINCT	rhythm=DISJOINT;bass=DISJOINT;harmony=DISJOINT;phrase=DISJOINT;role=DISJOINT;transformation=OVERLAP;negative=OVERLAP
Breaks/Classic 2-Step	House/BASE	NO	NOT_APPLICABLE	OVERLAP	DISJOINT	OVERLAP	OVERLAP	OVERLAP	OVERLAP	OVERLAP	PARTIALLY DISTINCT	rhythm=OVERLAP;bass=DISJOINT;harmony=OVERLAP;phrase=OVERLAP;role=OVERLAP;transformation=OVERLAP;negative=OVERLAP
Breaks/Classic 2-Step	Lo-Fi/BASE	NO	NOT_APPLICABLE	DISJOINT	OVERLAP	DISJOINT	DISJOINT	DISJOINT	OVERLAP	OVERLAP	STRUCTURALLY DISTINCT	rhythm=DISJOINT;bass=OVERLAP;harmony=DISJOINT;phrase=DISJOINT;role=DISJOINT;transformation=OVERLAP;negative=OVERLAP
Breaks/Classic 2-Step	Lo-Fi/Classic Chill	NO	NO	DISJOINT	OVERLAP	DISJOINT	DISJOINT	DISJOINT	OVERLAP	OVERLAP	STRUCTURALLY DISTINCT	rhythm=DISJOINT;bass=OVERLAP;harmony=DISJOINT;phrase=DISJOINT;role=DISJOINT;transformation=OVERLAP;negative=OVERLAP
Breaks/Classic 2-Step	Lo-Fi/Drunken Groove	NO	NO	DISJOINT	OVERLAP	DISJOINT	OVERLAP	DISJOINT	OVERLAP	OVERLAP	STRUCTURALLY DISTINCT	rhythm=DISJOINT;bass=OVERLAP;harmony=DISJOINT;phrase=OVERLAP;role=DISJOINT;transformation=OVERLAP;negative=OVERLAP
Breaks/Classic 2-Step	Lo-Fi/Lo-Fi House	NO	NO	OVERLAP	OVERLAP	DISJOINT	DISJOINT	DISJOINT	OVERLAP	OVERLAP	STRUCTURALLY DISTINCT	rhythm=OVERLAP;bass=OVERLAP;harmony=DISJOINT;phrase=DISJOINT;role=DISJOINT;transformation=OVERLAP;negative=OVERLAP
Breaks/Classic 2-Step	Lo-Fi/Minimal Sleep	NO	NO	DISJOINT	OVERLAP	DISJOINT	DISJOINT	DISJOINT	DISJOINT	OVERLAP	STRUCTURALLY DISTINCT	rhythm=DISJOINT;bass=OVERLAP;harmony=DISJOINT;phrase=DISJOINT;role=DISJOINT;transformation=DISJOINT;negative=OVERLAP
Breaks/Classic 2-Step	Rave/BASE	NO	NOT_APPLICABLE	OVERLAP	DISJOINT	OVERLAP	OVERLAP	OVERLAP	OVERLAP	OVERLAP	PARTIALLY DISTINCT	rhythm=OVERLAP;bass=DISJOINT;harmony=OVERLAP;phrase=OVERLAP;role=OVERLAP;transformation=OVERLAP;negative=OVERLAP
Breaks/Classic 2-Step	Rave/Psytrance	NO	NO	OVERLAP	DISJOINT	OVERLAP	OVERLAP	OVERLAP	OVERLAP	OVERLAP	PARTIALLY DISTINCT	rhythm=OVERLAP;bass=DISJOINT;harmony=OVERLAP;phrase=OVERLAP;role=OVERLAP;transformation=OVERLAP;negative=OVERLAP
Breaks/Classic 2-Step	Synthwave/BASE	NO	NOT_APPLICABLE	DISJOINT	DISJOINT	OVERLAP	OVERLAP	OVERLAP	OVERLAP	OVERLAP	STRUCTURALLY DISTINCT	rhythm=DISJOINT;bass=DISJOINT;harmony=OVERLAP;phrase=OVERLAP;role=OVERLAP;transformation=OVERLAP;negative=OVERLAP
Breaks/Classic 2-Step	Techno/BASE	NO	NOT_APPLICABLE	OVERLAP	DISJOINT	OVERLAP	OVERLAP	OVERLAP	OVERLAP	OVERLAP	PARTIALLY DISTINCT	rhythm=OVERLAP;bass=DISJOINT;harmony=OVERLAP;phrase=OVERLAP;role=OVERLAP;transformation=OVERLAP;negative=OVERLAP
Breaks/Classic 2-Step	Trip-Hop/BASE	NO	NOT_APPLICABLE	DISJOINT	OVERLAP	DISJOINT	DISJOINT	DISJOINT	OVERLAP	OVERLAP	STRUCTURALLY DISTINCT	rhythm=DISJOINT;bass=OVERLAP;harmony=DISJOINT;phrase=DISJOINT;role=DISJOINT;transformation=OVERLAP;negative=OVERLAP
Breaks/Classic 2-Step	UK Garage/BASE	NO	NOT_APPLICABLE	OVERLAP	OVERLAP	OVERLAP	OVERLAP	OVERLAP	OVERLAP	OVERLAP	PARTIALLY DISTINCT	rhythm=OVERLAP;bass=OVERLAP;harmony=OVERLAP;phrase=OVERLAP;role=OVERLAP;transformation=OVERLAP;negative=OVERLAP
Breaks/Dark Skippy	Breaks/Drum&Bass	YES	NO	DISJOINT	DISJOINT	OVERLAP	DISJOINT	OVERLAP	OVERLAP	OVERLAP	STRUCTURALLY DISTINCT	rhythm=DISJOINT;bass=DISJOINT;harmony=OVERLAP;phrase=DISJOINT;role=OVERLAP;transformation=OVERLAP;negative=OVERLAP
Breaks/Dark Skippy	Breaks/Footwork	YES	NO	DISJOINT	OVERLAP	OVERLAP	DISJOINT	OVERLAP	OVERLAP	OVERLAP	STRUCTURALLY DISTINCT	rhythm=DISJOINT;bass=OVERLAP;harmony=OVERLAP;phrase=DISJOINT;role=OVERLAP;transformation=OVERLAP;negative=OVERLAP
Breaks/Dark Skippy	Breaks/UK Garage	YES	NO	OVERLAP	OVERLAP	OVERLAP	DISJOINT	OVERLAP	OVERLAP	OVERLAP	PARTIALLY DISTINCT	rhythm=OVERLAP;bass=OVERLAP;harmony=OVERLAP;phrase=DISJOINT;role=OVERLAP;transformation=OVERLAP;negative=OVERLAP
Breaks/Dark Skippy	Chip/BASE	NO	NOT_APPLICABLE	DISJOINT	DISJOINT	OVERLAP	DISJOINT	OVERLAP	DISJOINT	OVERLAP	STRUCTURALLY DISTINCT	rhythm=DISJOINT;bass=DISJOINT;harmony=OVERLAP;phrase=DISJOINT;role=OVERLAP;transformation=DISJOINT;negative=OVERLAP
Breaks/Dark Skippy	Darksynth/BASE	NO	NOT_APPLICABLE	DISJOINT	DISJOINT	OVERLAP	DISJOINT	OVERLAP	OVERLAP	OVERLAP	STRUCTURALLY DISTINCT	rhythm=DISJOINT;bass=DISJOINT;harmony=OVERLAP;phrase=DISJOINT;role=OVERLAP;transformation=OVERLAP;negative=OVERLAP
Breaks/Dark Skippy	Drum&Bass/BASE	NO	NOT_APPLICABLE	DISJOINT	DISJOINT	OVERLAP	DISJOINT	OVERLAP	OVERLAP	OVERLAP	STRUCTURALLY DISTINCT	rhythm=DISJOINT;bass=DISJOINT;harmony=OVERLAP;phrase=DISJOINT;role=OVERLAP;transformation=OVERLAP;negative=OVERLAP
Breaks/Dark Skippy	Dub/Reggae/BASE	NO	NOT_APPLICABLE	DISJOINT	OVERLAP	DISJOINT	DISJOINT	DISJOINT	DISJOINT	OVERLAP	STRUCTURALLY DISTINCT	rhythm=DISJOINT;bass=OVERLAP;harmony=DISJOINT;phrase=DISJOINT;role=DISJOINT;transformation=DISJOINT;negative=OVERLAP
Breaks/Dark Skippy	Dub/Reggae/Deep Chord	NO	NO	DISJOINT	OVERLAP	DISJOINT	DISJOINT	DISJOINT	OVERLAP	OVERLAP	STRUCTURALLY DISTINCT	rhythm=DISJOINT;bass=OVERLAP;harmony=DISJOINT;phrase=DISJOINT;role=DISJOINT;transformation=OVERLAP;negative=OVERLAP
Breaks/Dark Skippy	Dub/Reggae/Dub Techno	NO	NO	DISJOINT	OVERLAP	DISJOINT	DISJOINT	DISJOINT	DISJOINT	OVERLAP	STRUCTURALLY DISTINCT	rhythm=DISJOINT;bass=OVERLAP;harmony=DISJOINT;phrase=DISJOINT;role=DISJOINT;transformation=DISJOINT;negative=OVERLAP
Breaks/Dark Skippy	Dub/Reggae/Minimal Space	NO	NO	DISJOINT	OVERLAP	DISJOINT	DISJOINT	DISJOINT	OVERLAP	OVERLAP	STRUCTURALLY DISTINCT	rhythm=DISJOINT;bass=OVERLAP;harmony=DISJOINT;phrase=DISJOINT;role=DISJOINT;transformation=OVERLAP;negative=OVERLAP
Breaks/Dark Skippy	Electro/BASE	NO	NOT_APPLICABLE	DISJOINT	OVERLAP	OVERLAP	DISJOINT	OVERLAP	OVERLAP	OVERLAP	STRUCTURALLY DISTINCT	rhythm=DISJOINT;bass=OVERLAP;harmony=OVERLAP;phrase=DISJOINT;role=OVERLAP;transformation=OVERLAP;negative=OVERLAP
Breaks/Dark Skippy	Funk/Soul/BASE	NO	NOT_APPLICABLE	DISJOINT	OVERLAP	DISJOINT	DISJOINT	DISJOINT	OVERLAP	OVERLAP	STRUCTURALLY DISTINCT	rhythm=DISJOINT;bass=OVERLAP;harmony=DISJOINT;phrase=DISJOINT;role=DISJOINT;transformation=OVERLAP;negative=OVERLAP
Breaks/Dark Skippy	Hip-Hop/BASE	NO	NOT_APPLICABLE	DISJOINT	OVERLAP	DISJOINT	DISJOINT	DISJOINT	OVERLAP	OVERLAP	STRUCTURALLY DISTINCT	rhythm=DISJOINT;bass=OVERLAP;harmony=DISJOINT;phrase=DISJOINT;role=DISJOINT;transformation=OVERLAP;negative=OVERLAP
Breaks/Dark Skippy	Hip-Hop/Dusty Jazz	NO	NO	DISJOINT	OVERLAP	DISJOINT	DISJOINT	DISJOINT	OVERLAP	OVERLAP	STRUCTURALLY DISTINCT	rhythm=DISJOINT;bass=OVERLAP;harmony=DISJOINT;phrase=DISJOINT;role=DISJOINT;transformation=OVERLAP;negative=OVERLAP
Breaks/Dark Skippy	Hip-Hop/Golden Era	NO	NO	DISJOINT	OVERLAP	DISJOINT	DISJOINT	DISJOINT	DISJOINT	OVERLAP	STRUCTURALLY DISTINCT	rhythm=DISJOINT;bass=OVERLAP;harmony=DISJOINT;phrase=DISJOINT;role=DISJOINT;transformation=DISJOINT;negative=OVERLAP
Breaks/Dark Skippy	House/BASE	NO	NOT_APPLICABLE	DISJOINT	DISJOINT	OVERLAP	DISJOINT	OVERLAP	DISJOINT	OVERLAP	STRUCTURALLY DISTINCT	rhythm=DISJOINT;bass=DISJOINT;harmony=OVERLAP;phrase=DISJOINT;role=OVERLAP;transformation=DISJOINT;negative=OVERLAP
Breaks/Dark Skippy	Lo-Fi/BASE	NO	NOT_APPLICABLE	DISJOINT	OVERLAP	DISJOINT	DISJOINT	DISJOINT	OVERLAP	OVERLAP	STRUCTURALLY DISTINCT	rhythm=DISJOINT;bass=OVERLAP;harmony=DISJOINT;phrase=DISJOINT;role=DISJOINT;transformation=OVERLAP;negative=OVERLAP
Breaks/Dark Skippy	Lo-Fi/Classic Chill	NO	NO	DISJOINT	OVERLAP	DISJOINT	DISJOINT	DISJOINT	OVERLAP	OVERLAP	STRUCTURALLY DISTINCT	rhythm=DISJOINT;bass=OVERLAP;harmony=DISJOINT;phrase=DISJOINT;role=DISJOINT;transformation=OVERLAP;negative=OVERLAP
Breaks/Dark Skippy	Lo-Fi/Drunken Groove	NO	NO	DISJOINT	OVERLAP	DISJOINT	DISJOINT	DISJOINT	OVERLAP	OVERLAP	STRUCTURALLY DISTINCT	rhythm=DISJOINT;bass=OVERLAP;harmony=DISJOINT;phrase=DISJOINT;role=DISJOINT;transformation=OVERLAP;negative=OVERLAP
Breaks/Dark Skippy	Lo-Fi/Lo-Fi House	NO	NO	DISJOINT	DISJOINT	DISJOINT	DISJOINT	DISJOINT	DISJOINT	OVERLAP	STRUCTURALLY DISTINCT	rhythm=DISJOINT;bass=DISJOINT;harmony=DISJOINT;phrase=DISJOINT;role=DISJOINT;transformation=DISJOINT;negative=OVERLAP
Breaks/Dark Skippy	Lo-Fi/Minimal Sleep	NO	NO	DISJOINT	OVERLAP	DISJOINT	DISJOINT	DISJOINT	OVERLAP	OVERLAP	STRUCTURALLY DISTINCT	rhythm=DISJOINT;bass=OVERLAP;harmony=DISJOINT;phrase=DISJOINT;role=DISJOINT;transformation=OVERLAP;negative=OVERLAP
Breaks/Dark Skippy	Rave/BASE	NO	NOT_APPLICABLE	DISJOINT	DISJOINT	OVERLAP	DISJOINT	OVERLAP	OVERLAP	OVERLAP	STRUCTURALLY DISTINCT	rhythm=DISJOINT;bass=DISJOINT;harmony=OVERLAP;phrase=DISJOINT;role=OVERLAP;transformation=OVERLAP;negative=OVERLAP
Breaks/Dark Skippy	Rave/Psytrance	NO	NO	DISJOINT	DISJOINT	OVERLAP	DISJOINT	OVERLAP	DISJOINT	OVERLAP	STRUCTURALLY DISTINCT	rhythm=DISJOINT;bass=DISJOINT;harmony=OVERLAP;phrase=DISJOINT;role=OVERLAP;transformation=DISJOINT;negative=OVERLAP
Breaks/Dark Skippy	Synthwave/BASE	NO	NOT_APPLICABLE	DISJOINT	DISJOINT	OVERLAP	DISJOINT	OVERLAP	DISJOINT	OVERLAP	STRUCTURALLY DISTINCT	rhythm=DISJOINT;bass=DISJOINT;harmony=OVERLAP;phrase=DISJOINT;role=OVERLAP;transformation=DISJOINT;negative=OVERLAP
Breaks/Dark Skippy	Techno/BASE	NO	NOT_APPLICABLE	DISJOINT	DISJOINT	OVERLAP	DISJOINT	OVERLAP	OVERLAP	OVERLAP	STRUCTURALLY DISTINCT	rhythm=DISJOINT;bass=DISJOINT;harmony=OVERLAP;phrase=DISJOINT;role=OVERLAP;transformation=OVERLAP;negative=OVERLAP
Breaks/Dark Skippy	Trip-Hop/BASE	NO	NOT_APPLICABLE	DISJOINT	OVERLAP	DISJOINT	DISJOINT	DISJOINT	OVERLAP	OVERLAP	STRUCTURALLY DISTINCT	rhythm=DISJOINT;bass=OVERLAP;harmony=DISJOINT;phrase=DISJOINT;role=DISJOINT;transformation=OVERLAP;negative=OVERLAP
Breaks/Dark Skippy	UK Garage/BASE	NO	NOT_APPLICABLE	OVERLAP	OVERLAP	OVERLAP	DISJOINT	OVERLAP	OVERLAP	OVERLAP	PARTIALLY DISTINCT	rhythm=OVERLAP;bass=OVERLAP;harmony=OVERLAP;phrase=DISJOINT;role=OVERLAP;transformation=OVERLAP;negative=OVERLAP
Breaks/Drum&Bass	Breaks/Footwork	YES	NO	OVERLAP	OVERLAP	OVERLAP	OVERLAP	OVERLAP	OVERLAP	OVERLAP	PARTIALLY DISTINCT	rhythm=OVERLAP;bass=OVERLAP;harmony=OVERLAP;phrase=OVERLAP;role=OVERLAP;transformation=OVERLAP;negative=OVERLAP
Breaks/Drum&Bass	Breaks/UK Garage	YES	NO	DISJOINT	OVERLAP	OVERLAP	OVERLAP	OVERLAP	OVERLAP	OVERLAP	PARTIALLY DISTINCT	rhythm=DISJOINT;bass=OVERLAP;harmony=OVERLAP;phrase=OVERLAP;role=OVERLAP;transformation=OVERLAP;negative=OVERLAP
Breaks/Drum&Bass	Chip/BASE	NO	NOT_APPLICABLE	DISJOINT	DISJOINT	OVERLAP	OVERLAP	OVERLAP	OVERLAP	OVERLAP	STRUCTURALLY DISTINCT	rhythm=DISJOINT;bass=DISJOINT;harmony=OVERLAP;phrase=OVERLAP;role=OVERLAP;transformation=OVERLAP;negative=OVERLAP
Breaks/Drum&Bass	Darksynth/BASE	NO	NOT_APPLICABLE	DISJOINT	OVERLAP	OVERLAP	OVERLAP	OVERLAP	OVERLAP	OVERLAP	PARTIALLY DISTINCT	rhythm=DISJOINT;bass=OVERLAP;harmony=OVERLAP;phrase=OVERLAP;role=OVERLAP;transformation=OVERLAP;negative=OVERLAP
Breaks/Drum&Bass	Drum&Bass/BASE	NO	NOT_APPLICABLE	OVERLAP	OVERLAP	OVERLAP	OVERLAP	OVERLAP	OVERLAP	OVERLAP	PARTIALLY DISTINCT	rhythm=OVERLAP;bass=OVERLAP;harmony=OVERLAP;phrase=OVERLAP;role=OVERLAP;transformation=OVERLAP;negative=OVERLAP
Breaks/Drum&Bass	Dub/Reggae/BASE	NO	NOT_APPLICABLE	DISJOINT	DISJOINT	DISJOINT	DISJOINT	DISJOINT	OVERLAP	OVERLAP	STRUCTURALLY DISTINCT	rhythm=DISJOINT;bass=DISJOINT;harmony=DISJOINT;phrase=DISJOINT;role=DISJOINT;transformation=OVERLAP;negative=OVERLAP
Breaks/Drum&Bass	Dub/Reggae/Deep Chord	NO	NO	DISJOINT	DISJOINT	DISJOINT	DISJOINT	DISJOINT	OVERLAP	OVERLAP	STRUCTURALLY DISTINCT	rhythm=DISJOINT;bass=DISJOINT;harmony=DISJOINT;phrase=DISJOINT;role=DISJOINT;transformation=OVERLAP;negative=OVERLAP
Breaks/Drum&Bass	Dub/Reggae/Dub Techno	NO	NO	DISJOINT	DISJOINT	DISJOINT	DISJOINT	DISJOINT	OVERLAP	OVERLAP	STRUCTURALLY DISTINCT	rhythm=DISJOINT;bass=DISJOINT;harmony=DISJOINT;phrase=DISJOINT;role=DISJOINT;transformation=OVERLAP;negative=OVERLAP
Breaks/Drum&Bass	Dub/Reggae/Minimal Space	NO	NO	DISJOINT	DISJOINT	DISJOINT	DISJOINT	DISJOINT	OVERLAP	OVERLAP	STRUCTURALLY DISTINCT	rhythm=DISJOINT;bass=DISJOINT;harmony=DISJOINT;phrase=DISJOINT;role=DISJOINT;transformation=OVERLAP;negative=OVERLAP
Breaks/Drum&Bass	Electro/BASE	NO	NOT_APPLICABLE	DISJOINT	DISJOINT	OVERLAP	OVERLAP	OVERLAP	OVERLAP	OVERLAP	STRUCTURALLY DISTINCT	rhythm=DISJOINT;bass=DISJOINT;harmony=OVERLAP;phrase=OVERLAP;role=OVERLAP;transformation=OVERLAP;negative=OVERLAP
Breaks/Drum&Bass	Funk/Soul/BASE	NO	NOT_APPLICABLE	OVERLAP	OVERLAP	DISJOINT	OVERLAP	DISJOINT	OVERLAP	OVERLAP	STRUCTURALLY DISTINCT	rhythm=OVERLAP;bass=OVERLAP;harmony=DISJOINT;phrase=OVERLAP;role=DISJOINT;transformation=OVERLAP;negative=OVERLAP
Breaks/Drum&Bass	Hip-Hop/BASE	NO	NOT_APPLICABLE	OVERLAP	OVERLAP	DISJOINT	OVERLAP	DISJOINT	OVERLAP	OVERLAP	STRUCTURALLY DISTINCT	rhythm=OVERLAP;bass=OVERLAP;harmony=DISJOINT;phrase=OVERLAP;role=DISJOINT;transformation=OVERLAP;negative=OVERLAP
Breaks/Drum&Bass	Hip-Hop/Dusty Jazz	NO	NO	OVERLAP	OVERLAP	DISJOINT	DISJOINT	DISJOINT	OVERLAP	OVERLAP	STRUCTURALLY DISTINCT	rhythm=OVERLAP;bass=OVERLAP;harmony=DISJOINT;phrase=DISJOINT;role=DISJOINT;transformation=OVERLAP;negative=OVERLAP
Breaks/Drum&Bass	Hip-Hop/Golden Era	NO	NO	OVERLAP	OVERLAP	DISJOINT	OVERLAP	DISJOINT	OVERLAP	OVERLAP	STRUCTURALLY DISTINCT	rhythm=OVERLAP;bass=OVERLAP;harmony=DISJOINT;phrase=OVERLAP;role=DISJOINT;transformation=OVERLAP;negative=OVERLAP
Breaks/Drum&Bass	House/BASE	NO	NOT_APPLICABLE	DISJOINT	DISJOINT	OVERLAP	OVERLAP	OVERLAP	OVERLAP	OVERLAP	STRUCTURALLY DISTINCT	rhythm=DISJOINT;bass=DISJOINT;harmony=OVERLAP;phrase=OVERLAP;role=OVERLAP;transformation=OVERLAP;negative=OVERLAP
Breaks/Drum&Bass	Lo-Fi/BASE	NO	NOT_APPLICABLE	OVERLAP	DISJOINT	DISJOINT	DISJOINT	DISJOINT	OVERLAP	OVERLAP	STRUCTURALLY DISTINCT	rhythm=OVERLAP;bass=DISJOINT;harmony=DISJOINT;phrase=DISJOINT;role=DISJOINT;transformation=OVERLAP;negative=OVERLAP
Breaks/Drum&Bass	Lo-Fi/Classic Chill	NO	NO	OVERLAP	DISJOINT	DISJOINT	DISJOINT	DISJOINT	OVERLAP	OVERLAP	STRUCTURALLY DISTINCT	rhythm=OVERLAP;bass=DISJOINT;harmony=DISJOINT;phrase=DISJOINT;role=DISJOINT;transformation=OVERLAP;negative=OVERLAP
Breaks/Drum&Bass	Lo-Fi/Drunken Groove	NO	NO	OVERLAP	OVERLAP	DISJOINT	OVERLAP	DISJOINT	OVERLAP	OVERLAP	STRUCTURALLY DISTINCT	rhythm=OVERLAP;bass=OVERLAP;harmony=DISJOINT;phrase=OVERLAP;role=DISJOINT;transformation=OVERLAP;negative=OVERLAP
Breaks/Drum&Bass	Lo-Fi/Lo-Fi House	NO	NO	DISJOINT	OVERLAP	DISJOINT	OVERLAP	DISJOINT	OVERLAP	OVERLAP	STRUCTURALLY DISTINCT	rhythm=DISJOINT;bass=OVERLAP;harmony=DISJOINT;phrase=OVERLAP;role=DISJOINT;transformation=OVERLAP;negative=OVERLAP
Breaks/Drum&Bass	Lo-Fi/Minimal Sleep	NO	NO	OVERLAP	DISJOINT	DISJOINT	DISJOINT	DISJOINT	DISJOINT	OVERLAP	STRUCTURALLY DISTINCT	rhythm=OVERLAP;bass=DISJOINT;harmony=DISJOINT;phrase=DISJOINT;role=DISJOINT;transformation=DISJOINT;negative=OVERLAP
Breaks/Drum&Bass	Rave/BASE	NO	NOT_APPLICABLE	DISJOINT	DISJOINT	OVERLAP	OVERLAP	OVERLAP	OVERLAP	OVERLAP	STRUCTURALLY DISTINCT	rhythm=DISJOINT;bass=DISJOINT;harmony=OVERLAP;phrase=OVERLAP;role=OVERLAP;transformation=OVERLAP;negative=OVERLAP
Breaks/Drum&Bass	Rave/Psytrance	NO	NO	DISJOINT	DISJOINT	OVERLAP	OVERLAP	OVERLAP	OVERLAP	OVERLAP	STRUCTURALLY DISTINCT	rhythm=DISJOINT;bass=DISJOINT;harmony=OVERLAP;phrase=OVERLAP;role=OVERLAP;transformation=OVERLAP;negative=OVERLAP
Breaks/Drum&Bass	Synthwave/BASE	NO	NOT_APPLICABLE	DISJOINT	OVERLAP	OVERLAP	DISJOINT	OVERLAP	OVERLAP	OVERLAP	STRUCTURALLY DISTINCT	rhythm=DISJOINT;bass=OVERLAP;harmony=OVERLAP;phrase=DISJOINT;role=OVERLAP;transformation=OVERLAP;negative=OVERLAP
Breaks/Drum&Bass	Techno/BASE	NO	NOT_APPLICABLE	DISJOINT	DISJOINT	OVERLAP	OVERLAP	OVERLAP	OVERLAP	OVERLAP	STRUCTURALLY DISTINCT	rhythm=DISJOINT;bass=DISJOINT;harmony=OVERLAP;phrase=OVERLAP;role=OVERLAP;transformation=OVERLAP;negative=OVERLAP
Breaks/Drum&Bass	Trip-Hop/BASE	NO	NOT_APPLICABLE	OVERLAP	DISJOINT	DISJOINT	DISJOINT	DISJOINT	OVERLAP	OVERLAP	STRUCTURALLY DISTINCT	rhythm=OVERLAP;bass=DISJOINT;harmony=DISJOINT;phrase=DISJOINT;role=DISJOINT;transformation=OVERLAP;negative=OVERLAP
Breaks/Drum&Bass	UK Garage/BASE	NO	NOT_APPLICABLE	DISJOINT	OVERLAP	OVERLAP	OVERLAP	OVERLAP	OVERLAP	OVERLAP	PARTIALLY DISTINCT	rhythm=DISJOINT;bass=OVERLAP;harmony=OVERLAP;phrase=OVERLAP;role=OVERLAP;transformation=OVERLAP;negative=OVERLAP
Breaks/Footwork	Breaks/UK Garage	YES	NO	OVERLAP	OVERLAP	OVERLAP	OVERLAP	OVERLAP	OVERLAP	OVERLAP	PARTIALLY DISTINCT	rhythm=OVERLAP;bass=OVERLAP;harmony=OVERLAP;phrase=OVERLAP;role=OVERLAP;transformation=OVERLAP;negative=OVERLAP
Breaks/Footwork	Chip/BASE	NO	NOT_APPLICABLE	OVERLAP	OVERLAP	OVERLAP	OVERLAP	OVERLAP	OVERLAP	OVERLAP	PARTIALLY DISTINCT	rhythm=OVERLAP;bass=OVERLAP;harmony=OVERLAP;phrase=OVERLAP;role=OVERLAP;transformation=OVERLAP;negative=OVERLAP
Breaks/Footwork	Darksynth/BASE	NO	NOT_APPLICABLE	DISJOINT	DISJOINT	OVERLAP	DISJOINT	OVERLAP	OVERLAP	OVERLAP	STRUCTURALLY DISTINCT	rhythm=DISJOINT;bass=DISJOINT;harmony=OVERLAP;phrase=DISJOINT;role=OVERLAP;transformation=OVERLAP;negative=OVERLAP
Breaks/Footwork	Drum&Bass/BASE	NO	NOT_APPLICABLE	OVERLAP	OVERLAP	OVERLAP	OVERLAP	OVERLAP	OVERLAP	OVERLAP	PARTIALLY DISTINCT	rhythm=OVERLAP;bass=OVERLAP;harmony=OVERLAP;phrase=OVERLAP;role=OVERLAP;transformation=OVERLAP;negative=OVERLAP
Breaks/Footwork	Dub/Reggae/BASE	NO	NOT_APPLICABLE	DISJOINT	OVERLAP	DISJOINT	DISJOINT	DISJOINT	OVERLAP	OVERLAP	STRUCTURALLY DISTINCT	rhythm=DISJOINT;bass=OVERLAP;harmony=DISJOINT;phrase=DISJOINT;role=DISJOINT;transformation=OVERLAP;negative=OVERLAP
Breaks/Footwork	Dub/Reggae/Deep Chord	NO	NO	DISJOINT	OVERLAP	DISJOINT	DISJOINT	DISJOINT	OVERLAP	OVERLAP	STRUCTURALLY DISTINCT	rhythm=DISJOINT;bass=OVERLAP;harmony=DISJOINT;phrase=DISJOINT;role=DISJOINT;transformation=OVERLAP;negative=OVERLAP
Breaks/Footwork	Dub/Reggae/Dub Techno	NO	NO	DISJOINT	OVERLAP	DISJOINT	DISJOINT	DISJOINT	OVERLAP	OVERLAP	STRUCTURALLY DISTINCT	rhythm=DISJOINT;bass=OVERLAP;harmony=DISJOINT;phrase=DISJOINT;role=DISJOINT;transformation=OVERLAP;negative=OVERLAP
Breaks/Footwork	Dub/Reggae/Minimal Space	NO	NO	DISJOINT	OVERLAP	DISJOINT	DISJOINT	DISJOINT	OVERLAP	OVERLAP	STRUCTURALLY DISTINCT	rhythm=DISJOINT;bass=OVERLAP;harmony=DISJOINT;phrase=DISJOINT;role=DISJOINT;transformation=OVERLAP;negative=OVERLAP
Breaks/Footwork	Electro/BASE	NO	NOT_APPLICABLE	OVERLAP	OVERLAP	OVERLAP	OVERLAP	OVERLAP	OVERLAP	OVERLAP	PARTIALLY DISTINCT	rhythm=OVERLAP;bass=OVERLAP;harmony=OVERLAP;phrase=OVERLAP;role=OVERLAP;transformation=OVERLAP;negative=OVERLAP
Breaks/Footwork	Funk/Soul/BASE	NO	NOT_APPLICABLE	OVERLAP	OVERLAP	DISJOINT	OVERLAP	DISJOINT	OVERLAP	OVERLAP	STRUCTURALLY DISTINCT	rhythm=OVERLAP;bass=OVERLAP;harmony=DISJOINT;phrase=OVERLAP;role=DISJOINT;transformation=OVERLAP;negative=OVERLAP
Breaks/Footwork	Hip-Hop/BASE	NO	NOT_APPLICABLE	OVERLAP	OVERLAP	DISJOINT	OVERLAP	DISJOINT	OVERLAP	OVERLAP	STRUCTURALLY DISTINCT	rhythm=OVERLAP;bass=OVERLAP;harmony=DISJOINT;phrase=OVERLAP;role=DISJOINT;transformation=OVERLAP;negative=OVERLAP
Breaks/Footwork	Hip-Hop/Dusty Jazz	NO	NO	OVERLAP	OVERLAP	DISJOINT	DISJOINT	DISJOINT	OVERLAP	OVERLAP	STRUCTURALLY DISTINCT	rhythm=OVERLAP;bass=OVERLAP;harmony=DISJOINT;phrase=DISJOINT;role=DISJOINT;transformation=OVERLAP;negative=OVERLAP
Breaks/Footwork	Hip-Hop/Golden Era	NO	NO	OVERLAP	OVERLAP	DISJOINT	OVERLAP	DISJOINT	OVERLAP	OVERLAP	STRUCTURALLY DISTINCT	rhythm=OVERLAP;bass=OVERLAP;harmony=DISJOINT;phrase=OVERLAP;role=DISJOINT;transformation=OVERLAP;negative=OVERLAP
Breaks/Footwork	House/BASE	NO	NOT_APPLICABLE	DISJOINT	DISJOINT	OVERLAP	OVERLAP	OVERLAP	OVERLAP	OVERLAP	STRUCTURALLY DISTINCT	rhythm=DISJOINT;bass=DISJOINT;harmony=OVERLAP;phrase=OVERLAP;role=OVERLAP;transformation=OVERLAP;negative=OVERLAP
Breaks/Footwork	Lo-Fi/BASE	NO	NOT_APPLICABLE	OVERLAP	OVERLAP	DISJOINT	DISJOINT	DISJOINT	OVERLAP	OVERLAP	STRUCTURALLY DISTINCT	rhythm=OVERLAP;bass=OVERLAP;harmony=DISJOINT;phrase=DISJOINT;role=DISJOINT;transformation=OVERLAP;negative=OVERLAP
Breaks/Footwork	Lo-Fi/Classic Chill	NO	NO	OVERLAP	OVERLAP	DISJOINT	DISJOINT	DISJOINT	OVERLAP	OVERLAP	STRUCTURALLY DISTINCT	rhythm=OVERLAP;bass=OVERLAP;harmony=DISJOINT;phrase=DISJOINT;role=DISJOINT;transformation=OVERLAP;negative=OVERLAP
Breaks/Footwork	Lo-Fi/Drunken Groove	NO	NO	OVERLAP	OVERLAP	DISJOINT	OVERLAP	DISJOINT	OVERLAP	OVERLAP	STRUCTURALLY DISTINCT	rhythm=OVERLAP;bass=OVERLAP;harmony=DISJOINT;phrase=OVERLAP;role=DISJOINT;transformation=OVERLAP;negative=OVERLAP
Breaks/Footwork	Lo-Fi/Lo-Fi House	NO	NO	DISJOINT	OVERLAP	DISJOINT	OVERLAP	DISJOINT	OVERLAP	OVERLAP	STRUCTURALLY DISTINCT	rhythm=DISJOINT;bass=OVERLAP;harmony=DISJOINT;phrase=OVERLAP;role=DISJOINT;transformation=OVERLAP;negative=OVERLAP
Breaks/Footwork	Lo-Fi/Minimal Sleep	NO	NO	OVERLAP	OVERLAP	DISJOINT	DISJOINT	DISJOINT	DISJOINT	OVERLAP	STRUCTURALLY DISTINCT	rhythm=OVERLAP;bass=OVERLAP;harmony=DISJOINT;phrase=DISJOINT;role=DISJOINT;transformation=DISJOINT;negative=OVERLAP
Breaks/Footwork	Rave/BASE	NO	NOT_APPLICABLE	DISJOINT	DISJOINT	OVERLAP	OVERLAP	OVERLAP	OVERLAP	OVERLAP	STRUCTURALLY DISTINCT	rhythm=DISJOINT;bass=DISJOINT;harmony=OVERLAP;phrase=OVERLAP;role=OVERLAP;transformation=OVERLAP;negative=OVERLAP
Breaks/Footwork	Rave/Psytrance	NO	NO	DISJOINT	DISJOINT	OVERLAP	OVERLAP	OVERLAP	OVERLAP	OVERLAP	STRUCTURALLY DISTINCT	rhythm=DISJOINT;bass=DISJOINT;harmony=OVERLAP;phrase=OVERLAP;role=OVERLAP;transformation=OVERLAP;negative=OVERLAP
Breaks/Footwork	Synthwave/BASE	NO	NOT_APPLICABLE	DISJOINT	DISJOINT	OVERLAP	OVERLAP	OVERLAP	OVERLAP	OVERLAP	STRUCTURALLY DISTINCT	rhythm=DISJOINT;bass=DISJOINT;harmony=OVERLAP;phrase=OVERLAP;role=OVERLAP;transformation=OVERLAP;negative=OVERLAP
Breaks/Footwork	Techno/BASE	NO	NOT_APPLICABLE	OVERLAP	DISJOINT	OVERLAP	OVERLAP	OVERLAP	OVERLAP	OVERLAP	PARTIALLY DISTINCT	rhythm=OVERLAP;bass=DISJOINT;harmony=OVERLAP;phrase=OVERLAP;role=OVERLAP;transformation=OVERLAP;negative=OVERLAP
Breaks/Footwork	Trip-Hop/BASE	NO	NOT_APPLICABLE	OVERLAP	OVERLAP	DISJOINT	DISJOINT	DISJOINT	OVERLAP	OVERLAP	STRUCTURALLY DISTINCT	rhythm=OVERLAP;bass=OVERLAP;harmony=DISJOINT;phrase=DISJOINT;role=DISJOINT;transformation=OVERLAP;negative=OVERLAP
Breaks/Footwork	UK Garage/BASE	NO	NOT_APPLICABLE	OVERLAP	OVERLAP	OVERLAP	DISJOINT	OVERLAP	OVERLAP	OVERLAP	PARTIALLY DISTINCT	rhythm=OVERLAP;bass=OVERLAP;harmony=OVERLAP;phrase=DISJOINT;role=OVERLAP;transformation=OVERLAP;negative=OVERLAP
Breaks/UK Garage	Chip/BASE	NO	NOT_APPLICABLE	OVERLAP	DISJOINT	OVERLAP	OVERLAP	OVERLAP	OVERLAP	OVERLAP	PARTIALLY DISTINCT	rhythm=OVERLAP;bass=DISJOINT;harmony=OVERLAP;phrase=OVERLAP;role=OVERLAP;transformation=OVERLAP;negative=OVERLAP
Breaks/UK Garage	Darksynth/BASE	NO	NOT_APPLICABLE	OVERLAP	OVERLAP	OVERLAP	DISJOINT	OVERLAP	OVERLAP	OVERLAP	PARTIALLY DISTINCT	rhythm=OVERLAP;bass=OVERLAP;harmony=OVERLAP;phrase=DISJOINT;role=OVERLAP;transformation=OVERLAP;negative=OVERLAP
Breaks/UK Garage	Drum&Bass/BASE	NO	NOT_APPLICABLE	DISJOINT	OVERLAP	OVERLAP	OVERLAP	OVERLAP	OVERLAP	OVERLAP	PARTIALLY DISTINCT	rhythm=DISJOINT;bass=OVERLAP;harmony=OVERLAP;phrase=OVERLAP;role=OVERLAP;transformation=OVERLAP;negative=OVERLAP
Breaks/UK Garage	Dub/Reggae/BASE	NO	NOT_APPLICABLE	OVERLAP	OVERLAP	DISJOINT	DISJOINT	DISJOINT	OVERLAP	OVERLAP	STRUCTURALLY DISTINCT	rhythm=OVERLAP;bass=OVERLAP;harmony=DISJOINT;phrase=DISJOINT;role=DISJOINT;transformation=OVERLAP;negative=OVERLAP
Breaks/UK Garage	Dub/Reggae/Deep Chord	NO	NO	DISJOINT	OVERLAP	DISJOINT	DISJOINT	DISJOINT	OVERLAP	OVERLAP	STRUCTURALLY DISTINCT	rhythm=DISJOINT;bass=OVERLAP;harmony=DISJOINT;phrase=DISJOINT;role=DISJOINT;transformation=OVERLAP;negative=OVERLAP
Breaks/UK Garage	Dub/Reggae/Dub Techno	NO	NO	OVERLAP	OVERLAP	DISJOINT	DISJOINT	DISJOINT	OVERLAP	OVERLAP	STRUCTURALLY DISTINCT	rhythm=OVERLAP;bass=OVERLAP;harmony=DISJOINT;phrase=DISJOINT;role=DISJOINT;transformation=OVERLAP;negative=OVERLAP
Breaks/UK Garage	Dub/Reggae/Minimal Space	NO	NO	DISJOINT	OVERLAP	DISJOINT	DISJOINT	DISJOINT	OVERLAP	OVERLAP	STRUCTURALLY DISTINCT	rhythm=DISJOINT;bass=OVERLAP;harmony=DISJOINT;phrase=DISJOINT;role=DISJOINT;transformation=OVERLAP;negative=OVERLAP
Breaks/UK Garage	Electro/BASE	NO	NOT_APPLICABLE	OVERLAP	OVERLAP	OVERLAP	DISJOINT	OVERLAP	OVERLAP	OVERLAP	PARTIALLY DISTINCT	rhythm=OVERLAP;bass=OVERLAP;harmony=OVERLAP;phrase=DISJOINT;role=OVERLAP;transformation=OVERLAP;negative=OVERLAP
Breaks/UK Garage	Funk/Soul/BASE	NO	NOT_APPLICABLE	DISJOINT	OVERLAP	DISJOINT	OVERLAP	DISJOINT	OVERLAP	OVERLAP	STRUCTURALLY DISTINCT	rhythm=DISJOINT;bass=OVERLAP;harmony=DISJOINT;phrase=OVERLAP;role=DISJOINT;transformation=OVERLAP;negative=OVERLAP
Breaks/UK Garage	Hip-Hop/BASE	NO	NOT_APPLICABLE	DISJOINT	OVERLAP	DISJOINT	DISJOINT	DISJOINT	OVERLAP	OVERLAP	STRUCTURALLY DISTINCT	rhythm=DISJOINT;bass=OVERLAP;harmony=DISJOINT;phrase=DISJOINT;role=DISJOINT;transformation=OVERLAP;negative=OVERLAP
Breaks/UK Garage	Hip-Hop/Dusty Jazz	NO	NO	DISJOINT	OVERLAP	DISJOINT	DISJOINT	DISJOINT	OVERLAP	OVERLAP	STRUCTURALLY DISTINCT	rhythm=DISJOINT;bass=OVERLAP;harmony=DISJOINT;phrase=DISJOINT;role=DISJOINT;transformation=OVERLAP;negative=OVERLAP
Breaks/UK Garage	Hip-Hop/Golden Era	NO	NO	DISJOINT	OVERLAP	DISJOINT	DISJOINT	DISJOINT	OVERLAP	OVERLAP	STRUCTURALLY DISTINCT	rhythm=DISJOINT;bass=OVERLAP;harmony=DISJOINT;phrase=DISJOINT;role=DISJOINT;transformation=OVERLAP;negative=OVERLAP
Breaks/UK Garage	House/BASE	NO	NOT_APPLICABLE	OVERLAP	DISJOINT	OVERLAP	OVERLAP	OVERLAP	OVERLAP	OVERLAP	PARTIALLY DISTINCT	rhythm=OVERLAP;bass=DISJOINT;harmony=OVERLAP;phrase=OVERLAP;role=OVERLAP;transformation=OVERLAP;negative=OVERLAP
Breaks/UK Garage	Lo-Fi/BASE	NO	NOT_APPLICABLE	DISJOINT	OVERLAP	DISJOINT	DISJOINT	DISJOINT	OVERLAP	OVERLAP	STRUCTURALLY DISTINCT	rhythm=DISJOINT;bass=OVERLAP;harmony=DISJOINT;phrase=DISJOINT;role=DISJOINT;transformation=OVERLAP;negative=OVERLAP
Breaks/UK Garage	Lo-Fi/Classic Chill	NO	NO	DISJOINT	OVERLAP	DISJOINT	DISJOINT	DISJOINT	OVERLAP	OVERLAP	STRUCTURALLY DISTINCT	rhythm=DISJOINT;bass=OVERLAP;harmony=DISJOINT;phrase=DISJOINT;role=DISJOINT;transformation=OVERLAP;negative=OVERLAP
Breaks/UK Garage	Lo-Fi/Drunken Groove	NO	NO	DISJOINT	OVERLAP	DISJOINT	DISJOINT	DISJOINT	OVERLAP	OVERLAP	STRUCTURALLY DISTINCT	rhythm=DISJOINT;bass=OVERLAP;harmony=DISJOINT;phrase=DISJOINT;role=DISJOINT;transformation=OVERLAP;negative=OVERLAP
Breaks/UK Garage	Lo-Fi/Lo-Fi House	NO	NO	OVERLAP	OVERLAP	DISJOINT	OVERLAP	DISJOINT	OVERLAP	OVERLAP	STRUCTURALLY DISTINCT	rhythm=OVERLAP;bass=OVERLAP;harmony=DISJOINT;phrase=OVERLAP;role=DISJOINT;transformation=OVERLAP;negative=OVERLAP
Breaks/UK Garage	Lo-Fi/Minimal Sleep	NO	NO	DISJOINT	OVERLAP	DISJOINT	DISJOINT	DISJOINT	OVERLAP	OVERLAP	STRUCTURALLY DISTINCT	rhythm=DISJOINT;bass=OVERLAP;harmony=DISJOINT;phrase=DISJOINT;role=DISJOINT;transformation=OVERLAP;negative=OVERLAP
Breaks/UK Garage	Rave/BASE	NO	NOT_APPLICABLE	OVERLAP	DISJOINT	OVERLAP	DISJOINT	OVERLAP	OVERLAP	OVERLAP	STRUCTURALLY DISTINCT	rhythm=OVERLAP;bass=DISJOINT;harmony=OVERLAP;phrase=DISJOINT;role=OVERLAP;transformation=OVERLAP;negative=OVERLAP
Breaks/UK Garage	Rave/Psytrance	NO	NO	OVERLAP	DISJOINT	OVERLAP	DISJOINT	OVERLAP	OVERLAP	OVERLAP	STRUCTURALLY DISTINCT	rhythm=OVERLAP;bass=DISJOINT;harmony=OVERLAP;phrase=DISJOINT;role=OVERLAP;transformation=OVERLAP;negative=OVERLAP
Breaks/UK Garage	Synthwave/BASE	NO	NOT_APPLICABLE	DISJOINT	DISJOINT	OVERLAP	OVERLAP	OVERLAP	OVERLAP	OVERLAP	STRUCTURALLY DISTINCT	rhythm=DISJOINT;bass=DISJOINT;harmony=OVERLAP;phrase=OVERLAP;role=OVERLAP;transformation=OVERLAP;negative=OVERLAP
Breaks/UK Garage	Techno/BASE	NO	NOT_APPLICABLE	OVERLAP	DISJOINT	OVERLAP	DISJOINT	OVERLAP	OVERLAP	OVERLAP	STRUCTURALLY DISTINCT	rhythm=OVERLAP;bass=DISJOINT;harmony=OVERLAP;phrase=DISJOINT;role=OVERLAP;transformation=OVERLAP;negative=OVERLAP
Breaks/UK Garage	Trip-Hop/BASE	NO	NOT_APPLICABLE	DISJOINT	OVERLAP	DISJOINT	DISJOINT	DISJOINT	OVERLAP	OVERLAP	STRUCTURALLY DISTINCT	rhythm=DISJOINT;bass=OVERLAP;harmony=DISJOINT;phrase=DISJOINT;role=DISJOINT;transformation=OVERLAP;negative=OVERLAP
Breaks/UK Garage	UK Garage/BASE	NO	NOT_APPLICABLE	OVERLAP	OVERLAP	OVERLAP	DISJOINT	OVERLAP	OVERLAP	OVERLAP	PARTIALLY DISTINCT	rhythm=OVERLAP;bass=OVERLAP;harmony=OVERLAP;phrase=DISJOINT;role=OVERLAP;transformation=OVERLAP;negative=OVERLAP
Chip/BASE	Darksynth/BASE	NO	NOT_APPLICABLE	OVERLAP	OVERLAP	OVERLAP	DISJOINT	OVERLAP	OVERLAP	OVERLAP	PARTIALLY DISTINCT	rhythm=OVERLAP;bass=OVERLAP;harmony=OVERLAP;phrase=DISJOINT;role=OVERLAP;transformation=OVERLAP;negative=OVERLAP
Chip/BASE	Drum&Bass/BASE	NO	NOT_APPLICABLE	DISJOINT	OVERLAP	OVERLAP	OVERLAP	OVERLAP	OVERLAP	OVERLAP	PARTIALLY DISTINCT	rhythm=DISJOINT;bass=OVERLAP;harmony=OVERLAP;phrase=OVERLAP;role=OVERLAP;transformation=OVERLAP;negative=OVERLAP
Chip/BASE	Dub/Reggae/BASE	NO	NOT_APPLICABLE	DISJOINT	DISJOINT	DISJOINT	DISJOINT	DISJOINT	OVERLAP	OVERLAP	STRUCTURALLY DISTINCT	rhythm=DISJOINT;bass=DISJOINT;harmony=DISJOINT;phrase=DISJOINT;role=DISJOINT;transformation=OVERLAP;negative=OVERLAP
Chip/BASE	Dub/Reggae/Deep Chord	NO	NOT_APPLICABLE	DISJOINT	DISJOINT	DISJOINT	DISJOINT	DISJOINT	OVERLAP	OVERLAP	STRUCTURALLY DISTINCT	rhythm=DISJOINT;bass=DISJOINT;harmony=DISJOINT;phrase=DISJOINT;role=DISJOINT;transformation=OVERLAP;negative=OVERLAP
Chip/BASE	Dub/Reggae/Dub Techno	NO	NOT_APPLICABLE	DISJOINT	DISJOINT	DISJOINT	DISJOINT	DISJOINT	OVERLAP	OVERLAP	STRUCTURALLY DISTINCT	rhythm=DISJOINT;bass=DISJOINT;harmony=DISJOINT;phrase=DISJOINT;role=DISJOINT;transformation=OVERLAP;negative=OVERLAP
Chip/BASE	Dub/Reggae/Minimal Space	NO	NOT_APPLICABLE	DISJOINT	DISJOINT	DISJOINT	DISJOINT	DISJOINT	OVERLAP	OVERLAP	STRUCTURALLY DISTINCT	rhythm=DISJOINT;bass=DISJOINT;harmony=DISJOINT;phrase=DISJOINT;role=DISJOINT;transformation=OVERLAP;negative=OVERLAP
Chip/BASE	Electro/BASE	NO	NOT_APPLICABLE	OVERLAP	OVERLAP	OVERLAP	DISJOINT	OVERLAP	OVERLAP	OVERLAP	PARTIALLY DISTINCT	rhythm=OVERLAP;bass=OVERLAP;harmony=OVERLAP;phrase=DISJOINT;role=OVERLAP;transformation=OVERLAP;negative=OVERLAP
Chip/BASE	Funk/Soul/BASE	NO	NOT_APPLICABLE	DISJOINT	DISJOINT	DISJOINT	OVERLAP	DISJOINT	OVERLAP	OVERLAP	STRUCTURALLY DISTINCT	rhythm=DISJOINT;bass=DISJOINT;harmony=DISJOINT;phrase=OVERLAP;role=DISJOINT;transformation=OVERLAP;negative=OVERLAP
Chip/BASE	Hip-Hop/BASE	NO	NOT_APPLICABLE	OVERLAP	DISJOINT	DISJOINT	OVERLAP	DISJOINT	OVERLAP	OVERLAP	STRUCTURALLY DISTINCT	rhythm=OVERLAP;bass=DISJOINT;harmony=DISJOINT;phrase=OVERLAP;role=DISJOINT;transformation=OVERLAP;negative=OVERLAP
Chip/BASE	Hip-Hop/Dusty Jazz	NO	NOT_APPLICABLE	DISJOINT	DISJOINT	DISJOINT	DISJOINT	DISJOINT	OVERLAP	OVERLAP	STRUCTURALLY DISTINCT	rhythm=DISJOINT;bass=DISJOINT;harmony=DISJOINT;phrase=DISJOINT;role=DISJOINT;transformation=OVERLAP;negative=OVERLAP
Chip/BASE	Hip-Hop/Golden Era	NO	NOT_APPLICABLE	OVERLAP	DISJOINT	DISJOINT	OVERLAP	DISJOINT	OVERLAP	OVERLAP	STRUCTURALLY DISTINCT	rhythm=OVERLAP;bass=DISJOINT;harmony=DISJOINT;phrase=OVERLAP;role=DISJOINT;transformation=OVERLAP;negative=OVERLAP
Chip/BASE	House/BASE	NO	NOT_APPLICABLE	OVERLAP	DISJOINT	OVERLAP	OVERLAP	OVERLAP	OVERLAP	OVERLAP	PARTIALLY DISTINCT	rhythm=OVERLAP;bass=DISJOINT;harmony=OVERLAP;phrase=OVERLAP;role=OVERLAP;transformation=OVERLAP;negative=OVERLAP
Chip/BASE	Lo-Fi/BASE	NO	NOT_APPLICABLE	OVERLAP	DISJOINT	DISJOINT	DISJOINT	DISJOINT	OVERLAP	OVERLAP	STRUCTURALLY DISTINCT	rhythm=OVERLAP;bass=DISJOINT;harmony=DISJOINT;phrase=DISJOINT;role=DISJOINT;transformation=OVERLAP;negative=OVERLAP
Chip/BASE	Lo-Fi/Classic Chill	NO	NOT_APPLICABLE	DISJOINT	DISJOINT	DISJOINT	DISJOINT	DISJOINT	OVERLAP	OVERLAP	STRUCTURALLY DISTINCT	rhythm=DISJOINT;bass=DISJOINT;harmony=DISJOINT;phrase=DISJOINT;role=DISJOINT;transformation=OVERLAP;negative=OVERLAP
Chip/BASE	Lo-Fi/Drunken Groove	NO	NOT_APPLICABLE	DISJOINT	DISJOINT	DISJOINT	OVERLAP	DISJOINT	OVERLAP	OVERLAP	STRUCTURALLY DISTINCT	rhythm=DISJOINT;bass=DISJOINT;harmony=DISJOINT;phrase=OVERLAP;role=DISJOINT;transformation=OVERLAP;negative=OVERLAP
Chip/BASE	Lo-Fi/Lo-Fi House	NO	NOT_APPLICABLE	OVERLAP	OVERLAP	DISJOINT	OVERLAP	DISJOINT	OVERLAP	OVERLAP	STRUCTURALLY DISTINCT	rhythm=OVERLAP;bass=OVERLAP;harmony=DISJOINT;phrase=OVERLAP;role=DISJOINT;transformation=OVERLAP;negative=OVERLAP
Chip/BASE	Lo-Fi/Minimal Sleep	NO	NOT_APPLICABLE	OVERLAP	DISJOINT	DISJOINT	DISJOINT	DISJOINT	OVERLAP	OVERLAP	STRUCTURALLY DISTINCT	rhythm=OVERLAP;bass=DISJOINT;harmony=DISJOINT;phrase=DISJOINT;role=DISJOINT;transformation=OVERLAP;negative=OVERLAP
Chip/BASE	Rave/BASE	NO	NOT_APPLICABLE	OVERLAP	DISJOINT	OVERLAP	OVERLAP	OVERLAP	OVERLAP	OVERLAP	PARTIALLY DISTINCT	rhythm=OVERLAP;bass=DISJOINT;harmony=OVERLAP;phrase=OVERLAP;role=OVERLAP;transformation=OVERLAP;negative=OVERLAP
Chip/BASE	Rave/Psytrance	NO	NOT_APPLICABLE	OVERLAP	DISJOINT	OVERLAP	OVERLAP	OVERLAP	DISJOINT	OVERLAP	STRUCTURALLY DISTINCT	rhythm=OVERLAP;bass=DISJOINT;harmony=OVERLAP;phrase=OVERLAP;role=OVERLAP;transformation=DISJOINT;negative=OVERLAP
Chip/BASE	Synthwave/BASE	NO	NOT_APPLICABLE	OVERLAP	OVERLAP	OVERLAP	OVERLAP	OVERLAP	OVERLAP	OVERLAP	PARTIALLY DISTINCT	rhythm=OVERLAP;bass=OVERLAP;harmony=OVERLAP;phrase=OVERLAP;role=OVERLAP;transformation=OVERLAP;negative=OVERLAP
Chip/BASE	Techno/BASE	NO	NOT_APPLICABLE	OVERLAP	DISJOINT	OVERLAP	OVERLAP	OVERLAP	OVERLAP	OVERLAP	PARTIALLY DISTINCT	rhythm=OVERLAP;bass=DISJOINT;harmony=OVERLAP;phrase=OVERLAP;role=OVERLAP;transformation=OVERLAP;negative=OVERLAP
Chip/BASE	Trip-Hop/BASE	NO	NOT_APPLICABLE	DISJOINT	DISJOINT	DISJOINT	DISJOINT	DISJOINT	OVERLAP	OVERLAP	STRUCTURALLY DISTINCT	rhythm=DISJOINT;bass=DISJOINT;harmony=DISJOINT;phrase=DISJOINT;role=DISJOINT;transformation=OVERLAP;negative=OVERLAP
Chip/BASE	UK Garage/BASE	NO	NOT_APPLICABLE	OVERLAP	DISJOINT	OVERLAP	OVERLAP	OVERLAP	OVERLAP	OVERLAP	PARTIALLY DISTINCT	rhythm=OVERLAP;bass=DISJOINT;harmony=OVERLAP;phrase=OVERLAP;role=OVERLAP;transformation=OVERLAP;negative=OVERLAP
Darksynth/BASE	Drum&Bass/BASE	NO	NOT_APPLICABLE	DISJOINT	OVERLAP	OVERLAP	OVERLAP	OVERLAP	OVERLAP	OVERLAP	PARTIALLY DISTINCT	rhythm=DISJOINT;bass=OVERLAP;harmony=OVERLAP;phrase=OVERLAP;role=OVERLAP;transformation=OVERLAP;negative=OVERLAP
Darksynth/BASE	Dub/Reggae/BASE	NO	NOT_APPLICABLE	OVERLAP	DISJOINT	DISJOINT	DISJOINT	DISJOINT	OVERLAP	OVERLAP	STRUCTURALLY DISTINCT	rhythm=OVERLAP;bass=DISJOINT;harmony=DISJOINT;phrase=DISJOINT;role=DISJOINT;transformation=OVERLAP;negative=OVERLAP
Darksynth/BASE	Dub/Reggae/Deep Chord	NO	NOT_APPLICABLE	DISJOINT	DISJOINT	DISJOINT	DISJOINT	DISJOINT	OVERLAP	OVERLAP	STRUCTURALLY DISTINCT	rhythm=DISJOINT;bass=DISJOINT;harmony=DISJOINT;phrase=DISJOINT;role=DISJOINT;transformation=OVERLAP;negative=OVERLAP
Darksynth/BASE	Dub/Reggae/Dub Techno	NO	NOT_APPLICABLE	OVERLAP	DISJOINT	DISJOINT	DISJOINT	DISJOINT	OVERLAP	OVERLAP	STRUCTURALLY DISTINCT	rhythm=OVERLAP;bass=DISJOINT;harmony=DISJOINT;phrase=DISJOINT;role=DISJOINT;transformation=OVERLAP;negative=OVERLAP
Darksynth/BASE	Dub/Reggae/Minimal Space	NO	NOT_APPLICABLE	DISJOINT	DISJOINT	DISJOINT	DISJOINT	DISJOINT	OVERLAP	OVERLAP	STRUCTURALLY DISTINCT	rhythm=DISJOINT;bass=DISJOINT;harmony=DISJOINT;phrase=DISJOINT;role=DISJOINT;transformation=OVERLAP;negative=OVERLAP
Darksynth/BASE	Electro/BASE	NO	NOT_APPLICABLE	OVERLAP	OVERLAP	OVERLAP	DISJOINT	OVERLAP	OVERLAP	OVERLAP	PARTIALLY DISTINCT	rhythm=OVERLAP;bass=OVERLAP;harmony=OVERLAP;phrase=DISJOINT;role=OVERLAP;transformation=OVERLAP;negative=OVERLAP
Darksynth/BASE	Funk/Soul/BASE	NO	NOT_APPLICABLE	DISJOINT	OVERLAP	DISJOINT	DISJOINT	DISJOINT	OVERLAP	OVERLAP	STRUCTURALLY DISTINCT	rhythm=DISJOINT;bass=OVERLAP;harmony=DISJOINT;phrase=DISJOINT;role=DISJOINT;transformation=OVERLAP;negative=OVERLAP
Darksynth/BASE	Hip-Hop/BASE	NO	NOT_APPLICABLE	DISJOINT	DISJOINT	DISJOINT	DISJOINT	DISJOINT	OVERLAP	OVERLAP	STRUCTURALLY DISTINCT	rhythm=DISJOINT;bass=DISJOINT;harmony=DISJOINT;phrase=DISJOINT;role=DISJOINT;transformation=OVERLAP;negative=OVERLAP
Darksynth/BASE	Hip-Hop/Dusty Jazz	NO	NOT_APPLICABLE	DISJOINT	DISJOINT	DISJOINT	DISJOINT	DISJOINT	OVERLAP	OVERLAP	STRUCTURALLY DISTINCT	rhythm=DISJOINT;bass=DISJOINT;harmony=DISJOINT;phrase=DISJOINT;role=DISJOINT;transformation=OVERLAP;negative=OVERLAP
Darksynth/BASE	Hip-Hop/Golden Era	NO	NOT_APPLICABLE	DISJOINT	DISJOINT	DISJOINT	DISJOINT	DISJOINT	OVERLAP	OVERLAP	STRUCTURALLY DISTINCT	rhythm=DISJOINT;bass=DISJOINT;harmony=DISJOINT;phrase=DISJOINT;role=DISJOINT;transformation=OVERLAP;negative=OVERLAP
Darksynth/BASE	House/BASE	NO	NOT_APPLICABLE	OVERLAP	DISJOINT	OVERLAP	OVERLAP	OVERLAP	OVERLAP	OVERLAP	PARTIALLY DISTINCT	rhythm=OVERLAP;bass=DISJOINT;harmony=OVERLAP;phrase=OVERLAP;role=OVERLAP;transformation=OVERLAP;negative=OVERLAP
Darksynth/BASE	Lo-Fi/BASE	NO	NOT_APPLICABLE	OVERLAP	DISJOINT	DISJOINT	DISJOINT	DISJOINT	OVERLAP	OVERLAP	STRUCTURALLY DISTINCT	rhythm=OVERLAP;bass=DISJOINT;harmony=DISJOINT;phrase=DISJOINT;role=DISJOINT;transformation=OVERLAP;negative=OVERLAP
Darksynth/BASE	Lo-Fi/Classic Chill	NO	NOT_APPLICABLE	DISJOINT	DISJOINT	DISJOINT	DISJOINT	DISJOINT	OVERLAP	OVERLAP	STRUCTURALLY DISTINCT	rhythm=DISJOINT;bass=DISJOINT;harmony=DISJOINT;phrase=DISJOINT;role=DISJOINT;transformation=OVERLAP;negative=OVERLAP
Darksynth/BASE	Lo-Fi/Drunken Groove	NO	NOT_APPLICABLE	DISJOINT	DISJOINT	DISJOINT	DISJOINT	DISJOINT	OVERLAP	OVERLAP	STRUCTURALLY DISTINCT	rhythm=DISJOINT;bass=DISJOINT;harmony=DISJOINT;phrase=DISJOINT;role=DISJOINT;transformation=OVERLAP;negative=OVERLAP
Darksynth/BASE	Lo-Fi/Lo-Fi House	NO	NOT_APPLICABLE	OVERLAP	OVERLAP	DISJOINT	DISJOINT	DISJOINT	OVERLAP	OVERLAP	STRUCTURALLY DISTINCT	rhythm=OVERLAP;bass=OVERLAP;harmony=DISJOINT;phrase=DISJOINT;role=DISJOINT;transformation=OVERLAP;negative=OVERLAP
Darksynth/BASE	Lo-Fi/Minimal Sleep	NO	NOT_APPLICABLE	OVERLAP	DISJOINT	DISJOINT	DISJOINT	DISJOINT	OVERLAP	OVERLAP	STRUCTURALLY DISTINCT	rhythm=OVERLAP;bass=DISJOINT;harmony=DISJOINT;phrase=DISJOINT;role=DISJOINT;transformation=OVERLAP;negative=OVERLAP
Darksynth/BASE	Rave/BASE	NO	NOT_APPLICABLE	OVERLAP	DISJOINT	OVERLAP	DISJOINT	OVERLAP	OVERLAP	OVERLAP	STRUCTURALLY DISTINCT	rhythm=OVERLAP;bass=DISJOINT;harmony=OVERLAP;phrase=DISJOINT;role=OVERLAP;transformation=OVERLAP;negative=OVERLAP
Darksynth/BASE	Rave/Psytrance	NO	NOT_APPLICABLE	OVERLAP	DISJOINT	OVERLAP	DISJOINT	OVERLAP	OVERLAP	OVERLAP	STRUCTURALLY DISTINCT	rhythm=OVERLAP;bass=DISJOINT;harmony=OVERLAP;phrase=DISJOINT;role=OVERLAP;transformation=OVERLAP;negative=OVERLAP
Darksynth/BASE	Synthwave/BASE	NO	NOT_APPLICABLE	OVERLAP	OVERLAP	OVERLAP	DISJOINT	OVERLAP	OVERLAP	OVERLAP	PARTIALLY DISTINCT	rhythm=OVERLAP;bass=OVERLAP;harmony=OVERLAP;phrase=DISJOINT;role=OVERLAP;transformation=OVERLAP;negative=OVERLAP
Darksynth/BASE	Techno/BASE	NO	NOT_APPLICABLE	OVERLAP	DISJOINT	OVERLAP	DISJOINT	OVERLAP	OVERLAP	OVERLAP	STRUCTURALLY DISTINCT	rhythm=OVERLAP;bass=DISJOINT;harmony=OVERLAP;phrase=DISJOINT;role=OVERLAP;transformation=OVERLAP;negative=OVERLAP
Darksynth/BASE	Trip-Hop/BASE	NO	NOT_APPLICABLE	DISJOINT	DISJOINT	DISJOINT	DISJOINT	DISJOINT	OVERLAP	OVERLAP	STRUCTURALLY DISTINCT	rhythm=DISJOINT;bass=DISJOINT;harmony=DISJOINT;phrase=DISJOINT;role=DISJOINT;transformation=OVERLAP;negative=OVERLAP
Darksynth/BASE	UK Garage/BASE	NO	NOT_APPLICABLE	OVERLAP	OVERLAP	OVERLAP	DISJOINT	OVERLAP	OVERLAP	OVERLAP	PARTIALLY DISTINCT	rhythm=OVERLAP;bass=OVERLAP;harmony=OVERLAP;phrase=DISJOINT;role=OVERLAP;transformation=OVERLAP;negative=OVERLAP
Drum&Bass/BASE	Dub/Reggae/BASE	NO	NOT_APPLICABLE	DISJOINT	DISJOINT	DISJOINT	DISJOINT	DISJOINT	OVERLAP	OVERLAP	STRUCTURALLY DISTINCT	rhythm=DISJOINT;bass=DISJOINT;harmony=DISJOINT;phrase=DISJOINT;role=DISJOINT;transformation=OVERLAP;negative=OVERLAP
Drum&Bass/BASE	Dub/Reggae/Deep Chord	NO	NOT_APPLICABLE	DISJOINT	DISJOINT	DISJOINT	DISJOINT	DISJOINT	OVERLAP	OVERLAP	STRUCTURALLY DISTINCT	rhythm=DISJOINT;bass=DISJOINT;harmony=DISJOINT;phrase=DISJOINT;role=DISJOINT;transformation=OVERLAP;negative=OVERLAP
Drum&Bass/BASE	Dub/Reggae/Dub Techno	NO	NOT_APPLICABLE	DISJOINT	DISJOINT	DISJOINT	DISJOINT	DISJOINT	OVERLAP	OVERLAP	STRUCTURALLY DISTINCT	rhythm=DISJOINT;bass=DISJOINT;harmony=DISJOINT;phrase=DISJOINT;role=DISJOINT;transformation=OVERLAP;negative=OVERLAP
Drum&Bass/BASE	Dub/Reggae/Minimal Space	NO	NOT_APPLICABLE	DISJOINT	DISJOINT	DISJOINT	DISJOINT	DISJOINT	OVERLAP	OVERLAP	STRUCTURALLY DISTINCT	rhythm=DISJOINT;bass=DISJOINT;harmony=DISJOINT;phrase=DISJOINT;role=DISJOINT;transformation=OVERLAP;negative=OVERLAP
Drum&Bass/BASE	Electro/BASE	NO	NOT_APPLICABLE	DISJOINT	OVERLAP	OVERLAP	OVERLAP	OVERLAP	OVERLAP	OVERLAP	PARTIALLY DISTINCT	rhythm=DISJOINT;bass=OVERLAP;harmony=OVERLAP;phrase=OVERLAP;role=OVERLAP;transformation=OVERLAP;negative=OVERLAP
Drum&Bass/BASE	Funk/Soul/BASE	NO	NOT_APPLICABLE	OVERLAP	OVERLAP	DISJOINT	OVERLAP	DISJOINT	OVERLAP	OVERLAP	STRUCTURALLY DISTINCT	rhythm=OVERLAP;bass=OVERLAP;harmony=DISJOINT;phrase=OVERLAP;role=DISJOINT;transformation=OVERLAP;negative=OVERLAP
Drum&Bass/BASE	Hip-Hop/BASE	NO	NOT_APPLICABLE	OVERLAP	OVERLAP	DISJOINT	OVERLAP	DISJOINT	OVERLAP	OVERLAP	STRUCTURALLY DISTINCT	rhythm=OVERLAP;bass=OVERLAP;harmony=DISJOINT;phrase=OVERLAP;role=DISJOINT;transformation=OVERLAP;negative=OVERLAP
Drum&Bass/BASE	Hip-Hop/Dusty Jazz	NO	NOT_APPLICABLE	OVERLAP	OVERLAP	DISJOINT	DISJOINT	DISJOINT	OVERLAP	OVERLAP	STRUCTURALLY DISTINCT	rhythm=OVERLAP;bass=OVERLAP;harmony=DISJOINT;phrase=DISJOINT;role=DISJOINT;transformation=OVERLAP;negative=OVERLAP
Drum&Bass/BASE	Hip-Hop/Golden Era	NO	NOT_APPLICABLE	OVERLAP	DISJOINT	DISJOINT	OVERLAP	DISJOINT	OVERLAP	OVERLAP	STRUCTURALLY DISTINCT	rhythm=OVERLAP;bass=DISJOINT;harmony=DISJOINT;phrase=OVERLAP;role=DISJOINT;transformation=OVERLAP;negative=OVERLAP
Drum&Bass/BASE	House/BASE	NO	NOT_APPLICABLE	DISJOINT	DISJOINT	OVERLAP	OVERLAP	OVERLAP	OVERLAP	OVERLAP	STRUCTURALLY DISTINCT	rhythm=DISJOINT;bass=DISJOINT;harmony=OVERLAP;phrase=OVERLAP;role=OVERLAP;transformation=OVERLAP;negative=OVERLAP
Drum&Bass/BASE	Lo-Fi/BASE	NO	NOT_APPLICABLE	OVERLAP	DISJOINT	DISJOINT	DISJOINT	DISJOINT	OVERLAP	OVERLAP	STRUCTURALLY DISTINCT	rhythm=OVERLAP;bass=DISJOINT;harmony=DISJOINT;phrase=DISJOINT;role=DISJOINT;transformation=OVERLAP;negative=OVERLAP
Drum&Bass/BASE	Lo-Fi/Classic Chill	NO	NOT_APPLICABLE	OVERLAP	DISJOINT	DISJOINT	DISJOINT	DISJOINT	OVERLAP	OVERLAP	STRUCTURALLY DISTINCT	rhythm=OVERLAP;bass=DISJOINT;harmony=DISJOINT;phrase=DISJOINT;role=DISJOINT;transformation=OVERLAP;negative=OVERLAP
Drum&Bass/BASE	Lo-Fi/Drunken Groove	NO	NOT_APPLICABLE	OVERLAP	OVERLAP	DISJOINT	OVERLAP	DISJOINT	OVERLAP	OVERLAP	STRUCTURALLY DISTINCT	rhythm=OVERLAP;bass=OVERLAP;harmony=DISJOINT;phrase=OVERLAP;role=DISJOINT;transformation=OVERLAP;negative=OVERLAP
Drum&Bass/BASE	Lo-Fi/Lo-Fi House	NO	NOT_APPLICABLE	DISJOINT	OVERLAP	DISJOINT	OVERLAP	DISJOINT	OVERLAP	OVERLAP	STRUCTURALLY DISTINCT	rhythm=DISJOINT;bass=OVERLAP;harmony=DISJOINT;phrase=OVERLAP;role=DISJOINT;transformation=OVERLAP;negative=OVERLAP
Drum&Bass/BASE	Lo-Fi/Minimal Sleep	NO	NOT_APPLICABLE	OVERLAP	DISJOINT	DISJOINT	DISJOINT	DISJOINT	DISJOINT	OVERLAP	STRUCTURALLY DISTINCT	rhythm=OVERLAP;bass=DISJOINT;harmony=DISJOINT;phrase=DISJOINT;role=DISJOINT;transformation=DISJOINT;negative=OVERLAP
Drum&Bass/BASE	Rave/BASE	NO	NOT_APPLICABLE	DISJOINT	DISJOINT	OVERLAP	OVERLAP	OVERLAP	OVERLAP	OVERLAP	STRUCTURALLY DISTINCT	rhythm=DISJOINT;bass=DISJOINT;harmony=OVERLAP;phrase=OVERLAP;role=OVERLAP;transformation=OVERLAP;negative=OVERLAP
Drum&Bass/BASE	Rave/Psytrance	NO	NOT_APPLICABLE	DISJOINT	DISJOINT	OVERLAP	OVERLAP	OVERLAP	OVERLAP	OVERLAP	STRUCTURALLY DISTINCT	rhythm=DISJOINT;bass=DISJOINT;harmony=OVERLAP;phrase=OVERLAP;role=OVERLAP;transformation=OVERLAP;negative=OVERLAP
Drum&Bass/BASE	Synthwave/BASE	NO	NOT_APPLICABLE	DISJOINT	DISJOINT	OVERLAP	OVERLAP	OVERLAP	OVERLAP	OVERLAP	STRUCTURALLY DISTINCT	rhythm=DISJOINT;bass=DISJOINT;harmony=OVERLAP;phrase=OVERLAP;role=OVERLAP;transformation=OVERLAP;negative=OVERLAP
Drum&Bass/BASE	Techno/BASE	NO	NOT_APPLICABLE	DISJOINT	DISJOINT	OVERLAP	OVERLAP	OVERLAP	DISJOINT	OVERLAP	STRUCTURALLY DISTINCT	rhythm=DISJOINT;bass=DISJOINT;harmony=OVERLAP;phrase=OVERLAP;role=OVERLAP;transformation=DISJOINT;negative=OVERLAP
Drum&Bass/BASE	Trip-Hop/BASE	NO	NOT_APPLICABLE	OVERLAP	DISJOINT	DISJOINT	DISJOINT	DISJOINT	OVERLAP	OVERLAP	STRUCTURALLY DISTINCT	rhythm=OVERLAP;bass=DISJOINT;harmony=DISJOINT;phrase=DISJOINT;role=DISJOINT;transformation=OVERLAP;negative=OVERLAP
Drum&Bass/BASE	UK Garage/BASE	NO	NOT_APPLICABLE	DISJOINT	OVERLAP	OVERLAP	OVERLAP	OVERLAP	OVERLAP	OVERLAP	PARTIALLY DISTINCT	rhythm=DISJOINT;bass=OVERLAP;harmony=OVERLAP;phrase=OVERLAP;role=OVERLAP;transformation=OVERLAP;negative=OVERLAP
Dub/Reggae/BASE	Dub/Reggae/Deep Chord	YES	NOT_APPLICABLE	OVERLAP	OVERLAP	OVERLAP	OVERLAP	OVERLAP	OVERLAP	OVERLAP	PARTIALLY DISTINCT	rhythm=OVERLAP;bass=OVERLAP;harmony=OVERLAP;phrase=OVERLAP;role=OVERLAP;transformation=OVERLAP;negative=OVERLAP
Dub/Reggae/BASE	Dub/Reggae/Dub Techno	YES	NOT_APPLICABLE	OVERLAP	OVERLAP	OVERLAP	OVERLAP	OVERLAP	OVERLAP	OVERLAP	PARTIALLY DISTINCT	rhythm=OVERLAP;bass=OVERLAP;harmony=OVERLAP;phrase=OVERLAP;role=OVERLAP;transformation=OVERLAP;negative=OVERLAP
Dub/Reggae/BASE	Dub/Reggae/Minimal Space	YES	NOT_APPLICABLE	OVERLAP	OVERLAP	OVERLAP	OVERLAP	OVERLAP	OVERLAP	OVERLAP	PARTIALLY DISTINCT	rhythm=OVERLAP;bass=OVERLAP;harmony=OVERLAP;phrase=OVERLAP;role=OVERLAP;transformation=OVERLAP;negative=OVERLAP
Dub/Reggae/BASE	Electro/BASE	NO	NOT_APPLICABLE	DISJOINT	OVERLAP	DISJOINT	DISJOINT	DISJOINT	OVERLAP	OVERLAP	STRUCTURALLY DISTINCT	rhythm=DISJOINT;bass=OVERLAP;harmony=DISJOINT;phrase=DISJOINT;role=DISJOINT;transformation=OVERLAP;negative=OVERLAP
Dub/Reggae/BASE	Funk/Soul/BASE	NO	NOT_APPLICABLE	DISJOINT	OVERLAP	OVERLAP	DISJOINT	DISJOINT	OVERLAP	OVERLAP	STRUCTURALLY DISTINCT	rhythm=DISJOINT;bass=OVERLAP;harmony=OVERLAP;phrase=DISJOINT;role=DISJOINT;transformation=OVERLAP;negative=OVERLAP
Dub/Reggae/BASE	Hip-Hop/BASE	NO	NOT_APPLICABLE	DISJOINT	OVERLAP	OVERLAP	DISJOINT	DISJOINT	OVERLAP	OVERLAP	STRUCTURALLY DISTINCT	rhythm=DISJOINT;bass=OVERLAP;harmony=OVERLAP;phrase=DISJOINT;role=DISJOINT;transformation=OVERLAP;negative=OVERLAP
Dub/Reggae/BASE	Hip-Hop/Dusty Jazz	NO	NOT_APPLICABLE	DISJOINT	OVERLAP	OVERLAP	DISJOINT	DISJOINT	OVERLAP	OVERLAP	STRUCTURALLY DISTINCT	rhythm=DISJOINT;bass=OVERLAP;harmony=OVERLAP;phrase=DISJOINT;role=DISJOINT;transformation=OVERLAP;negative=OVERLAP
Dub/Reggae/BASE	Hip-Hop/Golden Era	NO	NOT_APPLICABLE	DISJOINT	DISJOINT	OVERLAP	DISJOINT	DISJOINT	OVERLAP	OVERLAP	STRUCTURALLY DISTINCT	rhythm=DISJOINT;bass=DISJOINT;harmony=OVERLAP;phrase=DISJOINT;role=DISJOINT;transformation=OVERLAP;negative=OVERLAP
Dub/Reggae/BASE	House/BASE	NO	NOT_APPLICABLE	OVERLAP	OVERLAP	DISJOINT	OVERLAP	DISJOINT	OVERLAP	OVERLAP	STRUCTURALLY DISTINCT	rhythm=OVERLAP;bass=OVERLAP;harmony=DISJOINT;phrase=OVERLAP;role=DISJOINT;transformation=OVERLAP;negative=OVERLAP
Dub/Reggae/BASE	Lo-Fi/BASE	NO	NOT_APPLICABLE	OVERLAP	OVERLAP	OVERLAP	DISJOINT	DISJOINT	OVERLAP	OVERLAP	STRUCTURALLY DISTINCT	rhythm=OVERLAP;bass=OVERLAP;harmony=OVERLAP;phrase=DISJOINT;role=DISJOINT;transformation=OVERLAP;negative=OVERLAP
Dub/Reggae/BASE	Lo-Fi/Classic Chill	NO	NOT_APPLICABLE	DISJOINT	OVERLAP	OVERLAP	DISJOINT	DISJOINT	OVERLAP	OVERLAP	STRUCTURALLY DISTINCT	rhythm=DISJOINT;bass=OVERLAP;harmony=OVERLAP;phrase=DISJOINT;role=DISJOINT;transformation=OVERLAP;negative=OVERLAP
Dub/Reggae/BASE	Lo-Fi/Drunken Groove	NO	NOT_APPLICABLE	DISJOINT	OVERLAP	OVERLAP	OVERLAP	DISJOINT	OVERLAP	OVERLAP	STRUCTURALLY DISTINCT	rhythm=DISJOINT;bass=OVERLAP;harmony=OVERLAP;phrase=OVERLAP;role=DISJOINT;transformation=OVERLAP;negative=OVERLAP
Dub/Reggae/BASE	Lo-Fi/Lo-Fi House	NO	NOT_APPLICABLE	OVERLAP	DISJOINT	OVERLAP	DISJOINT	DISJOINT	OVERLAP	OVERLAP	STRUCTURALLY DISTINCT	rhythm=OVERLAP;bass=DISJOINT;harmony=OVERLAP;phrase=DISJOINT;role=DISJOINT;transformation=OVERLAP;negative=OVERLAP
Dub/Reggae/BASE	Lo-Fi/Minimal Sleep	NO	NOT_APPLICABLE	OVERLAP	OVERLAP	OVERLAP	DISJOINT	DISJOINT	OVERLAP	OVERLAP	STRUCTURALLY DISTINCT	rhythm=OVERLAP;bass=OVERLAP;harmony=OVERLAP;phrase=DISJOINT;role=DISJOINT;transformation=OVERLAP;negative=OVERLAP
Dub/Reggae/BASE	Rave/BASE	NO	NOT_APPLICABLE	OVERLAP	OVERLAP	DISJOINT	OVERLAP	DISJOINT	OVERLAP	OVERLAP	STRUCTURALLY DISTINCT	rhythm=OVERLAP;bass=OVERLAP;harmony=DISJOINT;phrase=OVERLAP;role=DISJOINT;transformation=OVERLAP;negative=OVERLAP
Dub/Reggae/BASE	Rave/Psytrance	NO	NOT_APPLICABLE	OVERLAP	OVERLAP	DISJOINT	OVERLAP	DISJOINT	OVERLAP	OVERLAP	STRUCTURALLY DISTINCT	rhythm=OVERLAP;bass=OVERLAP;harmony=DISJOINT;phrase=OVERLAP;role=DISJOINT;transformation=OVERLAP;negative=OVERLAP
Dub/Reggae/BASE	Synthwave/BASE	NO	NOT_APPLICABLE	OVERLAP	DISJOINT	DISJOINT	OVERLAP	DISJOINT	DISJOINT	OVERLAP	STRUCTURALLY DISTINCT	rhythm=OVERLAP;bass=DISJOINT;harmony=DISJOINT;phrase=OVERLAP;role=DISJOINT;transformation=DISJOINT;negative=OVERLAP
Dub/Reggae/BASE	Techno/BASE	NO	NOT_APPLICABLE	OVERLAP	OVERLAP	DISJOINT	OVERLAP	DISJOINT	OVERLAP	OVERLAP	STRUCTURALLY DISTINCT	rhythm=OVERLAP;bass=OVERLAP;harmony=DISJOINT;phrase=OVERLAP;role=DISJOINT;transformation=OVERLAP;negative=OVERLAP
Dub/Reggae/BASE	Trip-Hop/BASE	NO	NOT_APPLICABLE	DISJOINT	OVERLAP	OVERLAP	OVERLAP	OVERLAP	OVERLAP	OVERLAP	PARTIALLY DISTINCT	rhythm=DISJOINT;bass=OVERLAP;harmony=OVERLAP;phrase=OVERLAP;role=OVERLAP;transformation=OVERLAP;negative=OVERLAP
Dub/Reggae/BASE	UK Garage/BASE	NO	NOT_APPLICABLE	OVERLAP	OVERLAP	DISJOINT	DISJOINT	DISJOINT	OVERLAP	OVERLAP	STRUCTURALLY DISTINCT	rhythm=OVERLAP;bass=OVERLAP;harmony=DISJOINT;phrase=DISJOINT;role=DISJOINT;transformation=OVERLAP;negative=OVERLAP
Dub/Reggae/Deep Chord	Dub/Reggae/Dub Techno	YES	NO	OVERLAP	OVERLAP	OVERLAP	OVERLAP	OVERLAP	OVERLAP	OVERLAP	PARTIALLY DISTINCT	rhythm=OVERLAP;bass=OVERLAP;harmony=OVERLAP;phrase=OVERLAP;role=OVERLAP;transformation=OVERLAP;negative=OVERLAP
Dub/Reggae/Deep Chord	Dub/Reggae/Minimal Space	YES	NO	OVERLAP	OVERLAP	OVERLAP	OVERLAP	OVERLAP	OVERLAP	OVERLAP	PARTIALLY DISTINCT	rhythm=OVERLAP;bass=OVERLAP;harmony=OVERLAP;phrase=OVERLAP;role=OVERLAP;transformation=OVERLAP;negative=OVERLAP
Dub/Reggae/Deep Chord	Electro/BASE	NO	NOT_APPLICABLE	DISJOINT	OVERLAP	DISJOINT	DISJOINT	DISJOINT	OVERLAP	OVERLAP	STRUCTURALLY DISTINCT	rhythm=DISJOINT;bass=OVERLAP;harmony=DISJOINT;phrase=DISJOINT;role=DISJOINT;transformation=OVERLAP;negative=OVERLAP
Dub/Reggae/Deep Chord	Funk/Soul/BASE	NO	NOT_APPLICABLE	DISJOINT	OVERLAP	OVERLAP	DISJOINT	DISJOINT	OVERLAP	OVERLAP	STRUCTURALLY DISTINCT	rhythm=DISJOINT;bass=OVERLAP;harmony=OVERLAP;phrase=DISJOINT;role=DISJOINT;transformation=OVERLAP;negative=OVERLAP
Dub/Reggae/Deep Chord	Hip-Hop/BASE	NO	NOT_APPLICABLE	DISJOINT	OVERLAP	OVERLAP	DISJOINT	DISJOINT	OVERLAP	OVERLAP	STRUCTURALLY DISTINCT	rhythm=DISJOINT;bass=OVERLAP;harmony=OVERLAP;phrase=DISJOINT;role=DISJOINT;transformation=OVERLAP;negative=OVERLAP
Dub/Reggae/Deep Chord	Hip-Hop/Dusty Jazz	NO	NO	DISJOINT	OVERLAP	OVERLAP	DISJOINT	DISJOINT	OVERLAP	OVERLAP	STRUCTURALLY DISTINCT	rhythm=DISJOINT;bass=OVERLAP;harmony=OVERLAP;phrase=DISJOINT;role=DISJOINT;transformation=OVERLAP;negative=OVERLAP
Dub/Reggae/Deep Chord	Hip-Hop/Golden Era	NO	NO	DISJOINT	DISJOINT	OVERLAP	DISJOINT	DISJOINT	OVERLAP	OVERLAP	STRUCTURALLY DISTINCT	rhythm=DISJOINT;bass=DISJOINT;harmony=OVERLAP;phrase=DISJOINT;role=DISJOINT;transformation=OVERLAP;negative=OVERLAP
Dub/Reggae/Deep Chord	House/BASE	NO	NOT_APPLICABLE	DISJOINT	OVERLAP	DISJOINT	OVERLAP	DISJOINT	DISJOINT	OVERLAP	STRUCTURALLY DISTINCT	rhythm=DISJOINT;bass=OVERLAP;harmony=DISJOINT;phrase=OVERLAP;role=DISJOINT;transformation=DISJOINT;negative=OVERLAP
Dub/Reggae/Deep Chord	Lo-Fi/BASE	NO	NOT_APPLICABLE	DISJOINT	OVERLAP	OVERLAP	DISJOINT	DISJOINT	OVERLAP	OVERLAP	STRUCTURALLY DISTINCT	rhythm=DISJOINT;bass=OVERLAP;harmony=OVERLAP;phrase=DISJOINT;role=DISJOINT;transformation=OVERLAP;negative=OVERLAP
Dub/Reggae/Deep Chord	Lo-Fi/Classic Chill	NO	NO	DISJOINT	OVERLAP	OVERLAP	DISJOINT	DISJOINT	OVERLAP	OVERLAP	STRUCTURALLY DISTINCT	rhythm=DISJOINT;bass=OVERLAP;harmony=OVERLAP;phrase=DISJOINT;role=DISJOINT;transformation=OVERLAP;negative=OVERLAP
Dub/Reggae/Deep Chord	Lo-Fi/Drunken Groove	NO	NO	DISJOINT	OVERLAP	OVERLAP	OVERLAP	DISJOINT	OVERLAP	OVERLAP	STRUCTURALLY DISTINCT	rhythm=DISJOINT;bass=OVERLAP;harmony=OVERLAP;phrase=OVERLAP;role=DISJOINT;transformation=OVERLAP;negative=OVERLAP
Dub/Reggae/Deep Chord	Lo-Fi/Lo-Fi House	NO	NO	DISJOINT	DISJOINT	OVERLAP	DISJOINT	DISJOINT	OVERLAP	OVERLAP	STRUCTURALLY DISTINCT	rhythm=DISJOINT;bass=DISJOINT;harmony=OVERLAP;phrase=DISJOINT;role=DISJOINT;transformation=OVERLAP;negative=OVERLAP
Dub/Reggae/Deep Chord	Lo-Fi/Minimal Sleep	NO	NO	DISJOINT	OVERLAP	OVERLAP	DISJOINT	DISJOINT	OVERLAP	OVERLAP	STRUCTURALLY DISTINCT	rhythm=DISJOINT;bass=OVERLAP;harmony=OVERLAP;phrase=DISJOINT;role=DISJOINT;transformation=OVERLAP;negative=OVERLAP
Dub/Reggae/Deep Chord	Rave/BASE	NO	NOT_APPLICABLE	DISJOINT	OVERLAP	DISJOINT	OVERLAP	DISJOINT	OVERLAP	OVERLAP	STRUCTURALLY DISTINCT	rhythm=DISJOINT;bass=OVERLAP;harmony=DISJOINT;phrase=OVERLAP;role=DISJOINT;transformation=OVERLAP;negative=OVERLAP
Dub/Reggae/Deep Chord	Rave/Psytrance	NO	NO	DISJOINT	OVERLAP	DISJOINT	OVERLAP	DISJOINT	OVERLAP	OVERLAP	STRUCTURALLY DISTINCT	rhythm=DISJOINT;bass=OVERLAP;harmony=DISJOINT;phrase=OVERLAP;role=DISJOINT;transformation=OVERLAP;negative=OVERLAP
Dub/Reggae/Deep Chord	Synthwave/BASE	NO	NOT_APPLICABLE	DISJOINT	DISJOINT	DISJOINT	OVERLAP	DISJOINT	DISJOINT	OVERLAP	STRUCTURALLY DISTINCT	rhythm=DISJOINT;bass=DISJOINT;harmony=DISJOINT;phrase=OVERLAP;role=DISJOINT;transformation=DISJOINT;negative=OVERLAP
Dub/Reggae/Deep Chord	Techno/BASE	NO	NOT_APPLICABLE	DISJOINT	OVERLAP	DISJOINT	OVERLAP	DISJOINT	OVERLAP	OVERLAP	STRUCTURALLY DISTINCT	rhythm=DISJOINT;bass=OVERLAP;harmony=DISJOINT;phrase=OVERLAP;role=DISJOINT;transformation=OVERLAP;negative=OVERLAP
Dub/Reggae/Deep Chord	Trip-Hop/BASE	NO	NOT_APPLICABLE	DISJOINT	OVERLAP	OVERLAP	OVERLAP	OVERLAP	OVERLAP	OVERLAP	PARTIALLY DISTINCT	rhythm=DISJOINT;bass=OVERLAP;harmony=OVERLAP;phrase=OVERLAP;role=OVERLAP;transformation=OVERLAP;negative=OVERLAP
Dub/Reggae/Deep Chord	UK Garage/BASE	NO	NOT_APPLICABLE	DISJOINT	OVERLAP	DISJOINT	DISJOINT	DISJOINT	OVERLAP	OVERLAP	STRUCTURALLY DISTINCT	rhythm=DISJOINT;bass=OVERLAP;harmony=DISJOINT;phrase=DISJOINT;role=DISJOINT;transformation=OVERLAP;negative=OVERLAP
Dub/Reggae/Dub Techno	Dub/Reggae/Minimal Space	YES	NO	OVERLAP	OVERLAP	OVERLAP	OVERLAP	OVERLAP	OVERLAP	OVERLAP	PARTIALLY DISTINCT	rhythm=OVERLAP;bass=OVERLAP;harmony=OVERLAP;phrase=OVERLAP;role=OVERLAP;transformation=OVERLAP;negative=OVERLAP
Dub/Reggae/Dub Techno	Electro/BASE	NO	NOT_APPLICABLE	DISJOINT	OVERLAP	DISJOINT	DISJOINT	DISJOINT	OVERLAP	OVERLAP	STRUCTURALLY DISTINCT	rhythm=DISJOINT;bass=OVERLAP;harmony=DISJOINT;phrase=DISJOINT;role=DISJOINT;transformation=OVERLAP;negative=OVERLAP
Dub/Reggae/Dub Techno	Funk/Soul/BASE	NO	NOT_APPLICABLE	DISJOINT	OVERLAP	OVERLAP	DISJOINT	DISJOINT	OVERLAP	OVERLAP	STRUCTURALLY DISTINCT	rhythm=DISJOINT;bass=OVERLAP;harmony=OVERLAP;phrase=DISJOINT;role=DISJOINT;transformation=OVERLAP;negative=OVERLAP
Dub/Reggae/Dub Techno	Hip-Hop/BASE	NO	NOT_APPLICABLE	DISJOINT	OVERLAP	OVERLAP	DISJOINT	DISJOINT	OVERLAP	OVERLAP	STRUCTURALLY DISTINCT	rhythm=DISJOINT;bass=OVERLAP;harmony=OVERLAP;phrase=DISJOINT;role=DISJOINT;transformation=OVERLAP;negative=OVERLAP
Dub/Reggae/Dub Techno	Hip-Hop/Dusty Jazz	NO	NO	DISJOINT	OVERLAP	OVERLAP	DISJOINT	DISJOINT	OVERLAP	OVERLAP	STRUCTURALLY DISTINCT	rhythm=DISJOINT;bass=OVERLAP;harmony=OVERLAP;phrase=DISJOINT;role=DISJOINT;transformation=OVERLAP;negative=OVERLAP
Dub/Reggae/Dub Techno	Hip-Hop/Golden Era	NO	NO	DISJOINT	DISJOINT	OVERLAP	DISJOINT	DISJOINT	OVERLAP	OVERLAP	STRUCTURALLY DISTINCT	rhythm=DISJOINT;bass=DISJOINT;harmony=OVERLAP;phrase=DISJOINT;role=DISJOINT;transformation=OVERLAP;negative=OVERLAP
Dub/Reggae/Dub Techno	House/BASE	NO	NOT_APPLICABLE	OVERLAP	OVERLAP	DISJOINT	OVERLAP	DISJOINT	OVERLAP	OVERLAP	STRUCTURALLY DISTINCT	rhythm=OVERLAP;bass=OVERLAP;harmony=DISJOINT;phrase=OVERLAP;role=DISJOINT;transformation=OVERLAP;negative=OVERLAP
Dub/Reggae/Dub Techno	Lo-Fi/BASE	NO	NOT_APPLICABLE	OVERLAP	OVERLAP	OVERLAP	DISJOINT	DISJOINT	OVERLAP	OVERLAP	STRUCTURALLY DISTINCT	rhythm=OVERLAP;bass=OVERLAP;harmony=OVERLAP;phrase=DISJOINT;role=DISJOINT;transformation=OVERLAP;negative=OVERLAP
Dub/Reggae/Dub Techno	Lo-Fi/Classic Chill	NO	NO	DISJOINT	OVERLAP	OVERLAP	DISJOINT	DISJOINT	OVERLAP	OVERLAP	STRUCTURALLY DISTINCT	rhythm=DISJOINT;bass=OVERLAP;harmony=OVERLAP;phrase=DISJOINT;role=DISJOINT;transformation=OVERLAP;negative=OVERLAP
Dub/Reggae/Dub Techno	Lo-Fi/Drunken Groove	NO	NO	DISJOINT	OVERLAP	OVERLAP	OVERLAP	DISJOINT	OVERLAP	OVERLAP	STRUCTURALLY DISTINCT	rhythm=DISJOINT;bass=OVERLAP;harmony=OVERLAP;phrase=OVERLAP;role=DISJOINT;transformation=OVERLAP;negative=OVERLAP
Dub/Reggae/Dub Techno	Lo-Fi/Lo-Fi House	NO	NO	OVERLAP	DISJOINT	OVERLAP	DISJOINT	DISJOINT	OVERLAP	OVERLAP	STRUCTURALLY DISTINCT	rhythm=OVERLAP;bass=DISJOINT;harmony=OVERLAP;phrase=DISJOINT;role=DISJOINT;transformation=OVERLAP;negative=OVERLAP
Dub/Reggae/Dub Techno	Lo-Fi/Minimal Sleep	NO	NO	OVERLAP	OVERLAP	OVERLAP	DISJOINT	DISJOINT	OVERLAP	OVERLAP	STRUCTURALLY DISTINCT	rhythm=OVERLAP;bass=OVERLAP;harmony=OVERLAP;phrase=DISJOINT;role=DISJOINT;transformation=OVERLAP;negative=OVERLAP
Dub/Reggae/Dub Techno	Rave/BASE	NO	NOT_APPLICABLE	OVERLAP	OVERLAP	DISJOINT	OVERLAP	DISJOINT	OVERLAP	OVERLAP	STRUCTURALLY DISTINCT	rhythm=OVERLAP;bass=OVERLAP;harmony=DISJOINT;phrase=OVERLAP;role=DISJOINT;transformation=OVERLAP;negative=OVERLAP
Dub/Reggae/Dub Techno	Rave/Psytrance	NO	NO	OVERLAP	OVERLAP	DISJOINT	OVERLAP	DISJOINT	OVERLAP	OVERLAP	STRUCTURALLY DISTINCT	rhythm=OVERLAP;bass=OVERLAP;harmony=DISJOINT;phrase=OVERLAP;role=DISJOINT;transformation=OVERLAP;negative=OVERLAP
Dub/Reggae/Dub Techno	Synthwave/BASE	NO	NOT_APPLICABLE	OVERLAP	DISJOINT	DISJOINT	OVERLAP	DISJOINT	DISJOINT	OVERLAP	STRUCTURALLY DISTINCT	rhythm=OVERLAP;bass=DISJOINT;harmony=DISJOINT;phrase=OVERLAP;role=DISJOINT;transformation=DISJOINT;negative=OVERLAP
Dub/Reggae/Dub Techno	Techno/BASE	NO	NOT_APPLICABLE	OVERLAP	OVERLAP	DISJOINT	OVERLAP	DISJOINT	OVERLAP	OVERLAP	STRUCTURALLY DISTINCT	rhythm=OVERLAP;bass=OVERLAP;harmony=DISJOINT;phrase=OVERLAP;role=DISJOINT;transformation=OVERLAP;negative=OVERLAP
Dub/Reggae/Dub Techno	Trip-Hop/BASE	NO	NOT_APPLICABLE	DISJOINT	OVERLAP	OVERLAP	OVERLAP	OVERLAP	OVERLAP	OVERLAP	PARTIALLY DISTINCT	rhythm=DISJOINT;bass=OVERLAP;harmony=OVERLAP;phrase=OVERLAP;role=OVERLAP;transformation=OVERLAP;negative=OVERLAP
Dub/Reggae/Dub Techno	UK Garage/BASE	NO	NOT_APPLICABLE	OVERLAP	OVERLAP	DISJOINT	DISJOINT	DISJOINT	OVERLAP	OVERLAP	STRUCTURALLY DISTINCT	rhythm=OVERLAP;bass=OVERLAP;harmony=DISJOINT;phrase=DISJOINT;role=DISJOINT;transformation=OVERLAP;negative=OVERLAP
Dub/Reggae/Minimal Space	Electro/BASE	NO	NOT_APPLICABLE	DISJOINT	OVERLAP	DISJOINT	DISJOINT	DISJOINT	OVERLAP	OVERLAP	STRUCTURALLY DISTINCT	rhythm=DISJOINT;bass=OVERLAP;harmony=DISJOINT;phrase=DISJOINT;role=DISJOINT;transformation=OVERLAP;negative=OVERLAP
Dub/Reggae/Minimal Space	Funk/Soul/BASE	NO	NOT_APPLICABLE	DISJOINT	OVERLAP	OVERLAP	DISJOINT	DISJOINT	OVERLAP	OVERLAP	STRUCTURALLY DISTINCT	rhythm=DISJOINT;bass=OVERLAP;harmony=OVERLAP;phrase=DISJOINT;role=DISJOINT;transformation=OVERLAP;negative=OVERLAP
Dub/Reggae/Minimal Space	Hip-Hop/BASE	NO	NOT_APPLICABLE	DISJOINT	OVERLAP	OVERLAP	DISJOINT	DISJOINT	OVERLAP	OVERLAP	STRUCTURALLY DISTINCT	rhythm=DISJOINT;bass=OVERLAP;harmony=OVERLAP;phrase=DISJOINT;role=DISJOINT;transformation=OVERLAP;negative=OVERLAP
Dub/Reggae/Minimal Space	Hip-Hop/Dusty Jazz	NO	NO	DISJOINT	OVERLAP	OVERLAP	DISJOINT	DISJOINT	OVERLAP	OVERLAP	STRUCTURALLY DISTINCT	rhythm=DISJOINT;bass=OVERLAP;harmony=OVERLAP;phrase=DISJOINT;role=DISJOINT;transformation=OVERLAP;negative=OVERLAP
Dub/Reggae/Minimal Space	Hip-Hop/Golden Era	NO	NO	DISJOINT	DISJOINT	OVERLAP	DISJOINT	DISJOINT	OVERLAP	OVERLAP	STRUCTURALLY DISTINCT	rhythm=DISJOINT;bass=DISJOINT;harmony=OVERLAP;phrase=DISJOINT;role=DISJOINT;transformation=OVERLAP;negative=OVERLAP
Dub/Reggae/Minimal Space	House/BASE	NO	NOT_APPLICABLE	DISJOINT	OVERLAP	DISJOINT	OVERLAP	DISJOINT	OVERLAP	OVERLAP	STRUCTURALLY DISTINCT	rhythm=DISJOINT;bass=OVERLAP;harmony=DISJOINT;phrase=OVERLAP;role=DISJOINT;transformation=OVERLAP;negative=OVERLAP
Dub/Reggae/Minimal Space	Lo-Fi/BASE	NO	NOT_APPLICABLE	DISJOINT	OVERLAP	OVERLAP	DISJOINT	DISJOINT	OVERLAP	OVERLAP	STRUCTURALLY DISTINCT	rhythm=DISJOINT;bass=OVERLAP;harmony=OVERLAP;phrase=DISJOINT;role=DISJOINT;transformation=OVERLAP;negative=OVERLAP
Dub/Reggae/Minimal Space	Lo-Fi/Classic Chill	NO	NO	DISJOINT	OVERLAP	OVERLAP	DISJOINT	DISJOINT	OVERLAP	OVERLAP	STRUCTURALLY DISTINCT	rhythm=DISJOINT;bass=OVERLAP;harmony=OVERLAP;phrase=DISJOINT;role=DISJOINT;transformation=OVERLAP;negative=OVERLAP
Dub/Reggae/Minimal Space	Lo-Fi/Drunken Groove	NO	NO	DISJOINT	OVERLAP	OVERLAP	OVERLAP	DISJOINT	OVERLAP	OVERLAP	STRUCTURALLY DISTINCT	rhythm=DISJOINT;bass=OVERLAP;harmony=OVERLAP;phrase=OVERLAP;role=DISJOINT;transformation=OVERLAP;negative=OVERLAP
Dub/Reggae/Minimal Space	Lo-Fi/Lo-Fi House	NO	NO	DISJOINT	DISJOINT	OVERLAP	DISJOINT	DISJOINT	OVERLAP	OVERLAP	STRUCTURALLY DISTINCT	rhythm=DISJOINT;bass=DISJOINT;harmony=OVERLAP;phrase=DISJOINT;role=DISJOINT;transformation=OVERLAP;negative=OVERLAP
Dub/Reggae/Minimal Space	Lo-Fi/Minimal Sleep	NO	NO	DISJOINT	OVERLAP	OVERLAP	DISJOINT	DISJOINT	OVERLAP	OVERLAP	STRUCTURALLY DISTINCT	rhythm=DISJOINT;bass=OVERLAP;harmony=OVERLAP;phrase=DISJOINT;role=DISJOINT;transformation=OVERLAP;negative=OVERLAP
Dub/Reggae/Minimal Space	Rave/BASE	NO	NOT_APPLICABLE	DISJOINT	OVERLAP	DISJOINT	OVERLAP	DISJOINT	OVERLAP	OVERLAP	STRUCTURALLY DISTINCT	rhythm=DISJOINT;bass=OVERLAP;harmony=DISJOINT;phrase=OVERLAP;role=DISJOINT;transformation=OVERLAP;negative=OVERLAP
Dub/Reggae/Minimal Space	Rave/Psytrance	NO	NO	DISJOINT	OVERLAP	DISJOINT	OVERLAP	DISJOINT	OVERLAP	OVERLAP	STRUCTURALLY DISTINCT	rhythm=DISJOINT;bass=OVERLAP;harmony=DISJOINT;phrase=OVERLAP;role=DISJOINT;transformation=OVERLAP;negative=OVERLAP
Dub/Reggae/Minimal Space	Synthwave/BASE	NO	NOT_APPLICABLE	DISJOINT	DISJOINT	DISJOINT	OVERLAP	DISJOINT	DISJOINT	OVERLAP	STRUCTURALLY DISTINCT	rhythm=DISJOINT;bass=DISJOINT;harmony=DISJOINT;phrase=OVERLAP;role=DISJOINT;transformation=DISJOINT;negative=OVERLAP
Dub/Reggae/Minimal Space	Techno/BASE	NO	NOT_APPLICABLE	DISJOINT	OVERLAP	DISJOINT	OVERLAP	DISJOINT	OVERLAP	OVERLAP	STRUCTURALLY DISTINCT	rhythm=DISJOINT;bass=OVERLAP;harmony=DISJOINT;phrase=OVERLAP;role=DISJOINT;transformation=OVERLAP;negative=OVERLAP
Dub/Reggae/Minimal Space	Trip-Hop/BASE	NO	NOT_APPLICABLE	DISJOINT	OVERLAP	OVERLAP	OVERLAP	OVERLAP	OVERLAP	OVERLAP	PARTIALLY DISTINCT	rhythm=DISJOINT;bass=OVERLAP;harmony=OVERLAP;phrase=OVERLAP;role=OVERLAP;transformation=OVERLAP;negative=OVERLAP
Dub/Reggae/Minimal Space	UK Garage/BASE	NO	NOT_APPLICABLE	DISJOINT	OVERLAP	DISJOINT	DISJOINT	DISJOINT	OVERLAP	OVERLAP	STRUCTURALLY DISTINCT	rhythm=DISJOINT;bass=OVERLAP;harmony=DISJOINT;phrase=DISJOINT;role=DISJOINT;transformation=OVERLAP;negative=OVERLAP
Electro/BASE	Funk/Soul/BASE	NO	NOT_APPLICABLE	DISJOINT	OVERLAP	DISJOINT	DISJOINT	DISJOINT	OVERLAP	OVERLAP	STRUCTURALLY DISTINCT	rhythm=DISJOINT;bass=OVERLAP;harmony=DISJOINT;phrase=DISJOINT;role=DISJOINT;transformation=OVERLAP;negative=OVERLAP
Electro/BASE	Hip-Hop/BASE	NO	NOT_APPLICABLE	DISJOINT	OVERLAP	DISJOINT	DISJOINT	DISJOINT	OVERLAP	OVERLAP	STRUCTURALLY DISTINCT	rhythm=DISJOINT;bass=OVERLAP;harmony=DISJOINT;phrase=DISJOINT;role=DISJOINT;transformation=OVERLAP;negative=OVERLAP
Electro/BASE	Hip-Hop/Dusty Jazz	NO	NOT_APPLICABLE	DISJOINT	OVERLAP	DISJOINT	DISJOINT	DISJOINT	OVERLAP	OVERLAP	STRUCTURALLY DISTINCT	rhythm=DISJOINT;bass=OVERLAP;harmony=DISJOINT;phrase=DISJOINT;role=DISJOINT;transformation=OVERLAP;negative=OVERLAP
Electro/BASE	Hip-Hop/Golden Era	NO	NOT_APPLICABLE	DISJOINT	OVERLAP	DISJOINT	DISJOINT	DISJOINT	OVERLAP	OVERLAP	STRUCTURALLY DISTINCT	rhythm=DISJOINT;bass=OVERLAP;harmony=DISJOINT;phrase=DISJOINT;role=DISJOINT;transformation=OVERLAP;negative=OVERLAP
Electro/BASE	House/BASE	NO	NOT_APPLICABLE	DISJOINT	DISJOINT	OVERLAP	DISJOINT	OVERLAP	OVERLAP	OVERLAP	STRUCTURALLY DISTINCT	rhythm=DISJOINT;bass=DISJOINT;harmony=OVERLAP;phrase=DISJOINT;role=OVERLAP;transformation=OVERLAP;negative=OVERLAP
Electro/BASE	Lo-Fi/BASE	NO	NOT_APPLICABLE	DISJOINT	OVERLAP	DISJOINT	DISJOINT	DISJOINT	OVERLAP	OVERLAP	STRUCTURALLY DISTINCT	rhythm=DISJOINT;bass=OVERLAP;harmony=DISJOINT;phrase=DISJOINT;role=DISJOINT;transformation=OVERLAP;negative=OVERLAP
Electro/BASE	Lo-Fi/Classic Chill	NO	NOT_APPLICABLE	DISJOINT	OVERLAP	DISJOINT	DISJOINT	DISJOINT	OVERLAP	OVERLAP	STRUCTURALLY DISTINCT	rhythm=DISJOINT;bass=OVERLAP;harmony=DISJOINT;phrase=DISJOINT;role=DISJOINT;transformation=OVERLAP;negative=OVERLAP
Electro/BASE	Lo-Fi/Drunken Groove	NO	NOT_APPLICABLE	DISJOINT	OVERLAP	DISJOINT	DISJOINT	DISJOINT	OVERLAP	OVERLAP	STRUCTURALLY DISTINCT	rhythm=DISJOINT;bass=OVERLAP;harmony=DISJOINT;phrase=DISJOINT;role=DISJOINT;transformation=OVERLAP;negative=OVERLAP
Electro/BASE	Lo-Fi/Lo-Fi House	NO	NOT_APPLICABLE	DISJOINT	OVERLAP	DISJOINT	DISJOINT	DISJOINT	OVERLAP	OVERLAP	STRUCTURALLY DISTINCT	rhythm=DISJOINT;bass=OVERLAP;harmony=DISJOINT;phrase=DISJOINT;role=DISJOINT;transformation=OVERLAP;negative=OVERLAP
Electro/BASE	Lo-Fi/Minimal Sleep	NO	NOT_APPLICABLE	DISJOINT	OVERLAP	DISJOINT	DISJOINT	DISJOINT	OVERLAP	OVERLAP	STRUCTURALLY DISTINCT	rhythm=DISJOINT;bass=OVERLAP;harmony=DISJOINT;phrase=DISJOINT;role=DISJOINT;transformation=OVERLAP;negative=OVERLAP
Electro/BASE	Rave/BASE	NO	NOT_APPLICABLE	DISJOINT	DISJOINT	OVERLAP	OVERLAP	OVERLAP	OVERLAP	OVERLAP	STRUCTURALLY DISTINCT	rhythm=DISJOINT;bass=DISJOINT;harmony=OVERLAP;phrase=OVERLAP;role=OVERLAP;transformation=OVERLAP;negative=OVERLAP
Electro/BASE	Rave/Psytrance	NO	NOT_APPLICABLE	DISJOINT	DISJOINT	OVERLAP	DISJOINT	OVERLAP	DISJOINT	OVERLAP	STRUCTURALLY DISTINCT	rhythm=DISJOINT;bass=DISJOINT;harmony=OVERLAP;phrase=DISJOINT;role=OVERLAP;transformation=DISJOINT;negative=OVERLAP
Electro/BASE	Synthwave/BASE	NO	NOT_APPLICABLE	DISJOINT	DISJOINT	OVERLAP	DISJOINT	OVERLAP	OVERLAP	OVERLAP	STRUCTURALLY DISTINCT	rhythm=DISJOINT;bass=DISJOINT;harmony=OVERLAP;phrase=DISJOINT;role=OVERLAP;transformation=OVERLAP;negative=OVERLAP
Electro/BASE	Techno/BASE	NO	NOT_APPLICABLE	OVERLAP	DISJOINT	OVERLAP	OVERLAP	OVERLAP	OVERLAP	OVERLAP	PARTIALLY DISTINCT	rhythm=OVERLAP;bass=DISJOINT;harmony=OVERLAP;phrase=OVERLAP;role=OVERLAP;transformation=OVERLAP;negative=OVERLAP
Electro/BASE	Trip-Hop/BASE	NO	NOT_APPLICABLE	DISJOINT	OVERLAP	DISJOINT	DISJOINT	DISJOINT	OVERLAP	OVERLAP	STRUCTURALLY DISTINCT	rhythm=DISJOINT;bass=OVERLAP;harmony=DISJOINT;phrase=DISJOINT;role=DISJOINT;transformation=OVERLAP;negative=OVERLAP
Electro/BASE	UK Garage/BASE	NO	NOT_APPLICABLE	OVERLAP	OVERLAP	OVERLAP	OVERLAP	OVERLAP	OVERLAP	OVERLAP	PARTIALLY DISTINCT	rhythm=OVERLAP;bass=OVERLAP;harmony=OVERLAP;phrase=OVERLAP;role=OVERLAP;transformation=OVERLAP;negative=OVERLAP
Funk/Soul/BASE	Hip-Hop/BASE	NO	NOT_APPLICABLE	OVERLAP	OVERLAP	OVERLAP	OVERLAP	OVERLAP	OVERLAP	OVERLAP	PARTIALLY DISTINCT	rhythm=OVERLAP;bass=OVERLAP;harmony=OVERLAP;phrase=OVERLAP;role=OVERLAP;transformation=OVERLAP;negative=OVERLAP
Funk/Soul/BASE	Hip-Hop/Dusty Jazz	NO	NOT_APPLICABLE	OVERLAP	OVERLAP	OVERLAP	OVERLAP	OVERLAP	OVERLAP	OVERLAP	PARTIALLY DISTINCT	rhythm=OVERLAP;bass=OVERLAP;harmony=OVERLAP;phrase=OVERLAP;role=OVERLAP;transformation=OVERLAP;negative=OVERLAP
Funk/Soul/BASE	Hip-Hop/Golden Era	NO	NOT_APPLICABLE	OVERLAP	OVERLAP	OVERLAP	OVERLAP	OVERLAP	OVERLAP	OVERLAP	PARTIALLY DISTINCT	rhythm=OVERLAP;bass=OVERLAP;harmony=OVERLAP;phrase=OVERLAP;role=OVERLAP;transformation=OVERLAP;negative=OVERLAP
Funk/Soul/BASE	House/BASE	NO	NOT_APPLICABLE	OVERLAP	DISJOINT	DISJOINT	DISJOINT	DISJOINT	OVERLAP	OVERLAP	STRUCTURALLY DISTINCT	rhythm=OVERLAP;bass=DISJOINT;harmony=DISJOINT;phrase=DISJOINT;role=DISJOINT;transformation=OVERLAP;negative=OVERLAP
Funk/Soul/BASE	Lo-Fi/BASE	NO	NOT_APPLICABLE	OVERLAP	OVERLAP	OVERLAP	OVERLAP	OVERLAP	OVERLAP	OVERLAP	PARTIALLY DISTINCT	rhythm=OVERLAP;bass=OVERLAP;harmony=OVERLAP;phrase=OVERLAP;role=OVERLAP;transformation=OVERLAP;negative=OVERLAP
Funk/Soul/BASE	Lo-Fi/Classic Chill	NO	NOT_APPLICABLE	OVERLAP	OVERLAP	OVERLAP	OVERLAP	OVERLAP	OVERLAP	OVERLAP	PARTIALLY DISTINCT	rhythm=OVERLAP;bass=OVERLAP;harmony=OVERLAP;phrase=OVERLAP;role=OVERLAP;transformation=OVERLAP;negative=OVERLAP
Funk/Soul/BASE	Lo-Fi/Drunken Groove	NO	NOT_APPLICABLE	OVERLAP	OVERLAP	OVERLAP	OVERLAP	OVERLAP	OVERLAP	OVERLAP	PARTIALLY DISTINCT	rhythm=OVERLAP;bass=OVERLAP;harmony=OVERLAP;phrase=OVERLAP;role=OVERLAP;transformation=OVERLAP;negative=OVERLAP
Funk/Soul/BASE	Lo-Fi/Lo-Fi House	NO	NOT_APPLICABLE	OVERLAP	DISJOINT	OVERLAP	DISJOINT	OVERLAP	OVERLAP	OVERLAP	STRUCTURALLY DISTINCT	rhythm=OVERLAP;bass=DISJOINT;harmony=OVERLAP;phrase=DISJOINT;role=OVERLAP;transformation=OVERLAP;negative=OVERLAP
Funk/Soul/BASE	Lo-Fi/Minimal Sleep	NO	NOT_APPLICABLE	OVERLAP	OVERLAP	OVERLAP	DISJOINT	OVERLAP	OVERLAP	OVERLAP	PARTIALLY DISTINCT	rhythm=OVERLAP;bass=OVERLAP;harmony=OVERLAP;phrase=DISJOINT;role=OVERLAP;transformation=OVERLAP;negative=OVERLAP
Funk/Soul/BASE	Rave/BASE	NO	NOT_APPLICABLE	DISJOINT	DISJOINT	DISJOINT	DISJOINT	DISJOINT	OVERLAP	DISJOINT	STRUCTURALLY DISTINCT	rhythm=DISJOINT;bass=DISJOINT;harmony=DISJOINT;phrase=DISJOINT;role=DISJOINT;transformation=OVERLAP;negative=DISJOINT
Funk/Soul/BASE	Rave/Psytrance	NO	NOT_APPLICABLE	DISJOINT	DISJOINT	DISJOINT	DISJOINT	DISJOINT	DISJOINT	DISJOINT	STRUCTURALLY DISTINCT	rhythm=DISJOINT;bass=DISJOINT;harmony=DISJOINT;phrase=DISJOINT;role=DISJOINT;transformation=DISJOINT;negative=DISJOINT
Funk/Soul/BASE	Synthwave/BASE	NO	NOT_APPLICABLE	OVERLAP	DISJOINT	DISJOINT	OVERLAP	DISJOINT	OVERLAP	OVERLAP	STRUCTURALLY DISTINCT	rhythm=OVERLAP;bass=DISJOINT;harmony=DISJOINT;phrase=OVERLAP;role=DISJOINT;transformation=OVERLAP;negative=OVERLAP
Funk/Soul/BASE	Techno/BASE	NO	NOT_APPLICABLE	DISJOINT	DISJOINT	DISJOINT	DISJOINT	DISJOINT	OVERLAP	DISJOINT	STRUCTURALLY DISTINCT	rhythm=DISJOINT;bass=DISJOINT;harmony=DISJOINT;phrase=DISJOINT;role=DISJOINT;transformation=OVERLAP;negative=DISJOINT
Funk/Soul/BASE	Trip-Hop/BASE	NO	NOT_APPLICABLE	OVERLAP	OVERLAP	OVERLAP	OVERLAP	DISJOINT	OVERLAP	OVERLAP	PARTIALLY DISTINCT	rhythm=OVERLAP;bass=OVERLAP;harmony=OVERLAP;phrase=OVERLAP;role=DISJOINT;transformation=OVERLAP;negative=OVERLAP
Funk/Soul/BASE	UK Garage/BASE	NO	NOT_APPLICABLE	DISJOINT	OVERLAP	DISJOINT	DISJOINT	DISJOINT	OVERLAP	OVERLAP	STRUCTURALLY DISTINCT	rhythm=DISJOINT;bass=OVERLAP;harmony=DISJOINT;phrase=DISJOINT;role=DISJOINT;transformation=OVERLAP;negative=OVERLAP
Hip-Hop/BASE	Hip-Hop/Dusty Jazz	YES	NOT_APPLICABLE	OVERLAP	OVERLAP	OVERLAP	DISJOINT	OVERLAP	OVERLAP	OVERLAP	PARTIALLY DISTINCT	rhythm=OVERLAP;bass=OVERLAP;harmony=OVERLAP;phrase=DISJOINT;role=OVERLAP;transformation=OVERLAP;negative=OVERLAP
Hip-Hop/BASE	Hip-Hop/Golden Era	YES	NOT_APPLICABLE	OVERLAP	OVERLAP	OVERLAP	OVERLAP	OVERLAP	OVERLAP	OVERLAP	PARTIALLY DISTINCT	rhythm=OVERLAP;bass=OVERLAP;harmony=OVERLAP;phrase=OVERLAP;role=OVERLAP;transformation=OVERLAP;negative=OVERLAP
Hip-Hop/BASE	House/BASE	NO	NOT_APPLICABLE	DISJOINT	DISJOINT	DISJOINT	OVERLAP	DISJOINT	OVERLAP	OVERLAP	STRUCTURALLY DISTINCT	rhythm=DISJOINT;bass=DISJOINT;harmony=DISJOINT;phrase=OVERLAP;role=DISJOINT;transformation=OVERLAP;negative=OVERLAP
Hip-Hop/BASE	Lo-Fi/BASE	NO	NOT_APPLICABLE	OVERLAP	OVERLAP	OVERLAP	DISJOINT	OVERLAP	OVERLAP	OVERLAP	PARTIALLY DISTINCT	rhythm=OVERLAP;bass=OVERLAP;harmony=OVERLAP;phrase=DISJOINT;role=OVERLAP;transformation=OVERLAP;negative=OVERLAP
Hip-Hop/BASE	Lo-Fi/Classic Chill	NO	NOT_APPLICABLE	OVERLAP	OVERLAP	OVERLAP	DISJOINT	OVERLAP	OVERLAP	OVERLAP	PARTIALLY DISTINCT	rhythm=OVERLAP;bass=OVERLAP;harmony=OVERLAP;phrase=DISJOINT;role=OVERLAP;transformation=OVERLAP;negative=OVERLAP
Hip-Hop/BASE	Lo-Fi/Drunken Groove	NO	NOT_APPLICABLE	OVERLAP	OVERLAP	OVERLAP	OVERLAP	OVERLAP	OVERLAP	OVERLAP	PARTIALLY DISTINCT	rhythm=OVERLAP;bass=OVERLAP;harmony=OVERLAP;phrase=OVERLAP;role=OVERLAP;transformation=OVERLAP;negative=OVERLAP
Hip-Hop/BASE	Lo-Fi/Lo-Fi House	NO	NOT_APPLICABLE	DISJOINT	DISJOINT	OVERLAP	OVERLAP	OVERLAP	OVERLAP	OVERLAP	STRUCTURALLY DISTINCT	rhythm=DISJOINT;bass=DISJOINT;harmony=OVERLAP;phrase=OVERLAP;role=OVERLAP;transformation=OVERLAP;negative=OVERLAP
Hip-Hop/BASE	Lo-Fi/Minimal Sleep	NO	NOT_APPLICABLE	OVERLAP	OVERLAP	OVERLAP	OVERLAP	OVERLAP	OVERLAP	OVERLAP	PARTIALLY DISTINCT	rhythm=OVERLAP;bass=OVERLAP;harmony=OVERLAP;phrase=OVERLAP;role=OVERLAP;transformation=OVERLAP;negative=OVERLAP
Hip-Hop/BASE	Rave/BASE	NO	NOT_APPLICABLE	DISJOINT	DISJOINT	DISJOINT	OVERLAP	DISJOINT	DISJOINT	OVERLAP	STRUCTURALLY DISTINCT	rhythm=DISJOINT;bass=DISJOINT;harmony=DISJOINT;phrase=OVERLAP;role=DISJOINT;transformation=DISJOINT;negative=OVERLAP
Hip-Hop/BASE	Rave/Psytrance	NO	NOT_APPLICABLE	DISJOINT	DISJOINT	DISJOINT	OVERLAP	DISJOINT	OVERLAP	OVERLAP	STRUCTURALLY DISTINCT	rhythm=DISJOINT;bass=DISJOINT;harmony=DISJOINT;phrase=OVERLAP;role=DISJOINT;transformation=OVERLAP;negative=OVERLAP
Hip-Hop/BASE	Synthwave/BASE	NO	NOT_APPLICABLE	DISJOINT	DISJOINT	DISJOINT	DISJOINT	DISJOINT	OVERLAP	OVERLAP	STRUCTURALLY DISTINCT	rhythm=DISJOINT;bass=DISJOINT;harmony=DISJOINT;phrase=DISJOINT;role=DISJOINT;transformation=OVERLAP;negative=OVERLAP
Hip-Hop/BASE	Techno/BASE	NO	NOT_APPLICABLE	DISJOINT	DISJOINT	DISJOINT	OVERLAP	DISJOINT	OVERLAP	OVERLAP	STRUCTURALLY DISTINCT	rhythm=DISJOINT;bass=DISJOINT;harmony=DISJOINT;phrase=OVERLAP;role=DISJOINT;transformation=OVERLAP;negative=OVERLAP
Hip-Hop/BASE	Trip-Hop/BASE	NO	NOT_APPLICABLE	OVERLAP	OVERLAP	OVERLAP	DISJOINT	DISJOINT	OVERLAP	OVERLAP	STRUCTURALLY DISTINCT	rhythm=OVERLAP;bass=OVERLAP;harmony=OVERLAP;phrase=DISJOINT;role=DISJOINT;transformation=OVERLAP;negative=OVERLAP
Hip-Hop/BASE	UK Garage/BASE	NO	NOT_APPLICABLE	DISJOINT	OVERLAP	DISJOINT	DISJOINT	DISJOINT	OVERLAP	OVERLAP	STRUCTURALLY DISTINCT	rhythm=DISJOINT;bass=OVERLAP;harmony=DISJOINT;phrase=DISJOINT;role=DISJOINT;transformation=OVERLAP;negative=OVERLAP
Hip-Hop/Dusty Jazz	Hip-Hop/Golden Era	YES	NO	OVERLAP	OVERLAP	OVERLAP	OVERLAP	OVERLAP	OVERLAP	OVERLAP	PARTIALLY DISTINCT	rhythm=OVERLAP;bass=OVERLAP;harmony=OVERLAP;phrase=OVERLAP;role=OVERLAP;transformation=OVERLAP;negative=OVERLAP
Hip-Hop/Dusty Jazz	House/BASE	NO	NOT_APPLICABLE	OVERLAP	DISJOINT	DISJOINT	DISJOINT	DISJOINT	OVERLAP	OVERLAP	STRUCTURALLY DISTINCT	rhythm=OVERLAP;bass=DISJOINT;harmony=DISJOINT;phrase=DISJOINT;role=DISJOINT;transformation=OVERLAP;negative=OVERLAP
Hip-Hop/Dusty Jazz	Lo-Fi/BASE	NO	NOT_APPLICABLE	OVERLAP	OVERLAP	OVERLAP	OVERLAP	OVERLAP	OVERLAP	OVERLAP	PARTIALLY DISTINCT	rhythm=OVERLAP;bass=OVERLAP;harmony=OVERLAP;phrase=OVERLAP;role=OVERLAP;transformation=OVERLAP;negative=OVERLAP
Hip-Hop/Dusty Jazz	Lo-Fi/Classic Chill	NO	NO	OVERLAP	OVERLAP	OVERLAP	OVERLAP	OVERLAP	OVERLAP	OVERLAP	PARTIALLY DISTINCT	rhythm=OVERLAP;bass=OVERLAP;harmony=OVERLAP;phrase=OVERLAP;role=OVERLAP;transformation=OVERLAP;negative=OVERLAP
Hip-Hop/Dusty Jazz	Lo-Fi/Drunken Groove	NO	NO	OVERLAP	OVERLAP	OVERLAP	OVERLAP	OVERLAP	OVERLAP	OVERLAP	PARTIALLY DISTINCT	rhythm=OVERLAP;bass=OVERLAP;harmony=OVERLAP;phrase=OVERLAP;role=OVERLAP;transformation=OVERLAP;negative=OVERLAP
Hip-Hop/Dusty Jazz	Lo-Fi/Lo-Fi House	NO	NO	OVERLAP	DISJOINT	OVERLAP	DISJOINT	OVERLAP	OVERLAP	OVERLAP	STRUCTURALLY DISTINCT	rhythm=OVERLAP;bass=DISJOINT;harmony=OVERLAP;phrase=DISJOINT;role=OVERLAP;transformation=OVERLAP;negative=OVERLAP
Hip-Hop/Dusty Jazz	Lo-Fi/Minimal Sleep	NO	NO	OVERLAP	OVERLAP	OVERLAP	OVERLAP	OVERLAP	OVERLAP	OVERLAP	PARTIALLY DISTINCT	rhythm=OVERLAP;bass=OVERLAP;harmony=OVERLAP;phrase=OVERLAP;role=OVERLAP;transformation=OVERLAP;negative=OVERLAP
Hip-Hop/Dusty Jazz	Rave/BASE	NO	NOT_APPLICABLE	DISJOINT	DISJOINT	DISJOINT	DISJOINT	DISJOINT	OVERLAP	OVERLAP	STRUCTURALLY DISTINCT	rhythm=DISJOINT;bass=DISJOINT;harmony=DISJOINT;phrase=DISJOINT;role=DISJOINT;transformation=OVERLAP;negative=OVERLAP
Hip-Hop/Dusty Jazz	Rave/Psytrance	NO	NO	DISJOINT	DISJOINT	DISJOINT	DISJOINT	DISJOINT	DISJOINT	OVERLAP	STRUCTURALLY DISTINCT	rhythm=DISJOINT;bass=DISJOINT;harmony=DISJOINT;phrase=DISJOINT;role=DISJOINT;transformation=DISJOINT;negative=OVERLAP
Hip-Hop/Dusty Jazz	Synthwave/BASE	NO	NOT_APPLICABLE	OVERLAP	DISJOINT	DISJOINT	DISJOINT	DISJOINT	OVERLAP	OVERLAP	STRUCTURALLY DISTINCT	rhythm=OVERLAP;bass=DISJOINT;harmony=DISJOINT;phrase=DISJOINT;role=DISJOINT;transformation=OVERLAP;negative=OVERLAP
Hip-Hop/Dusty Jazz	Techno/BASE	NO	NOT_APPLICABLE	DISJOINT	DISJOINT	DISJOINT	DISJOINT	DISJOINT	OVERLAP	OVERLAP	STRUCTURALLY DISTINCT	rhythm=DISJOINT;bass=DISJOINT;harmony=DISJOINT;phrase=DISJOINT;role=DISJOINT;transformation=OVERLAP;negative=OVERLAP
Hip-Hop/Dusty Jazz	Trip-Hop/BASE	NO	NOT_APPLICABLE	OVERLAP	OVERLAP	OVERLAP	DISJOINT	DISJOINT	OVERLAP	OVERLAP	STRUCTURALLY DISTINCT	rhythm=OVERLAP;bass=OVERLAP;harmony=OVERLAP;phrase=DISJOINT;role=DISJOINT;transformation=OVERLAP;negative=OVERLAP
Hip-Hop/Dusty Jazz	UK Garage/BASE	NO	NOT_APPLICABLE	DISJOINT	OVERLAP	DISJOINT	DISJOINT	DISJOINT	OVERLAP	OVERLAP	STRUCTURALLY DISTINCT	rhythm=DISJOINT;bass=OVERLAP;harmony=DISJOINT;phrase=DISJOINT;role=DISJOINT;transformation=OVERLAP;negative=OVERLAP
Hip-Hop/Golden Era	House/BASE	NO	NOT_APPLICABLE	DISJOINT	DISJOINT	DISJOINT	OVERLAP	DISJOINT	OVERLAP	OVERLAP	STRUCTURALLY DISTINCT	rhythm=DISJOINT;bass=DISJOINT;harmony=DISJOINT;phrase=OVERLAP;role=DISJOINT;transformation=OVERLAP;negative=OVERLAP
Hip-Hop/Golden Era	Lo-Fi/BASE	NO	NOT_APPLICABLE	OVERLAP	OVERLAP	OVERLAP	OVERLAP	OVERLAP	OVERLAP	OVERLAP	PARTIALLY DISTINCT	rhythm=OVERLAP;bass=OVERLAP;harmony=OVERLAP;phrase=OVERLAP;role=OVERLAP;transformation=OVERLAP;negative=OVERLAP
Hip-Hop/Golden Era	Lo-Fi/Classic Chill	NO	NO	OVERLAP	OVERLAP	OVERLAP	OVERLAP	OVERLAP	OVERLAP	OVERLAP	PARTIALLY DISTINCT	rhythm=OVERLAP;bass=OVERLAP;harmony=OVERLAP;phrase=OVERLAP;role=OVERLAP;transformation=OVERLAP;negative=OVERLAP
Hip-Hop/Golden Era	Lo-Fi/Drunken Groove	NO	NO	OVERLAP	OVERLAP	OVERLAP	OVERLAP	OVERLAP	OVERLAP	OVERLAP	PARTIALLY DISTINCT	rhythm=OVERLAP;bass=OVERLAP;harmony=OVERLAP;phrase=OVERLAP;role=OVERLAP;transformation=OVERLAP;negative=OVERLAP
Hip-Hop/Golden Era	Lo-Fi/Lo-Fi House	NO	NO	DISJOINT	DISJOINT	OVERLAP	OVERLAP	OVERLAP	OVERLAP	OVERLAP	STRUCTURALLY DISTINCT	rhythm=DISJOINT;bass=DISJOINT;harmony=OVERLAP;phrase=OVERLAP;role=OVERLAP;transformation=OVERLAP;negative=OVERLAP
Hip-Hop/Golden Era	Lo-Fi/Minimal Sleep	NO	NO	OVERLAP	OVERLAP	OVERLAP	OVERLAP	OVERLAP	DISJOINT	OVERLAP	PARTIALLY DISTINCT	rhythm=OVERLAP;bass=OVERLAP;harmony=OVERLAP;phrase=OVERLAP;role=OVERLAP;transformation=DISJOINT;negative=OVERLAP
Hip-Hop/Golden Era	Rave/BASE	NO	NOT_APPLICABLE	DISJOINT	DISJOINT	DISJOINT	OVERLAP	DISJOINT	DISJOINT	OVERLAP	STRUCTURALLY DISTINCT	rhythm=DISJOINT;bass=DISJOINT;harmony=DISJOINT;phrase=OVERLAP;role=DISJOINT;transformation=DISJOINT;negative=OVERLAP
Hip-Hop/Golden Era	Rave/Psytrance	NO	NO	DISJOINT	DISJOINT	DISJOINT	OVERLAP	DISJOINT	OVERLAP	OVERLAP	STRUCTURALLY DISTINCT	rhythm=DISJOINT;bass=DISJOINT;harmony=DISJOINT;phrase=OVERLAP;role=DISJOINT;transformation=OVERLAP;negative=OVERLAP
Hip-Hop/Golden Era	Synthwave/BASE	NO	NOT_APPLICABLE	DISJOINT	DISJOINT	DISJOINT	DISJOINT	DISJOINT	OVERLAP	OVERLAP	STRUCTURALLY DISTINCT	rhythm=DISJOINT;bass=DISJOINT;harmony=DISJOINT;phrase=DISJOINT;role=DISJOINT;transformation=OVERLAP;negative=OVERLAP
Hip-Hop/Golden Era	Techno/BASE	NO	NOT_APPLICABLE	DISJOINT	DISJOINT	DISJOINT	OVERLAP	DISJOINT	DISJOINT	OVERLAP	STRUCTURALLY DISTINCT	rhythm=DISJOINT;bass=DISJOINT;harmony=DISJOINT;phrase=OVERLAP;role=DISJOINT;transformation=DISJOINT;negative=OVERLAP
Hip-Hop/Golden Era	Trip-Hop/BASE	NO	NOT_APPLICABLE	OVERLAP	OVERLAP	OVERLAP	OVERLAP	DISJOINT	OVERLAP	OVERLAP	PARTIALLY DISTINCT	rhythm=OVERLAP;bass=OVERLAP;harmony=OVERLAP;phrase=OVERLAP;role=DISJOINT;transformation=OVERLAP;negative=OVERLAP
Hip-Hop/Golden Era	UK Garage/BASE	NO	NOT_APPLICABLE	DISJOINT	OVERLAP	DISJOINT	DISJOINT	DISJOINT	OVERLAP	OVERLAP	STRUCTURALLY DISTINCT	rhythm=DISJOINT;bass=OVERLAP;harmony=DISJOINT;phrase=DISJOINT;role=DISJOINT;transformation=OVERLAP;negative=OVERLAP
House/BASE	Lo-Fi/BASE	NO	NOT_APPLICABLE	OVERLAP	DISJOINT	DISJOINT	DISJOINT	DISJOINT	OVERLAP	OVERLAP	STRUCTURALLY DISTINCT	rhythm=OVERLAP;bass=DISJOINT;harmony=DISJOINT;phrase=DISJOINT;role=DISJOINT;transformation=OVERLAP;negative=OVERLAP
House/BASE	Lo-Fi/Classic Chill	NO	NOT_APPLICABLE	DISJOINT	DISJOINT	DISJOINT	DISJOINT	DISJOINT	OVERLAP	OVERLAP	STRUCTURALLY DISTINCT	rhythm=DISJOINT;bass=DISJOINT;harmony=DISJOINT;phrase=DISJOINT;role=DISJOINT;transformation=OVERLAP;negative=OVERLAP
House/BASE	Lo-Fi/Drunken Groove	NO	NOT_APPLICABLE	OVERLAP	DISJOINT	DISJOINT	OVERLAP	DISJOINT	OVERLAP	OVERLAP	STRUCTURALLY DISTINCT	rhythm=OVERLAP;bass=DISJOINT;harmony=DISJOINT;phrase=OVERLAP;role=DISJOINT;transformation=OVERLAP;negative=OVERLAP
House/BASE	Lo-Fi/Lo-Fi House	NO	NOT_APPLICABLE	OVERLAP	DISJOINT	DISJOINT	OVERLAP	DISJOINT	OVERLAP	OVERLAP	STRUCTURALLY DISTINCT	rhythm=OVERLAP;bass=DISJOINT;harmony=DISJOINT;phrase=OVERLAP;role=DISJOINT;transformation=OVERLAP;negative=OVERLAP
House/BASE	Lo-Fi/Minimal Sleep	NO	NOT_APPLICABLE	OVERLAP	DISJOINT	DISJOINT	DISJOINT	DISJOINT	DISJOINT	OVERLAP	STRUCTURALLY DISTINCT	rhythm=OVERLAP;bass=DISJOINT;harmony=DISJOINT;phrase=DISJOINT;role=DISJOINT;transformation=DISJOINT;negative=OVERLAP
House/BASE	Rave/BASE	NO	NOT_APPLICABLE	OVERLAP	OVERLAP	OVERLAP	OVERLAP	OVERLAP	OVERLAP	OVERLAP	PARTIALLY DISTINCT	rhythm=OVERLAP;bass=OVERLAP;harmony=OVERLAP;phrase=OVERLAP;role=OVERLAP;transformation=OVERLAP;negative=OVERLAP
House/BASE	Rave/Psytrance	NO	NOT_APPLICABLE	OVERLAP	OVERLAP	OVERLAP	OVERLAP	OVERLAP	OVERLAP	OVERLAP	PARTIALLY DISTINCT	rhythm=OVERLAP;bass=OVERLAP;harmony=OVERLAP;phrase=OVERLAP;role=OVERLAP;transformation=OVERLAP;negative=OVERLAP
House/BASE	Synthwave/BASE	NO	NOT_APPLICABLE	OVERLAP	DISJOINT	OVERLAP	OVERLAP	OVERLAP	OVERLAP	OVERLAP	PARTIALLY DISTINCT	rhythm=OVERLAP;bass=DISJOINT;harmony=OVERLAP;phrase=OVERLAP;role=OVERLAP;transformation=OVERLAP;negative=OVERLAP
House/BASE	Techno/BASE	NO	NOT_APPLICABLE	OVERLAP	OVERLAP	OVERLAP	OVERLAP	OVERLAP	OVERLAP	OVERLAP	PARTIALLY DISTINCT	rhythm=OVERLAP;bass=OVERLAP;harmony=OVERLAP;phrase=OVERLAP;role=OVERLAP;transformation=OVERLAP;negative=OVERLAP
House/BASE	Trip-Hop/BASE	NO	NOT_APPLICABLE	OVERLAP	DISJOINT	DISJOINT	DISJOINT	DISJOINT	OVERLAP	OVERLAP	STRUCTURALLY DISTINCT	rhythm=OVERLAP;bass=DISJOINT;harmony=DISJOINT;phrase=DISJOINT;role=DISJOINT;transformation=OVERLAP;negative=OVERLAP
House/BASE	UK Garage/BASE	NO	NOT_APPLICABLE	OVERLAP	DISJOINT	OVERLAP	OVERLAP	OVERLAP	OVERLAP	OVERLAP	PARTIALLY DISTINCT	rhythm=OVERLAP;bass=DISJOINT;harmony=OVERLAP;phrase=OVERLAP;role=OVERLAP;transformation=OVERLAP;negative=OVERLAP
Lo-Fi/BASE	Lo-Fi/Classic Chill	YES	NOT_APPLICABLE	OVERLAP	OVERLAP	OVERLAP	OVERLAP	OVERLAP	OVERLAP	OVERLAP	PARTIALLY DISTINCT	rhythm=OVERLAP;bass=OVERLAP;harmony=OVERLAP;phrase=OVERLAP;role=OVERLAP;transformation=OVERLAP;negative=OVERLAP
Lo-Fi/BASE	Lo-Fi/Drunken Groove	YES	NOT_APPLICABLE	OVERLAP	OVERLAP	OVERLAP	OVERLAP	OVERLAP	OVERLAP	OVERLAP	PARTIALLY DISTINCT	rhythm=OVERLAP;bass=OVERLAP;harmony=OVERLAP;phrase=OVERLAP;role=OVERLAP;transformation=OVERLAP;negative=OVERLAP
Lo-Fi/BASE	Lo-Fi/Lo-Fi House	YES	NOT_APPLICABLE	OVERLAP	DISJOINT	OVERLAP	DISJOINT	OVERLAP	OVERLAP	OVERLAP	STRUCTURALLY DISTINCT	rhythm=OVERLAP;bass=DISJOINT;harmony=OVERLAP;phrase=DISJOINT;role=OVERLAP;transformation=OVERLAP;negative=OVERLAP
Lo-Fi/BASE	Lo-Fi/Minimal Sleep	YES	NOT_APPLICABLE	OVERLAP	OVERLAP	OVERLAP	OVERLAP	OVERLAP	OVERLAP	OVERLAP	PARTIALLY DISTINCT	rhythm=OVERLAP;bass=OVERLAP;harmony=OVERLAP;phrase=OVERLAP;role=OVERLAP;transformation=OVERLAP;negative=OVERLAP
Lo-Fi/BASE	Rave/BASE	NO	NOT_APPLICABLE	OVERLAP	DISJOINT	DISJOINT	DISJOINT	DISJOINT	DISJOINT	OVERLAP	STRUCTURALLY DISTINCT	rhythm=OVERLAP;bass=DISJOINT;harmony=DISJOINT;phrase=DISJOINT;role=DISJOINT;transformation=DISJOINT;negative=OVERLAP
Lo-Fi/BASE	Rave/Psytrance	NO	NOT_APPLICABLE	OVERLAP	DISJOINT	DISJOINT	DISJOINT	DISJOINT	DISJOINT	OVERLAP	STRUCTURALLY DISTINCT	rhythm=OVERLAP;bass=DISJOINT;harmony=DISJOINT;phrase=DISJOINT;role=DISJOINT;transformation=DISJOINT;negative=OVERLAP
Lo-Fi/BASE	Synthwave/BASE	NO	NOT_APPLICABLE	OVERLAP	DISJOINT	DISJOINT	DISJOINT	DISJOINT	OVERLAP	OVERLAP	STRUCTURALLY DISTINCT	rhythm=OVERLAP;bass=DISJOINT;harmony=DISJOINT;phrase=DISJOINT;role=DISJOINT;transformation=OVERLAP;negative=OVERLAP
Lo-Fi/BASE	Techno/BASE	NO	NOT_APPLICABLE	OVERLAP	DISJOINT	DISJOINT	DISJOINT	DISJOINT	OVERLAP	OVERLAP	STRUCTURALLY DISTINCT	rhythm=OVERLAP;bass=DISJOINT;harmony=DISJOINT;phrase=DISJOINT;role=DISJOINT;transformation=OVERLAP;negative=OVERLAP
Lo-Fi/BASE	Trip-Hop/BASE	NO	NOT_APPLICABLE	OVERLAP	OVERLAP	OVERLAP	DISJOINT	DISJOINT	OVERLAP	OVERLAP	STRUCTURALLY DISTINCT	rhythm=OVERLAP;bass=OVERLAP;harmony=OVERLAP;phrase=DISJOINT;role=DISJOINT;transformation=OVERLAP;negative=OVERLAP
Lo-Fi/BASE	UK Garage/BASE	NO	NOT_APPLICABLE	DISJOINT	OVERLAP	DISJOINT	DISJOINT	DISJOINT	OVERLAP	OVERLAP	STRUCTURALLY DISTINCT	rhythm=DISJOINT;bass=OVERLAP;harmony=DISJOINT;phrase=DISJOINT;role=DISJOINT;transformation=OVERLAP;negative=OVERLAP
Lo-Fi/Classic Chill	Lo-Fi/Drunken Groove	YES	NO	OVERLAP	OVERLAP	OVERLAP	OVERLAP	OVERLAP	OVERLAP	OVERLAP	PARTIALLY DISTINCT	rhythm=OVERLAP;bass=OVERLAP;harmony=OVERLAP;phrase=OVERLAP;role=OVERLAP;transformation=OVERLAP;negative=OVERLAP
Lo-Fi/Classic Chill	Lo-Fi/Lo-Fi House	YES	NO	DISJOINT	DISJOINT	OVERLAP	DISJOINT	OVERLAP	OVERLAP	OVERLAP	STRUCTURALLY DISTINCT	rhythm=DISJOINT;bass=DISJOINT;harmony=OVERLAP;phrase=DISJOINT;role=OVERLAP;transformation=OVERLAP;negative=OVERLAP
Lo-Fi/Classic Chill	Lo-Fi/Minimal Sleep	YES	NO	OVERLAP	OVERLAP	OVERLAP	OVERLAP	OVERLAP	OVERLAP	OVERLAP	PARTIALLY DISTINCT	rhythm=OVERLAP;bass=OVERLAP;harmony=OVERLAP;phrase=OVERLAP;role=OVERLAP;transformation=OVERLAP;negative=OVERLAP
Lo-Fi/Classic Chill	Rave/BASE	NO	NOT_APPLICABLE	DISJOINT	DISJOINT	DISJOINT	DISJOINT	DISJOINT	DISJOINT	OVERLAP	STRUCTURALLY DISTINCT	rhythm=DISJOINT;bass=DISJOINT;harmony=DISJOINT;phrase=DISJOINT;role=DISJOINT;transformation=DISJOINT;negative=OVERLAP
Lo-Fi/Classic Chill	Rave/Psytrance	NO	NO	DISJOINT	DISJOINT	DISJOINT	DISJOINT	DISJOINT	DISJOINT	OVERLAP	STRUCTURALLY DISTINCT	rhythm=DISJOINT;bass=DISJOINT;harmony=DISJOINT;phrase=DISJOINT;role=DISJOINT;transformation=DISJOINT;negative=OVERLAP
Lo-Fi/Classic Chill	Synthwave/BASE	NO	NOT_APPLICABLE	DISJOINT	DISJOINT	DISJOINT	DISJOINT	DISJOINT	OVERLAP	OVERLAP	STRUCTURALLY DISTINCT	rhythm=DISJOINT;bass=DISJOINT;harmony=DISJOINT;phrase=DISJOINT;role=DISJOINT;transformation=OVERLAP;negative=OVERLAP
Lo-Fi/Classic Chill	Techno/BASE	NO	NOT_APPLICABLE	DISJOINT	DISJOINT	DISJOINT	DISJOINT	DISJOINT	OVERLAP	OVERLAP	STRUCTURALLY DISTINCT	rhythm=DISJOINT;bass=DISJOINT;harmony=DISJOINT;phrase=DISJOINT;role=DISJOINT;transformation=OVERLAP;negative=OVERLAP
Lo-Fi/Classic Chill	Trip-Hop/BASE	NO	NOT_APPLICABLE	OVERLAP	OVERLAP	OVERLAP	DISJOINT	DISJOINT	OVERLAP	OVERLAP	STRUCTURALLY DISTINCT	rhythm=OVERLAP;bass=OVERLAP;harmony=OVERLAP;phrase=DISJOINT;role=DISJOINT;transformation=OVERLAP;negative=OVERLAP
Lo-Fi/Classic Chill	UK Garage/BASE	NO	NOT_APPLICABLE	DISJOINT	OVERLAP	DISJOINT	DISJOINT	DISJOINT	OVERLAP	OVERLAP	STRUCTURALLY DISTINCT	rhythm=DISJOINT;bass=OVERLAP;harmony=DISJOINT;phrase=DISJOINT;role=DISJOINT;transformation=OVERLAP;negative=OVERLAP
Lo-Fi/Drunken Groove	Lo-Fi/Lo-Fi House	YES	NO	OVERLAP	DISJOINT	OVERLAP	OVERLAP	OVERLAP	OVERLAP	OVERLAP	PARTIALLY DISTINCT	rhythm=OVERLAP;bass=DISJOINT;harmony=OVERLAP;phrase=OVERLAP;role=OVERLAP;transformation=OVERLAP;negative=OVERLAP
Lo-Fi/Drunken Groove	Lo-Fi/Minimal Sleep	YES	NO	OVERLAP	OVERLAP	OVERLAP	OVERLAP	OVERLAP	OVERLAP	OVERLAP	PARTIALLY DISTINCT	rhythm=OVERLAP;bass=OVERLAP;harmony=OVERLAP;phrase=OVERLAP;role=OVERLAP;transformation=OVERLAP;negative=OVERLAP
Lo-Fi/Drunken Groove	Rave/BASE	NO	NOT_APPLICABLE	DISJOINT	DISJOINT	DISJOINT	OVERLAP	DISJOINT	OVERLAP	OVERLAP	STRUCTURALLY DISTINCT	rhythm=DISJOINT;bass=DISJOINT;harmony=DISJOINT;phrase=OVERLAP;role=DISJOINT;transformation=OVERLAP;negative=OVERLAP
Lo-Fi/Drunken Groove	Rave/Psytrance	NO	NO	DISJOINT	DISJOINT	DISJOINT	OVERLAP	DISJOINT	DISJOINT	OVERLAP	STRUCTURALLY DISTINCT	rhythm=DISJOINT;bass=DISJOINT;harmony=DISJOINT;phrase=OVERLAP;role=DISJOINT;transformation=DISJOINT;negative=OVERLAP
Lo-Fi/Drunken Groove	Synthwave/BASE	NO	NOT_APPLICABLE	OVERLAP	DISJOINT	DISJOINT	OVERLAP	DISJOINT	OVERLAP	OVERLAP	STRUCTURALLY DISTINCT	rhythm=OVERLAP;bass=DISJOINT;harmony=DISJOINT;phrase=OVERLAP;role=DISJOINT;transformation=OVERLAP;negative=OVERLAP
Lo-Fi/Drunken Groove	Techno/BASE	NO	NOT_APPLICABLE	DISJOINT	DISJOINT	DISJOINT	OVERLAP	DISJOINT	OVERLAP	OVERLAP	STRUCTURALLY DISTINCT	rhythm=DISJOINT;bass=DISJOINT;harmony=DISJOINT;phrase=OVERLAP;role=DISJOINT;transformation=OVERLAP;negative=OVERLAP
Lo-Fi/Drunken Groove	Trip-Hop/BASE	NO	NOT_APPLICABLE	OVERLAP	OVERLAP	OVERLAP	DISJOINT	DISJOINT	OVERLAP	OVERLAP	STRUCTURALLY DISTINCT	rhythm=OVERLAP;bass=OVERLAP;harmony=OVERLAP;phrase=DISJOINT;role=DISJOINT;transformation=OVERLAP;negative=OVERLAP
Lo-Fi/Drunken Groove	UK Garage/BASE	NO	NOT_APPLICABLE	DISJOINT	OVERLAP	DISJOINT	DISJOINT	DISJOINT	OVERLAP	OVERLAP	STRUCTURALLY DISTINCT	rhythm=DISJOINT;bass=OVERLAP;harmony=DISJOINT;phrase=DISJOINT;role=DISJOINT;transformation=OVERLAP;negative=OVERLAP
Lo-Fi/Lo-Fi House	Lo-Fi/Minimal Sleep	YES	NO	OVERLAP	OVERLAP	OVERLAP	OVERLAP	OVERLAP	DISJOINT	OVERLAP	PARTIALLY DISTINCT	rhythm=OVERLAP;bass=OVERLAP;harmony=OVERLAP;phrase=OVERLAP;role=OVERLAP;transformation=DISJOINT;negative=OVERLAP
Lo-Fi/Lo-Fi House	Rave/BASE	NO	NOT_APPLICABLE	OVERLAP	DISJOINT	DISJOINT	OVERLAP	DISJOINT	OVERLAP	OVERLAP	STRUCTURALLY DISTINCT	rhythm=OVERLAP;bass=DISJOINT;harmony=DISJOINT;phrase=OVERLAP;role=DISJOINT;transformation=OVERLAP;negative=OVERLAP
Lo-Fi/Lo-Fi House	Rave/Psytrance	NO	NO	OVERLAP	DISJOINT	DISJOINT	OVERLAP	DISJOINT	OVERLAP	OVERLAP	STRUCTURALLY DISTINCT	rhythm=OVERLAP;bass=DISJOINT;harmony=DISJOINT;phrase=OVERLAP;role=DISJOINT;transformation=OVERLAP;negative=OVERLAP
Lo-Fi/Lo-Fi House	Synthwave/BASE	NO	NOT_APPLICABLE	OVERLAP	OVERLAP	DISJOINT	DISJOINT	DISJOINT	OVERLAP	OVERLAP	STRUCTURALLY DISTINCT	rhythm=OVERLAP;bass=OVERLAP;harmony=DISJOINT;phrase=DISJOINT;role=DISJOINT;transformation=OVERLAP;negative=OVERLAP
Lo-Fi/Lo-Fi House	Techno/BASE	NO	NOT_APPLICABLE	OVERLAP	DISJOINT	DISJOINT	OVERLAP	DISJOINT	OVERLAP	OVERLAP	STRUCTURALLY DISTINCT	rhythm=OVERLAP;bass=DISJOINT;harmony=DISJOINT;phrase=OVERLAP;role=DISJOINT;transformation=OVERLAP;negative=OVERLAP
Lo-Fi/Lo-Fi House	Trip-Hop/BASE	NO	NOT_APPLICABLE	OVERLAP	DISJOINT	OVERLAP	DISJOINT	DISJOINT	OVERLAP	OVERLAP	STRUCTURALLY DISTINCT	rhythm=OVERLAP;bass=DISJOINT;harmony=OVERLAP;phrase=DISJOINT;role=DISJOINT;transformation=OVERLAP;negative=OVERLAP
Lo-Fi/Lo-Fi House	UK Garage/BASE	NO	NOT_APPLICABLE	OVERLAP	OVERLAP	DISJOINT	DISJOINT	DISJOINT	OVERLAP	OVERLAP	STRUCTURALLY DISTINCT	rhythm=OVERLAP;bass=OVERLAP;harmony=DISJOINT;phrase=DISJOINT;role=DISJOINT;transformation=OVERLAP;negative=OVERLAP
Lo-Fi/Minimal Sleep	Rave/BASE	NO	NOT_APPLICABLE	OVERLAP	DISJOINT	DISJOINT	DISJOINT	DISJOINT	DISJOINT	OVERLAP	STRUCTURALLY DISTINCT	rhythm=OVERLAP;bass=DISJOINT;harmony=DISJOINT;phrase=DISJOINT;role=DISJOINT;transformation=DISJOINT;negative=OVERLAP
Lo-Fi/Minimal Sleep	Rave/Psytrance	NO	NO	OVERLAP	DISJOINT	DISJOINT	DISJOINT	DISJOINT	DISJOINT	OVERLAP	STRUCTURALLY DISTINCT	rhythm=OVERLAP;bass=DISJOINT;harmony=DISJOINT;phrase=DISJOINT;role=DISJOINT;transformation=DISJOINT;negative=OVERLAP
Lo-Fi/Minimal Sleep	Synthwave/BASE	NO	NOT_APPLICABLE	OVERLAP	DISJOINT	DISJOINT	DISJOINT	DISJOINT	DISJOINT	OVERLAP	STRUCTURALLY DISTINCT	rhythm=OVERLAP;bass=DISJOINT;harmony=DISJOINT;phrase=DISJOINT;role=DISJOINT;transformation=DISJOINT;negative=OVERLAP
Lo-Fi/Minimal Sleep	Techno/BASE	NO	NOT_APPLICABLE	OVERLAP	DISJOINT	DISJOINT	DISJOINT	DISJOINT	OVERLAP	OVERLAP	STRUCTURALLY DISTINCT	rhythm=OVERLAP;bass=DISJOINT;harmony=DISJOINT;phrase=DISJOINT;role=DISJOINT;transformation=OVERLAP;negative=OVERLAP
Lo-Fi/Minimal Sleep	Trip-Hop/BASE	NO	NOT_APPLICABLE	OVERLAP	OVERLAP	OVERLAP	DISJOINT	DISJOINT	OVERLAP	OVERLAP	STRUCTURALLY DISTINCT	rhythm=OVERLAP;bass=OVERLAP;harmony=OVERLAP;phrase=DISJOINT;role=DISJOINT;transformation=OVERLAP;negative=OVERLAP
Lo-Fi/Minimal Sleep	UK Garage/BASE	NO	NOT_APPLICABLE	DISJOINT	OVERLAP	DISJOINT	DISJOINT	DISJOINT	OVERLAP	OVERLAP	STRUCTURALLY DISTINCT	rhythm=DISJOINT;bass=OVERLAP;harmony=DISJOINT;phrase=DISJOINT;role=DISJOINT;transformation=OVERLAP;negative=OVERLAP
Rave/BASE	Rave/Psytrance	YES	NOT_APPLICABLE	OVERLAP	OVERLAP	OVERLAP	OVERLAP	OVERLAP	OVERLAP	SAME	PARTIALLY DISTINCT	rhythm=OVERLAP;bass=OVERLAP;harmony=OVERLAP;phrase=OVERLAP;role=OVERLAP;transformation=OVERLAP;negative=SAME
Rave/BASE	Synthwave/BASE	NO	NOT_APPLICABLE	OVERLAP	DISJOINT	OVERLAP	OVERLAP	OVERLAP	DISJOINT	OVERLAP	STRUCTURALLY DISTINCT	rhythm=OVERLAP;bass=DISJOINT;harmony=OVERLAP;phrase=OVERLAP;role=OVERLAP;transformation=DISJOINT;negative=OVERLAP
Rave/BASE	Techno/BASE	NO	NOT_APPLICABLE	OVERLAP	OVERLAP	OVERLAP	OVERLAP	OVERLAP	OVERLAP	SAME	PARTIALLY DISTINCT	rhythm=OVERLAP;bass=OVERLAP;harmony=OVERLAP;phrase=OVERLAP;role=OVERLAP;transformation=OVERLAP;negative=SAME
Rave/BASE	Trip-Hop/BASE	NO	NOT_APPLICABLE	DISJOINT	DISJOINT	DISJOINT	OVERLAP	DISJOINT	OVERLAP	OVERLAP	STRUCTURALLY DISTINCT	rhythm=DISJOINT;bass=DISJOINT;harmony=DISJOINT;phrase=OVERLAP;role=DISJOINT;transformation=OVERLAP;negative=OVERLAP
Rave/BASE	UK Garage/BASE	NO	NOT_APPLICABLE	OVERLAP	DISJOINT	OVERLAP	DISJOINT	OVERLAP	OVERLAP	OVERLAP	STRUCTURALLY DISTINCT	rhythm=OVERLAP;bass=DISJOINT;harmony=OVERLAP;phrase=DISJOINT;role=OVERLAP;transformation=OVERLAP;negative=OVERLAP
Rave/Psytrance	Synthwave/BASE	NO	NOT_APPLICABLE	OVERLAP	DISJOINT	OVERLAP	OVERLAP	OVERLAP	DISJOINT	OVERLAP	STRUCTURALLY DISTINCT	rhythm=OVERLAP;bass=DISJOINT;harmony=OVERLAP;phrase=OVERLAP;role=OVERLAP;transformation=DISJOINT;negative=OVERLAP
Rave/Psytrance	Techno/BASE	NO	NOT_APPLICABLE	OVERLAP	OVERLAP	OVERLAP	OVERLAP	OVERLAP	OVERLAP	SAME	PARTIALLY DISTINCT	rhythm=OVERLAP;bass=OVERLAP;harmony=OVERLAP;phrase=OVERLAP;role=OVERLAP;transformation=OVERLAP;negative=SAME
Rave/Psytrance	Trip-Hop/BASE	NO	NOT_APPLICABLE	DISJOINT	DISJOINT	DISJOINT	DISJOINT	DISJOINT	DISJOINT	OVERLAP	STRUCTURALLY DISTINCT	rhythm=DISJOINT;bass=DISJOINT;harmony=DISJOINT;phrase=DISJOINT;role=DISJOINT;transformation=DISJOINT;negative=OVERLAP
Rave/Psytrance	UK Garage/BASE	NO	NOT_APPLICABLE	OVERLAP	DISJOINT	OVERLAP	DISJOINT	OVERLAP	OVERLAP	OVERLAP	STRUCTURALLY DISTINCT	rhythm=OVERLAP;bass=DISJOINT;harmony=OVERLAP;phrase=DISJOINT;role=OVERLAP;transformation=OVERLAP;negative=OVERLAP
Synthwave/BASE	Techno/BASE	NO	NOT_APPLICABLE	OVERLAP	DISJOINT	OVERLAP	OVERLAP	OVERLAP	OVERLAP	OVERLAP	PARTIALLY DISTINCT	rhythm=OVERLAP;bass=DISJOINT;harmony=OVERLAP;phrase=OVERLAP;role=OVERLAP;transformation=OVERLAP;negative=OVERLAP
Synthwave/BASE	Trip-Hop/BASE	NO	NOT_APPLICABLE	OVERLAP	DISJOINT	DISJOINT	DISJOINT	DISJOINT	OVERLAP	OVERLAP	STRUCTURALLY DISTINCT	rhythm=OVERLAP;bass=DISJOINT;harmony=DISJOINT;phrase=DISJOINT;role=DISJOINT;transformation=OVERLAP;negative=OVERLAP
Synthwave/BASE	UK Garage/BASE	NO	NOT_APPLICABLE	DISJOINT	OVERLAP	OVERLAP	DISJOINT	OVERLAP	OVERLAP	OVERLAP	STRUCTURALLY DISTINCT	rhythm=DISJOINT;bass=OVERLAP;harmony=OVERLAP;phrase=DISJOINT;role=OVERLAP;transformation=OVERLAP;negative=OVERLAP
Techno/BASE	Trip-Hop/BASE	NO	NOT_APPLICABLE	DISJOINT	DISJOINT	DISJOINT	OVERLAP	DISJOINT	OVERLAP	OVERLAP	STRUCTURALLY DISTINCT	rhythm=DISJOINT;bass=DISJOINT;harmony=DISJOINT;phrase=OVERLAP;role=DISJOINT;transformation=OVERLAP;negative=OVERLAP
Techno/BASE	UK Garage/BASE	NO	NOT_APPLICABLE	OVERLAP	DISJOINT	OVERLAP	DISJOINT	OVERLAP	OVERLAP	OVERLAP	STRUCTURALLY DISTINCT	rhythm=OVERLAP;bass=DISJOINT;harmony=OVERLAP;phrase=DISJOINT;role=OVERLAP;transformation=OVERLAP;negative=OVERLAP
Trip-Hop/BASE	UK Garage/BASE	NO	NOT_APPLICABLE	DISJOINT	OVERLAP	DISJOINT	DISJOINT	DISJOINT	OVERLAP	OVERLAP	STRUCTURALLY DISTINCT	rhythm=DISJOINT;bass=OVERLAP;harmony=DISJOINT;phrase=DISJOINT;role=DISJOINT;transformation=OVERLAP;negative=OVERLAP
