exact_base	c1rf_head	genre_a	genre_b	original_c1_classification	classification	declared_difference_domains	reachable_difference_domains	unreachable_difference_domains	unreliable_difference_domains	unmapped_trace_domains	shared_single_option_domains	shared_policy_restrictions	owner_unresolved_domains	failure_sensitive_domains	policy_inconsistency_domains	original_c1_changed_domains	fallback_trace_difference_domains	notes
0a2a6211ef00dcf2214dfd4704b6c34b424b1c9d	574b830526c784ffe761286096dd62e22d6361d4	Acid	Synthwave	STRONG_DISTINCTNESS	REACHABLE_POLICY_DIFFERENCE;MIXED_REACHABILITY;FAILURE_SENSITIVE	BASS_RHYTHM:MEMBERSHIP;CHORD_PROGRESSION:MEMBERSHIP;CHORD_RHYTHM:MEMBERSHIP;CORRIDOR_BPM_BOUNDS;CORRIDOR_DENSITY;CORRIDOR_SUGGESTED_BPM;DRUM_POLICY;RHYTHM_COMPATIBILITY:MEMBERSHIP;TONAL_BASS_CONTOUR;TONAL_MELODIC_CONTOUR	BASS_RHYTHM:MEMBERSHIP;CHORD_PROGRESSION:MEMBERSHIP;CHORD_RHYTHM:MEMBERSHIP;CORRIDOR_SUGGESTED_BPM;DRUM_POLICY;RHYTHM_COMPATIBILITY:MEMBERSHIP;TONAL_BASS_CONTOUR;TONAL_MELODIC_CONTOUR	CORRIDOR_BPM_BOUNDS;CORRIDOR_DENSITY	NONE	NONE	tonal.bass_articulation=PLAIN;tonal.melodic_motif_operation=NONE;tonal.melodic_rhythm_operation=PRESERVE	tonal.bass_articulation=PLAIN;tonal.melodic_motif_operation=NONE;tonal.melodic_rhythm_operation=PRESERVE	NONE	NORMAL_GENRE_STRONG_MIGRATION_PUBLICATION	NONE	RHYTHM;COMPOSITION_OTHER;CORRIDOR;TONAL;LEGACY_DRUM	LEGACY_BEHAVIOR;LEGACY_DRUM;LEGACY_PARAMS;LEGACY_TIMBRE	GF2_C2=BLOCKED
0a2a6211ef00dcf2214dfd4704b6c34b424b1c9d	574b830526c784ffe761286096dd62e22d6361d4	Acid	Darksynth	STRONG_DISTINCTNESS	REACHABLE_POLICY_DIFFERENCE;MIXED_REACHABILITY;FAILURE_SENSITIVE	CHORD_PROGRESSION:MEMBERSHIP;CORRIDOR_BPM_BOUNDS;CORRIDOR_DENSITY;CORRIDOR_SUGGESTED_BPM;DRUM_POLICY;RHYTHM_COMPATIBILITY:MEMBERSHIP;TONAL_BASS_CONTOUR;TONAL_MELODIC_CONTOUR	CHORD_PROGRESSION:MEMBERSHIP;CORRIDOR_SUGGESTED_BPM;DRUM_POLICY;RHYTHM_COMPATIBILITY:MEMBERSHIP;TONAL_BASS_CONTOUR;TONAL_MELODIC_CONTOUR	CORRIDOR_BPM_BOUNDS;CORRIDOR_DENSITY	NONE	NONE	tonal.bass_articulation=PLAIN;tonal.melodic_motif_operation=NONE;tonal.melodic_rhythm_operation=PRESERVE	tonal.bass_articulation=PLAIN;tonal.melodic_motif_operation=NONE;tonal.melodic_rhythm_operation=PRESERVE	NONE	NORMAL_GENRE_STRONG_MIGRATION_PUBLICATION	NONE	RHYTHM;COMPOSITION_OTHER;CORRIDOR;TONAL;LEGACY_DRUM	LEGACY_BEHAVIOR;LEGACY_DRUM;LEGACY_PARAMS;LEGACY_TIMBRE	GF2_C2=BLOCKED
0a2a6211ef00dcf2214dfd4704b6c34b424b1c9d	574b830526c784ffe761286096dd62e22d6361d4	Acid	Electro	STRONG_DISTINCTNESS	REACHABLE_POLICY_DIFFERENCE;MIXED_REACHABILITY;FAILURE_SENSITIVE	BASS_RHYTHM:MEMBERSHIP;CHORD_PROGRESSION:MEMBERSHIP;CHORD_RHYTHM:MEMBERSHIP;CORRIDOR_BPM_BOUNDS;CORRIDOR_DENSITY;CORRIDOR_SUGGESTED_BPM;DRUM_POLICY;MELODIC_RHYTHM:MEMBERSHIP;MOTIF_SHAPE:MEMBERSHIP;PHRASE_EVOLUTION:MEMBERSHIP;PROFILE_FEEL:MEMBERSHIP;RHYTHM_COMPATIBILITY:MEMBERSHIP;TONAL_BASS_CONTOUR;TONAL_MELODIC_CONTOUR	BASS_RHYTHM:MEMBERSHIP;CHORD_PROGRESSION:MEMBERSHIP;CHORD_RHYTHM:MEMBERSHIP;CORRIDOR_SUGGESTED_BPM;DRUM_POLICY;MELODIC_RHYTHM:MEMBERSHIP;MOTIF_SHAPE:MEMBERSHIP;RHYTHM_COMPATIBILITY:MEMBERSHIP;TONAL_BASS_CONTOUR;TONAL_MELODIC_CONTOUR	CORRIDOR_BPM_BOUNDS;CORRIDOR_DENSITY;PHRASE_EVOLUTION:MEMBERSHIP;PROFILE_FEEL:MEMBERSHIP	NONE	NONE	tonal.bass_articulation=PLAIN;tonal.melodic_motif_operation=NONE;tonal.melodic_rhythm_operation=PRESERVE	tonal.bass_articulation=PLAIN;tonal.melodic_motif_operation=NONE;tonal.melodic_rhythm_operation=PRESERVE	NONE	NORMAL_GENRE_STRONG_MIGRATION_PUBLICATION	NONE	RHYTHM;COMPOSITION_OTHER;CORRIDOR;TONAL;LEGACY_DRUM	LEGACY_BEHAVIOR;LEGACY_DRUM;LEGACY_PARAMS;LEGACY_TIMBRE	GF2_C2=BLOCKED
0a2a6211ef00dcf2214dfd4704b6c34b424b1c9d	574b830526c784ffe761286096dd62e22d6361d4	Acid	Rave	STRONG_DISTINCTNESS	REACHABLE_POLICY_DIFFERENCE;MIXED_REACHABILITY;PARTIALLY_REACHABLE;FAILURE_SENSITIVE	CORRIDOR_BPM_BOUNDS;CORRIDOR_DENSITY;CORRIDOR_SUGGESTED_BPM;DRUM_POLICY;PHRASE_EVOLUTION:MEMBERSHIP;PHRASE_LENGTH:MEMBERSHIP;RHYTHM_COMPATIBILITY:MEMBERSHIP;TONAL_BASS_CONTOUR;TONAL_BASS_REGISTER;TONAL_MELODIC_CONTOUR	CORRIDOR_SUGGESTED_BPM;DRUM_POLICY;RHYTHM_COMPATIBILITY:MEMBERSHIP;TONAL_BASS_CONTOUR;TONAL_BASS_REGISTER;TONAL_MELODIC_CONTOUR	CORRIDOR_BPM_BOUNDS;CORRIDOR_DENSITY;PHRASE_EVOLUTION:MEMBERSHIP	PHRASE_LENGTH:MEMBERSHIP	NONE	tonal.bass_articulation=PLAIN;tonal.melodic_motif_operation=NONE;tonal.melodic_rhythm_operation=PRESERVE	tonal.bass_articulation=PLAIN;tonal.melodic_motif_operation=NONE;tonal.melodic_rhythm_operation=PRESERVE	NONE	NORMAL_GENRE_STRONG_MIGRATION_PUBLICATION	NONE	RHYTHM;COMPOSITION_OTHER;CORRIDOR;TONAL;LEGACY_DRUM	LEGACY_BEHAVIOR;LEGACY_DRUM;LEGACY_PARAMS;LEGACY_TIMBRE	GF2_C2=BLOCKED
0a2a6211ef00dcf2214dfd4704b6c34b424b1c9d	574b830526c784ffe761286096dd62e22d6361d4	Acid	Dub/Reggae	STRONG_DISTINCTNESS	REACHABLE_POLICY_DIFFERENCE;MIXED_REACHABILITY;PARTIALLY_REACHABLE;FAILURE_SENSITIVE	BASS_RHYTHM:MEMBERSHIP;CHORD_PROGRESSION:MEMBERSHIP;CHORD_RHYTHM:MEMBERSHIP;CORRIDOR_BPM_BOUNDS;CORRIDOR_DENSITY;CORRIDOR_SUGGESTED_BPM;DRUM_POLICY;MELODIC_RHYTHM:MEMBERSHIP;MOTIF_SHAPE:MEMBERSHIP;PHRASE_EVOLUTION:MEMBERSHIP;PHRASE_LENGTH:MEMBERSHIP;PROFILE_FEEL:MEMBERSHIP;RHYTHM_COMPATIBILITY:MEMBERSHIP;SECONDARY_ROLE;TONAL_BASS_CONTOUR;TONAL_MELODIC_CONTOUR	BASS_RHYTHM:MEMBERSHIP;CHORD_PROGRESSION:MEMBERSHIP;CHORD_RHYTHM:MEMBERSHIP;CORRIDOR_SUGGESTED_BPM;DRUM_POLICY;MELODIC_RHYTHM:MEMBERSHIP;MOTIF_SHAPE:MEMBERSHIP;RHYTHM_COMPATIBILITY:MEMBERSHIP;SECONDARY_ROLE;TONAL_BASS_CONTOUR;TONAL_MELODIC_CONTOUR	CORRIDOR_BPM_BOUNDS;CORRIDOR_DENSITY;PHRASE_EVOLUTION:MEMBERSHIP;PROFILE_FEEL:MEMBERSHIP	PHRASE_LENGTH:MEMBERSHIP	NONE	tonal.bass_articulation=PLAIN;tonal.melodic_motif_operation=NONE;tonal.melodic_rhythm_operation=PRESERVE	tonal.bass_articulation=PLAIN;tonal.melodic_motif_operation=NONE;tonal.melodic_rhythm_operation=PRESERVE	NONE	NORMAL_GENRE_STRONG_MIGRATION_PUBLICATION	NONE	RHYTHM;COMPOSITION_OTHER;CORRIDOR;ROLE;TONAL;LEGACY_DRUM	LEGACY_BEHAVIOR;LEGACY_DRUM;LEGACY_PARAMS;LEGACY_TIMBRE	GF2_C2=BLOCKED
0a2a6211ef00dcf2214dfd4704b6c34b424b1c9d	574b830526c784ffe761286096dd62e22d6361d4	Acid	Trip-Hop	STRONG_DISTINCTNESS	REACHABLE_POLICY_DIFFERENCE;MIXED_REACHABILITY;PARTIALLY_REACHABLE;FAILURE_SENSITIVE	BASS_RHYTHM:MEMBERSHIP;CHORD_PROGRESSION:MEMBERSHIP;CHORD_RHYTHM:MEMBERSHIP;CORRIDOR_BPM_BOUNDS;CORRIDOR_DENSITY;CORRIDOR_SUGGESTED_BPM;DRUM_POLICY;MELODIC_RHYTHM:MEMBERSHIP;MOTIF_SHAPE:MEMBERSHIP;PHRASE_EVOLUTION:MEMBERSHIP;PHRASE_LENGTH:MEMBERSHIP;PROFILE_FEEL:MEMBERSHIP;RHYTHM_COMPATIBILITY:MEMBERSHIP;SECONDARY_ROLE;TONAL_BASS_CONTOUR;TONAL_MELODIC_CONTOUR	BASS_RHYTHM:MEMBERSHIP;CHORD_PROGRESSION:MEMBERSHIP;CHORD_RHYTHM:MEMBERSHIP;CORRIDOR_SUGGESTED_BPM;DRUM_POLICY;MELODIC_RHYTHM:MEMBERSHIP;MOTIF_SHAPE:MEMBERSHIP;RHYTHM_COMPATIBILITY:MEMBERSHIP;SECONDARY_ROLE;TONAL_BASS_CONTOUR;TONAL_MELODIC_CONTOUR	CORRIDOR_BPM_BOUNDS;CORRIDOR_DENSITY;PHRASE_EVOLUTION:MEMBERSHIP;PROFILE_FEEL:MEMBERSHIP	PHRASE_LENGTH:MEMBERSHIP	NONE	tonal.bass_articulation=PLAIN;tonal.melodic_motif_operation=NONE;tonal.melodic_rhythm_operation=PRESERVE	tonal.bass_articulation=PLAIN;tonal.melodic_motif_operation=NONE;tonal.melodic_rhythm_operation=PRESERVE	NONE	NORMAL_GENRE_STRONG_MIGRATION_PUBLICATION	NONE	RHYTHM;COMPOSITION_OTHER;CORRIDOR;ROLE;TONAL;LEGACY_DRUM	LEGACY_BEHAVIOR;LEGACY_DRUM;LEGACY_PARAMS;LEGACY_TIMBRE	GF2_C2=BLOCKED
0a2a6211ef00dcf2214dfd4704b6c34b424b1c9d	574b830526c784ffe761286096dd62e22d6361d4	Acid	Breaks	STRONG_DISTINCTNESS	REACHABLE_POLICY_DIFFERENCE;MIXED_REACHABILITY;FAILURE_SENSITIVE	BASS_RHYTHM:MEMBERSHIP;CHORD_PROGRESSION:MEMBERSHIP;CHORD_RHYTHM:MEMBERSHIP;CORRIDOR_BPM_BOUNDS;CORRIDOR_DENSITY;DRUM_POLICY;MELODIC_RHYTHM:MEMBERSHIP;MOTIF_SHAPE:MEMBERSHIP;PHRASE_EVOLUTION:MEMBERSHIP;PROFILE_FEEL:MEMBERSHIP;RHYTHM_COMPATIBILITY:MEMBERSHIP;TONAL_BASS_CONTOUR;TONAL_MELODIC_CONTOUR	BASS_RHYTHM:MEMBERSHIP;CHORD_PROGRESSION:MEMBERSHIP;CHORD_RHYTHM:MEMBERSHIP;DRUM_POLICY;MELODIC_RHYTHM:MEMBERSHIP;MOTIF_SHAPE:MEMBERSHIP;RHYTHM_COMPATIBILITY:MEMBERSHIP;TONAL_BASS_CONTOUR;TONAL_MELODIC_CONTOUR	CORRIDOR_BPM_BOUNDS;CORRIDOR_DENSITY;PHRASE_EVOLUTION:MEMBERSHIP;PROFILE_FEEL:MEMBERSHIP	NONE	NONE	tonal.bass_articulation=PLAIN;tonal.melodic_motif_operation=NONE;tonal.melodic_rhythm_operation=PRESERVE	tonal.bass_articulation=PLAIN;tonal.melodic_motif_operation=NONE;tonal.melodic_rhythm_operation=PRESERVE	NONE	NORMAL_GENRE_STRONG_MIGRATION_PUBLICATION	NONE	RHYTHM;COMPOSITION_OTHER;CORRIDOR;TONAL;LEGACY_DRUM	LEGACY_BEHAVIOR;LEGACY_DRUM;LEGACY_PARAMS;LEGACY_TIMBRE	GF2_C2=BLOCKED
0a2a6211ef00dcf2214dfd4704b6c34b424b1c9d	574b830526c784ffe761286096dd62e22d6361d4	Acid	Chip	STRONG_DISTINCTNESS	REACHABLE_POLICY_DIFFERENCE;MIXED_REACHABILITY;PARTIALLY_REACHABLE;FAILURE_SENSITIVE	BASS_RHYTHM:MEMBERSHIP;CHORD_PROGRESSION:MEMBERSHIP;CORRIDOR_BPM_BOUNDS;CORRIDOR_DENSITY;CORRIDOR_SUGGESTED_BPM;DRUM_POLICY;PHRASE_EVOLUTION:MEMBERSHIP;PHRASE_LENGTH:MEMBERSHIP;RHYTHM_COMPATIBILITY:MEMBERSHIP;TONAL_BASS_CONTOUR;TONAL_MELODIC_CONTOUR	BASS_RHYTHM:MEMBERSHIP;CHORD_PROGRESSION:MEMBERSHIP;CORRIDOR_SUGGESTED_BPM;DRUM_POLICY;RHYTHM_COMPATIBILITY:MEMBERSHIP;TONAL_BASS_CONTOUR;TONAL_MELODIC_CONTOUR	CORRIDOR_BPM_BOUNDS;CORRIDOR_DENSITY;PHRASE_EVOLUTION:MEMBERSHIP	PHRASE_LENGTH:MEMBERSHIP	NONE	tonal.bass_articulation=PLAIN;tonal.melodic_motif_operation=NONE;tonal.melodic_rhythm_operation=PRESERVE	tonal.bass_articulation=PLAIN;tonal.melodic_motif_operation=NONE;tonal.melodic_rhythm_operation=PRESERVE	NONE	NORMAL_GENRE_STRONG_MIGRATION_PUBLICATION	NONE	RHYTHM;COMPOSITION_OTHER;CORRIDOR;TONAL;LEGACY_DRUM	LEGACY_BEHAVIOR;LEGACY_DRUM;LEGACY_PARAMS;LEGACY_TIMBRE	GF2_C2=BLOCKED
0a2a6211ef00dcf2214dfd4704b6c34b424b1c9d	574b830526c784ffe761286096dd62e22d6361d4	Acid	House	STRONG_DISTINCTNESS	REACHABLE_POLICY_DIFFERENCE;MIXED_REACHABILITY;FAILURE_SENSITIVE	CHORD_PROGRESSION:MEMBERSHIP;CORRIDOR_BPM_BOUNDS;CORRIDOR_DENSITY;CORRIDOR_SUGGESTED_BPM;DRUM_POLICY;PROFILE_FEEL:MEMBERSHIP;RHYTHM_COMPATIBILITY:MEMBERSHIP;TONAL_BASS_CONTOUR;TONAL_BASS_REGISTER;TONAL_MELODIC_CONTOUR	CHORD_PROGRESSION:MEMBERSHIP;CORRIDOR_SUGGESTED_BPM;DRUM_POLICY;RHYTHM_COMPATIBILITY:MEMBERSHIP;TONAL_BASS_CONTOUR;TONAL_BASS_REGISTER;TONAL_MELODIC_CONTOUR	CORRIDOR_BPM_BOUNDS;CORRIDOR_DENSITY;PROFILE_FEEL:MEMBERSHIP	NONE	NONE	tonal.bass_articulation=PLAIN;tonal.melodic_motif_operation=NONE;tonal.melodic_rhythm_operation=PRESERVE	tonal.bass_articulation=PLAIN;tonal.melodic_motif_operation=NONE;tonal.melodic_rhythm_operation=PRESERVE	NONE	NORMAL_GENRE_STRONG_MIGRATION_PUBLICATION	NONE	RHYTHM;COMPOSITION_OTHER;CORRIDOR;TONAL;LEGACY_DRUM	LEGACY_BEHAVIOR;LEGACY_DRUM;LEGACY_PARAMS;LEGACY_TIMBRE	GF2_C2=BLOCKED
0a2a6211ef00dcf2214dfd4704b6c34b424b1c9d	574b830526c784ffe761286096dd62e22d6361d4	Acid	Techno	PARTIAL_COLLISION	REACHABLE_POLICY_DIFFERENCE;MIXED_REACHABILITY;FAILURE_SENSITIVE	CORRIDOR_BPM_BOUNDS;CORRIDOR_DENSITY;CORRIDOR_SUGGESTED_BPM;DRUM_POLICY;RHYTHM_COMPATIBILITY:MEMBERSHIP;TONAL_BASS_CONTOUR;TONAL_BASS_REGISTER;TONAL_MELODIC_CONTOUR	CORRIDOR_SUGGESTED_BPM;DRUM_POLICY;RHYTHM_COMPATIBILITY:MEMBERSHIP;TONAL_BASS_CONTOUR;TONAL_BASS_REGISTER;TONAL_MELODIC_CONTOUR	CORRIDOR_BPM_BOUNDS;CORRIDOR_DENSITY	NONE	NONE	tonal.bass_articulation=PLAIN;tonal.melodic_motif_operation=NONE;tonal.melodic_rhythm_operation=PRESERVE	tonal.bass_articulation=PLAIN;tonal.melodic_motif_operation=NONE;tonal.melodic_rhythm_operation=PRESERVE	NONE	NORMAL_GENRE_STRONG_MIGRATION_PUBLICATION	NONE	RHYTHM;CORRIDOR;TONAL;LEGACY_DRUM	LEGACY_BEHAVIOR;LEGACY_DRUM;LEGACY_PARAMS;LEGACY_TIMBRE	GF2_C2=BLOCKED
0a2a6211ef00dcf2214dfd4704b6c34b424b1c9d	574b830526c784ffe761286096dd62e22d6361d4	Acid	Hip-Hop	STRONG_DISTINCTNESS	REACHABLE_POLICY_DIFFERENCE;MIXED_REACHABILITY;FAILURE_SENSITIVE	BASS_RHYTHM:MEMBERSHIP;CHORD_PROGRESSION:MEMBERSHIP;CHORD_RHYTHM:MEMBERSHIP;CORRIDOR_BPM_BOUNDS;CORRIDOR_DENSITY;CORRIDOR_SUGGESTED_BPM;DRUM_POLICY;MELODIC_RHYTHM:MEMBERSHIP;MOTIF_SHAPE:MEMBERSHIP;PHRASE_EVOLUTION:MEMBERSHIP;PROFILE_FEEL:MEMBERSHIP;RHYTHM_COMPATIBILITY:MEMBERSHIP;SECONDARY_ROLE;TONAL_BASS_CONTOUR;TONAL_MELODIC_CONTOUR	BASS_RHYTHM:MEMBERSHIP;CHORD_PROGRESSION:MEMBERSHIP;CHORD_RHYTHM:MEMBERSHIP;CORRIDOR_SUGGESTED_BPM;DRUM_POLICY;MELODIC_RHYTHM:MEMBERSHIP;MOTIF_SHAPE:MEMBERSHIP;RHYTHM_COMPATIBILITY:MEMBERSHIP;SECONDARY_ROLE;TONAL_BASS_CONTOUR;TONAL_MELODIC_CONTOUR	CORRIDOR_BPM_BOUNDS;CORRIDOR_DENSITY;PHRASE_EVOLUTION:MEMBERSHIP;PROFILE_FEEL:MEMBERSHIP	NONE	NONE	tonal.bass_articulation=PLAIN;tonal.melodic_motif_operation=NONE;tonal.melodic_rhythm_operation=PRESERVE	tonal.bass_articulation=PLAIN;tonal.melodic_motif_operation=NONE;tonal.melodic_rhythm_operation=PRESERVE	NONE	NORMAL_GENRE_STRONG_MIGRATION_PUBLICATION	NONE	RHYTHM;COMPOSITION_OTHER;CORRIDOR;ROLE;TONAL;LEGACY_DRUM	LEGACY_BEHAVIOR;LEGACY_DRUM;LEGACY_PARAMS;LEGACY_TIMBRE	GF2_C2=BLOCKED
0a2a6211ef00dcf2214dfd4704b6c34b424b1c9d	574b830526c784ffe761286096dd62e22d6361d4	Acid	Funk/Soul	STRONG_DISTINCTNESS	REACHABLE_POLICY_DIFFERENCE;MIXED_REACHABILITY;FAILURE_SENSITIVE	BASS_RHYTHM:MEMBERSHIP;CHORD_PROGRESSION:MEMBERSHIP;CHORD_RHYTHM:MEMBERSHIP;CORRIDOR_BPM_BOUNDS;CORRIDOR_DENSITY;CORRIDOR_SUGGESTED_BPM;DRUM_POLICY;MELODIC_RHYTHM:MEMBERSHIP;MOTIF_SHAPE:MEMBERSHIP;PHRASE_EVOLUTION:MEMBERSHIP;PROFILE_FEEL:MEMBERSHIP;RHYTHM_COMPATIBILITY:MEMBERSHIP;SECONDARY_ROLE;TONAL_BASS_CONTOUR;TONAL_MELODIC_CONTOUR	BASS_RHYTHM:MEMBERSHIP;CHORD_PROGRESSION:MEMBERSHIP;CHORD_RHYTHM:MEMBERSHIP;CORRIDOR_SUGGESTED_BPM;DRUM_POLICY;MELODIC_RHYTHM:MEMBERSHIP;MOTIF_SHAPE:MEMBERSHIP;RHYTHM_COMPATIBILITY:MEMBERSHIP;SECONDARY_ROLE;TONAL_BASS_CONTOUR;TONAL_MELODIC_CONTOUR	CORRIDOR_BPM_BOUNDS;CORRIDOR_DENSITY;PHRASE_EVOLUTION:MEMBERSHIP;PROFILE_FEEL:MEMBERSHIP	NONE	NONE	tonal.bass_articulation=PLAIN;tonal.melodic_motif_operation=NONE;tonal.melodic_rhythm_operation=PRESERVE	tonal.bass_articulation=PLAIN;tonal.melodic_motif_operation=NONE;tonal.melodic_rhythm_operation=PRESERVE	NONE	NORMAL_GENRE_STRONG_MIGRATION_PUBLICATION	NONE	RHYTHM;COMPOSITION_OTHER;CORRIDOR;ROLE;TONAL;LEGACY_DRUM	LEGACY_BEHAVIOR;LEGACY_DRUM;LEGACY_PARAMS;LEGACY_TIMBRE	GF2_C2=BLOCKED
0a2a6211ef00dcf2214dfd4704b6c34b424b1c9d	574b830526c784ffe761286096dd62e22d6361d4	Acid	UK Garage	STRONG_DISTINCTNESS	REACHABLE_POLICY_DIFFERENCE;MIXED_REACHABILITY;FAILURE_SENSITIVE	BASS_RHYTHM:MEMBERSHIP;CHORD_PROGRESSION:MEMBERSHIP;CHORD_RHYTHM:MEMBERSHIP;CORRIDOR_BPM_BOUNDS;CORRIDOR_DENSITY;DRUM_POLICY;MELODIC_RHYTHM:MEMBERSHIP;MOTIF_SHAPE:MEMBERSHIP;PHRASE_EVOLUTION:MEMBERSHIP;PROFILE_FEEL:MEMBERSHIP;RHYTHM_COMPATIBILITY:MEMBERSHIP;TONAL_BASS_CONTOUR;TONAL_MELODIC_CONTOUR	BASS_RHYTHM:MEMBERSHIP;CHORD_PROGRESSION:MEMBERSHIP;CHORD_RHYTHM:MEMBERSHIP;DRUM_POLICY;MELODIC_RHYTHM:MEMBERSHIP;MOTIF_SHAPE:MEMBERSHIP;RHYTHM_COMPATIBILITY:MEMBERSHIP;TONAL_BASS_CONTOUR;TONAL_MELODIC_CONTOUR	CORRIDOR_BPM_BOUNDS;CORRIDOR_DENSITY;PHRASE_EVOLUTION:MEMBERSHIP;PROFILE_FEEL:MEMBERSHIP	NONE	NONE	tonal.bass_articulation=PLAIN;tonal.melodic_motif_operation=NONE;tonal.melodic_rhythm_operation=PRESERVE	tonal.bass_articulation=PLAIN;tonal.melodic_motif_operation=NONE;tonal.melodic_rhythm_operation=PRESERVE	NONE	NORMAL_GENRE_STRONG_MIGRATION_PUBLICATION	NONE	RHYTHM;COMPOSITION_OTHER;CORRIDOR;TONAL;LEGACY_DRUM	LEGACY_BEHAVIOR;LEGACY_DRUM;LEGACY_PARAMS;LEGACY_TIMBRE	GF2_C2=BLOCKED
0a2a6211ef00dcf2214dfd4704b6c34b424b1c9d	574b830526c784ffe761286096dd62e22d6361d4	Acid	Drum&Bass	STRONG_DISTINCTNESS	REACHABLE_POLICY_DIFFERENCE;MIXED_REACHABILITY;PARTIALLY_REACHABLE;FAILURE_SENSITIVE	CHORD_PROGRESSION:MEMBERSHIP;CHORD_RHYTHM:MEMBERSHIP;CORRIDOR_BPM_BOUNDS;CORRIDOR_DENSITY;CORRIDOR_SUGGESTED_BPM;DRUM_POLICY;MELODIC_RHYTHM:MEMBERSHIP;MOTIF_SHAPE:MEMBERSHIP;PHRASE_EVOLUTION:MEMBERSHIP;PHRASE_LENGTH:MEMBERSHIP;RHYTHM_COMPATIBILITY:MEMBERSHIP;TONAL_BASS_CONTOUR;TONAL_MELODIC_CONTOUR	CHORD_PROGRESSION:MEMBERSHIP;CHORD_RHYTHM:MEMBERSHIP;CORRIDOR_SUGGESTED_BPM;DRUM_POLICY;MELODIC_RHYTHM:MEMBERSHIP;MOTIF_SHAPE:MEMBERSHIP;RHYTHM_COMPATIBILITY:MEMBERSHIP;TONAL_BASS_CONTOUR;TONAL_MELODIC_CONTOUR	CORRIDOR_BPM_BOUNDS;CORRIDOR_DENSITY;PHRASE_EVOLUTION:MEMBERSHIP	PHRASE_LENGTH:MEMBERSHIP	NONE	tonal.bass_articulation=PLAIN;tonal.melodic_motif_operation=NONE;tonal.melodic_rhythm_operation=PRESERVE	tonal.bass_articulation=PLAIN;tonal.melodic_motif_operation=NONE;tonal.melodic_rhythm_operation=PRESERVE	NONE	NORMAL_GENRE_STRONG_MIGRATION_PUBLICATION	NONE	RHYTHM;COMPOSITION_OTHER;CORRIDOR;TONAL;LEGACY_DRUM	LEGACY_BEHAVIOR;LEGACY_DRUM;LEGACY_PARAMS;LEGACY_TIMBRE	GF2_C2=BLOCKED
0a2a6211ef00dcf2214dfd4704b6c34b424b1c9d	574b830526c784ffe761286096dd62e22d6361d4	Acid	Lo-Fi	STRONG_DISTINCTNESS	REACHABLE_POLICY_DIFFERENCE;MIXED_REACHABILITY;PARTIALLY_REACHABLE;FAILURE_SENSITIVE	BASS_RHYTHM:MEMBERSHIP;CHORD_PROGRESSION:MEMBERSHIP;CHORD_RHYTHM:MEMBERSHIP;CORRIDOR_BPM_BOUNDS;CORRIDOR_DENSITY;CORRIDOR_SUGGESTED_BPM;DRUM_POLICY;MELODIC_RHYTHM:MEMBERSHIP;MOTIF_SHAPE:MEMBERSHIP;PHRASE_EVOLUTION:MEMBERSHIP;PHRASE_LENGTH:MEMBERSHIP;PROFILE_FEEL:MEMBERSHIP;RHYTHM_COMPATIBILITY:MEMBERSHIP;SECONDARY_ROLE;TONAL_BASS_CONTOUR;TONAL_MELODIC_CONTOUR	BASS_RHYTHM:MEMBERSHIP;CHORD_PROGRESSION:MEMBERSHIP;CHORD_RHYTHM:MEMBERSHIP;CORRIDOR_SUGGESTED_BPM;DRUM_POLICY;MELODIC_RHYTHM:MEMBERSHIP;MOTIF_SHAPE:MEMBERSHIP;RHYTHM_COMPATIBILITY:MEMBERSHIP;SECONDARY_ROLE;TONAL_BASS_CONTOUR;TONAL_MELODIC_CONTOUR	CORRIDOR_BPM_BOUNDS;CORRIDOR_DENSITY;PHRASE_EVOLUTION:MEMBERSHIP;PROFILE_FEEL:MEMBERSHIP	PHRASE_LENGTH:MEMBERSHIP	NONE	tonal.bass_articulation=PLAIN;tonal.melodic_motif_operation=NONE;tonal.melodic_rhythm_operation=PRESERVE	tonal.bass_articulation=PLAIN;tonal.melodic_motif_operation=NONE;tonal.melodic_rhythm_operation=PRESERVE	NONE	NORMAL_GENRE_STRONG_MIGRATION_PUBLICATION	NONE	RHYTHM;COMPOSITION_OTHER;CORRIDOR;ROLE;TONAL;LEGACY_DRUM	LEGACY_BEHAVIOR;LEGACY_DRUM;LEGACY_PARAMS;LEGACY_TIMBRE	GF2_C2=BLOCKED
0a2a6211ef00dcf2214dfd4704b6c34b424b1c9d	574b830526c784ffe761286096dd62e22d6361d4	Synthwave	Darksynth	PARTIAL_COLLISION	REACHABLE_POLICY_DIFFERENCE;MIXED_REACHABILITY;FAILURE_SENSITIVE	BASS_RHYTHM:MEMBERSHIP;CHORD_PROGRESSION:MEMBERSHIP;CHORD_RHYTHM:MEMBERSHIP;CORRIDOR_BPM_BOUNDS;CORRIDOR_DENSITY;CORRIDOR_SUGGESTED_BPM;DRUM_POLICY;RHYTHM_COMPATIBILITY:MEMBERSHIP	BASS_RHYTHM:MEMBERSHIP;CHORD_PROGRESSION:MEMBERSHIP;CHORD_RHYTHM:MEMBERSHIP;CORRIDOR_SUGGESTED_BPM;DRUM_POLICY;RHYTHM_COMPATIBILITY:MEMBERSHIP	CORRIDOR_BPM_BOUNDS;CORRIDOR_DENSITY	NONE	NONE	tonal.bass_articulation=PLAIN;tonal.melodic_motif_operation=NONE;tonal.melodic_rhythm_operation=PRESERVE	tonal.bass_articulation=PLAIN;tonal.melodic_motif_operation=NONE;tonal.melodic_rhythm_operation=PRESERVE;tonal.source=kSynthProfile	NONE	NORMAL_GENRE_STRONG_MIGRATION_PUBLICATION	NONE	RHYTHM;COMPOSITION_OTHER;CORRIDOR;LEGACY_DRUM	LEGACY_BEHAVIOR;LEGACY_DRUM;LEGACY_PARAMS;LEGACY_TIMBRE	GF2_C2=BLOCKED
0a2a6211ef00dcf2214dfd4704b6c34b424b1c9d	574b830526c784ffe761286096dd62e22d6361d4	Synthwave	Electro	STRONG_DISTINCTNESS	REACHABLE_POLICY_DIFFERENCE;MIXED_REACHABILITY;FAILURE_SENSITIVE	BASS_RHYTHM:MEMBERSHIP;CHORD_PROGRESSION:MEMBERSHIP;CHORD_RHYTHM:MEMBERSHIP;CORRIDOR_BPM_BOUNDS;CORRIDOR_DENSITY;CORRIDOR_SUGGESTED_BPM;DRUM_POLICY;MELODIC_RHYTHM:MEMBERSHIP;MOTIF_SHAPE:MEMBERSHIP;PHRASE_EVOLUTION:MEMBERSHIP;PROFILE_FEEL:MEMBERSHIP;RHYTHM_COMPATIBILITY:MEMBERSHIP;TONAL_BASS_CONTOUR;TONAL_MELODIC_CONTOUR	BASS_RHYTHM:MEMBERSHIP;CHORD_PROGRESSION:MEMBERSHIP;CHORD_RHYTHM:MEMBERSHIP;CORRIDOR_SUGGESTED_BPM;DRUM_POLICY;MELODIC_RHYTHM:MEMBERSHIP;MOTIF_SHAPE:MEMBERSHIP;RHYTHM_COMPATIBILITY:MEMBERSHIP;TONAL_BASS_CONTOUR;TONAL_MELODIC_CONTOUR	CORRIDOR_BPM_BOUNDS;CORRIDOR_DENSITY;PHRASE_EVOLUTION:MEMBERSHIP;PROFILE_FEEL:MEMBERSHIP	NONE	NONE	tonal.bass_articulation=PLAIN;tonal.melodic_motif_operation=NONE;tonal.melodic_rhythm_operation=PRESERVE	tonal.bass_articulation=PLAIN;tonal.melodic_motif_operation=NONE;tonal.melodic_rhythm_operation=PRESERVE	NONE	NORMAL_GENRE_STRONG_MIGRATION_PUBLICATION	NONE	RHYTHM;COMPOSITION_OTHER;CORRIDOR;TONAL;LEGACY_DRUM	LEGACY_BEHAVIOR;LEGACY_DRUM;LEGACY_PARAMS;LEGACY_TIMBRE	GF2_C2=BLOCKED
0a2a6211ef00dcf2214dfd4704b6c34b424b1c9d	574b830526c784ffe761286096dd62e22d6361d4	Synthwave	Rave	STRONG_DISTINCTNESS	REACHABLE_POLICY_DIFFERENCE;MIXED_REACHABILITY;PARTIALLY_REACHABLE;FAILURE_SENSITIVE	BASS_RHYTHM:MEMBERSHIP;CHORD_PROGRESSION:MEMBERSHIP;CHORD_RHYTHM:MEMBERSHIP;CORRIDOR_BPM_BOUNDS;CORRIDOR_DENSITY;CORRIDOR_SUGGESTED_BPM;DRUM_POLICY;PHRASE_EVOLUTION:MEMBERSHIP;PHRASE_LENGTH:MEMBERSHIP;RHYTHM_COMPATIBILITY:MEMBERSHIP;TONAL_BASS_CONTOUR;TONAL_BASS_REGISTER;TONAL_MELODIC_CONTOUR	BASS_RHYTHM:MEMBERSHIP;CHORD_PROGRESSION:MEMBERSHIP;CHORD_RHYTHM:MEMBERSHIP;CORRIDOR_SUGGESTED_BPM;DRUM_POLICY;RHYTHM_COMPATIBILITY:MEMBERSHIP;TONAL_BASS_CONTOUR;TONAL_BASS_REGISTER;TONAL_MELODIC_CONTOUR	CORRIDOR_BPM_BOUNDS;CORRIDOR_DENSITY;PHRASE_EVOLUTION:MEMBERSHIP	PHRASE_LENGTH:MEMBERSHIP	NONE	tonal.bass_articulation=PLAIN;tonal.melodic_motif_operation=NONE;tonal.melodic_rhythm_operation=PRESERVE	tonal.bass_articulation=PLAIN;tonal.melodic_motif_operation=NONE;tonal.melodic_rhythm_operation=PRESERVE	NONE	NORMAL_GENRE_STRONG_MIGRATION_PUBLICATION	NONE	RHYTHM;COMPOSITION_OTHER;CORRIDOR;TONAL;LEGACY_DRUM	LEGACY_BEHAVIOR;LEGACY_DRUM;LEGACY_PARAMS;LEGACY_TIMBRE	GF2_C2=BLOCKED
0a2a6211ef00dcf2214dfd4704b6c34b424b1c9d	574b830526c784ffe761286096dd62e22d6361d4	Synthwave	Dub/Reggae	STRONG_DISTINCTNESS	REACHABLE_POLICY_DIFFERENCE;MIXED_REACHABILITY;PARTIALLY_REACHABLE;FAILURE_SENSITIVE	BASS_RHYTHM:MEMBERSHIP;CHORD_PROGRESSION:MEMBERSHIP;CHORD_RHYTHM:MEMBERSHIP;CORRIDOR_BPM_BOUNDS;CORRIDOR_DENSITY;CORRIDOR_SUGGESTED_BPM;DRUM_POLICY;MELODIC_RHYTHM:MEMBERSHIP;MOTIF_SHAPE:MEMBERSHIP;PHRASE_EVOLUTION:MEMBERSHIP;PHRASE_LENGTH:MEMBERSHIP;PROFILE_FEEL:MEMBERSHIP;RHYTHM_COMPATIBILITY:MEMBERSHIP;SECONDARY_ROLE;TONAL_BASS_CONTOUR;TONAL_MELODIC_CONTOUR	BASS_RHYTHM:MEMBERSHIP;CHORD_PROGRESSION:MEMBERSHIP;CHORD_RHYTHM:MEMBERSHIP;CORRIDOR_SUGGESTED_BPM;DRUM_POLICY;MELODIC_RHYTHM:MEMBERSHIP;MOTIF_SHAPE:MEMBERSHIP;RHYTHM_COMPATIBILITY:MEMBERSHIP;SECONDARY_ROLE;TONAL_BASS_CONTOUR;TONAL_MELODIC_CONTOUR	CORRIDOR_BPM_BOUNDS;CORRIDOR_DENSITY;PHRASE_EVOLUTION:MEMBERSHIP;PROFILE_FEEL:MEMBERSHIP	PHRASE_LENGTH:MEMBERSHIP	NONE	tonal.bass_articulation=PLAIN;tonal.melodic_motif_operation=NONE;tonal.melodic_rhythm_operation=PRESERVE	tonal.bass_articulation=PLAIN;tonal.melodic_motif_operation=NONE;tonal.melodic_rhythm_operation=PRESERVE	NONE	NORMAL_GENRE_STRONG_MIGRATION_PUBLICATION	NONE	RHYTHM;COMPOSITION_OTHER;CORRIDOR;ROLE;TONAL;LEGACY_DRUM	LEGACY_BEHAVIOR;LEGACY_DRUM;LEGACY_PARAMS;LEGACY_TIMBRE	GF2_C2=BLOCKED
0a2a6211ef00dcf2214dfd4704b6c34b424b1c9d	574b830526c784ffe761286096dd62e22d6361d4	Synthwave	Trip-Hop	STRONG_DISTINCTNESS	REACHABLE_POLICY_DIFFERENCE;MIXED_REACHABILITY;PARTIALLY_REACHABLE;FAILURE_SENSITIVE	BASS_RHYTHM:MEMBERSHIP;CHORD_PROGRESSION:MEMBERSHIP;CORRIDOR_BPM_BOUNDS;CORRIDOR_DENSITY;CORRIDOR_SUGGESTED_BPM;DRUM_POLICY;MELODIC_RHYTHM:MEMBERSHIP;MOTIF_SHAPE:MEMBERSHIP;PHRASE_EVOLUTION:MEMBERSHIP;PHRASE_LENGTH:MEMBERSHIP;PROFILE_FEEL:MEMBERSHIP;RHYTHM_COMPATIBILITY:MEMBERSHIP;SECONDARY_ROLE;TONAL_BASS_CONTOUR;TONAL_MELODIC_CONTOUR	BASS_RHYTHM:MEMBERSHIP;CHORD_PROGRESSION:MEMBERSHIP;CORRIDOR_SUGGESTED_BPM;DRUM_POLICY;MELODIC_RHYTHM:MEMBERSHIP;MOTIF_SHAPE:MEMBERSHIP;RHYTHM_COMPATIBILITY:MEMBERSHIP;SECONDARY_ROLE;TONAL_BASS_CONTOUR;TONAL_MELODIC_CONTOUR	CORRIDOR_BPM_BOUNDS;CORRIDOR_DENSITY;PHRASE_EVOLUTION:MEMBERSHIP;PROFILE_FEEL:MEMBERSHIP	PHRASE_LENGTH:MEMBERSHIP	NONE	tonal.bass_articulation=PLAIN;tonal.melodic_motif_operation=NONE;tonal.melodic_rhythm_operation=PRESERVE	tonal.bass_articulation=PLAIN;tonal.melodic_motif_operation=NONE;tonal.melodic_rhythm_operation=PRESERVE	NONE	NORMAL_GENRE_STRONG_MIGRATION_PUBLICATION	NONE	RHYTHM;COMPOSITION_OTHER;CORRIDOR;ROLE;TONAL;LEGACY_DRUM	LEGACY_BEHAVIOR;LEGACY_DRUM;LEGACY_PARAMS;LEGACY_TIMBRE	GF2_C2=BLOCKED
0a2a6211ef00dcf2214dfd4704b6c34b424b1c9d	574b830526c784ffe761286096dd62e22d6361d4	Synthwave	Breaks	STRONG_DISTINCTNESS	REACHABLE_POLICY_DIFFERENCE;MIXED_REACHABILITY;FAILURE_SENSITIVE	BASS_RHYTHM:MEMBERSHIP;CHORD_PROGRESSION:MEMBERSHIP;CHORD_RHYTHM:MEMBERSHIP;CORRIDOR_BPM_BOUNDS;CORRIDOR_DENSITY;CORRIDOR_SUGGESTED_BPM;DRUM_POLICY;MELODIC_RHYTHM:MEMBERSHIP;MOTIF_SHAPE:MEMBERSHIP;PHRASE_EVOLUTION:MEMBERSHIP;PROFILE_FEEL:MEMBERSHIP;RHYTHM_COMPATIBILITY:MEMBERSHIP;TONAL_BASS_CONTOUR;TONAL_MELODIC_CONTOUR	BASS_RHYTHM:MEMBERSHIP;CHORD_PROGRESSION:MEMBERSHIP;CHORD_RHYTHM:MEMBERSHIP;CORRIDOR_SUGGESTED_BPM;DRUM_POLICY;MELODIC_RHYTHM:MEMBERSHIP;MOTIF_SHAPE:MEMBERSHIP;RHYTHM_COMPATIBILITY:MEMBERSHIP;TONAL_BASS_CONTOUR;TONAL_MELODIC_CONTOUR	CORRIDOR_BPM_BOUNDS;CORRIDOR_DENSITY;PHRASE_EVOLUTION:MEMBERSHIP;PROFILE_FEEL:MEMBERSHIP	NONE	NONE	tonal.bass_articulation=PLAIN;tonal.melodic_motif_operation=NONE;tonal.melodic_rhythm_operation=PRESERVE	tonal.bass_articulation=PLAIN;tonal.melodic_motif_operation=NONE;tonal.melodic_rhythm_operation=PRESERVE	NONE	NORMAL_GENRE_STRONG_MIGRATION_PUBLICATION	NONE	RHYTHM;COMPOSITION_OTHER;CORRIDOR;TONAL;LEGACY_DRUM	LEGACY_BEHAVIOR;LEGACY_DRUM;LEGACY_PARAMS;LEGACY_TIMBRE	GF2_C2=BLOCKED
0a2a6211ef00dcf2214dfd4704b6c34b424b1c9d	574b830526c784ffe761286096dd62e22d6361d4	Synthwave	Chip	PARTIAL_COLLISION	REACHABLE_POLICY_DIFFERENCE;MIXED_REACHABILITY;PARTIALLY_REACHABLE;FAILURE_SENSITIVE	CHORD_PROGRESSION:MEMBERSHIP;CHORD_RHYTHM:MEMBERSHIP;CORRIDOR_BPM_BOUNDS;CORRIDOR_DENSITY;CORRIDOR_SUGGESTED_BPM;DRUM_POLICY;PHRASE_EVOLUTION:MEMBERSHIP;PHRASE_LENGTH:MEMBERSHIP;RHYTHM_COMPATIBILITY:MEMBERSHIP	CHORD_PROGRESSION:MEMBERSHIP;CHORD_RHYTHM:MEMBERSHIP;CORRIDOR_SUGGESTED_BPM;DRUM_POLICY;RHYTHM_COMPATIBILITY:MEMBERSHIP	CORRIDOR_BPM_BOUNDS;CORRIDOR_DENSITY;PHRASE_EVOLUTION:MEMBERSHIP	PHRASE_LENGTH:MEMBERSHIP	NONE	tonal.bass_articulation=PLAIN;tonal.melodic_motif_operation=NONE;tonal.melodic_rhythm_operation=PRESERVE	tonal.bass_articulation=PLAIN;tonal.melodic_motif_operation=NONE;tonal.melodic_rhythm_operation=PRESERVE;tonal.source=kSynthProfile	NONE	NORMAL_GENRE_STRONG_MIGRATION_PUBLICATION	NONE	RHYTHM;COMPOSITION_OTHER;CORRIDOR;LEGACY_DRUM	LEGACY_BEHAVIOR;LEGACY_DRUM;LEGACY_PARAMS;LEGACY_TIMBRE	GF2_C2=BLOCKED
0a2a6211ef00dcf2214dfd4704b6c34b424b1c9d	574b830526c784ffe761286096dd62e22d6361d4	Synthwave	House	STRONG_DISTINCTNESS	REACHABLE_POLICY_DIFFERENCE;MIXED_REACHABILITY;FAILURE_SENSITIVE	BASS_RHYTHM:MEMBERSHIP;CHORD_RHYTHM:MEMBERSHIP;CORRIDOR_BPM_BOUNDS;CORRIDOR_DENSITY;CORRIDOR_SUGGESTED_BPM;DRUM_POLICY;PROFILE_FEEL:MEMBERSHIP;RHYTHM_COMPATIBILITY:MEMBERSHIP;TONAL_BASS_CONTOUR;TONAL_BASS_REGISTER;TONAL_MELODIC_CONTOUR	BASS_RHYTHM:MEMBERSHIP;CHORD_RHYTHM:MEMBERSHIP;CORRIDOR_SUGGESTED_BPM;DRUM_POLICY;RHYTHM_COMPATIBILITY:MEMBERSHIP;TONAL_BASS_CONTOUR;TONAL_BASS_REGISTER;TONAL_MELODIC_CONTOUR	CORRIDOR_BPM_BOUNDS;CORRIDOR_DENSITY;PROFILE_FEEL:MEMBERSHIP	NONE	NONE	tonal.bass_articulation=PLAIN;tonal.melodic_motif_operation=NONE;tonal.melodic_rhythm_operation=PRESERVE	tonal.bass_articulation=PLAIN;tonal.melodic_motif_operation=NONE;tonal.melodic_rhythm_operation=PRESERVE	NONE	NORMAL_GENRE_STRONG_MIGRATION_PUBLICATION	NONE	RHYTHM;COMPOSITION_OTHER;CORRIDOR;TONAL;LEGACY_DRUM	LEGACY_DRUM	GF2_C2=BLOCKED
0a2a6211ef00dcf2214dfd4704b6c34b424b1c9d	574b830526c784ffe761286096dd62e22d6361d4	Synthwave	Techno	STRONG_DISTINCTNESS	REACHABLE_POLICY_DIFFERENCE;MIXED_REACHABILITY;FAILURE_SENSITIVE	BASS_RHYTHM:MEMBERSHIP;CHORD_PROGRESSION:MEMBERSHIP;CHORD_RHYTHM:MEMBERSHIP;CORRIDOR_BPM_BOUNDS;CORRIDOR_DENSITY;CORRIDOR_SUGGESTED_BPM;DRUM_POLICY;RHYTHM_COMPATIBILITY:MEMBERSHIP;TONAL_BASS_CONTOUR;TONAL_BASS_REGISTER;TONAL_MELODIC_CONTOUR	BASS_RHYTHM:MEMBERSHIP;CHORD_PROGRESSION:MEMBERSHIP;CHORD_RHYTHM:MEMBERSHIP;CORRIDOR_SUGGESTED_BPM;DRUM_POLICY;RHYTHM_COMPATIBILITY:MEMBERSHIP;TONAL_BASS_CONTOUR;TONAL_BASS_REGISTER;TONAL_MELODIC_CONTOUR	CORRIDOR_BPM_BOUNDS;CORRIDOR_DENSITY	NONE	NONE	tonal.bass_articulation=PLAIN;tonal.melodic_motif_operation=NONE;tonal.melodic_rhythm_operation=PRESERVE	tonal.bass_articulation=PLAIN;tonal.melodic_motif_operation=NONE;tonal.melodic_rhythm_operation=PRESERVE	NONE	NORMAL_GENRE_STRONG_MIGRATION_PUBLICATION	NONE	RHYTHM;COMPOSITION_OTHER;CORRIDOR;TONAL;LEGACY_DRUM	LEGACY_BEHAVIOR;LEGACY_DRUM;LEGACY_PARAMS;LEGACY_TIMBRE	GF2_C2=BLOCKED
0a2a6211ef00dcf2214dfd4704b6c34b424b1c9d	574b830526c784ffe761286096dd62e22d6361d4	Synthwave	Hip-Hop	STRONG_DISTINCTNESS	REACHABLE_POLICY_DIFFERENCE;MIXED_REACHABILITY;FAILURE_SENSITIVE	BASS_RHYTHM:MEMBERSHIP;CHORD_PROGRESSION:MEMBERSHIP;CHORD_RHYTHM:WEIGHTS;CORRIDOR_BPM_BOUNDS;CORRIDOR_DENSITY;CORRIDOR_SUGGESTED_BPM;DRUM_POLICY;MELODIC_RHYTHM:MEMBERSHIP;MOTIF_SHAPE:MEMBERSHIP;PHRASE_EVOLUTION:MEMBERSHIP;PROFILE_FEEL:MEMBERSHIP;RHYTHM_COMPATIBILITY:MEMBERSHIP;SECONDARY_ROLE;TONAL_BASS_CONTOUR;TONAL_MELODIC_CONTOUR	BASS_RHYTHM:MEMBERSHIP;CHORD_PROGRESSION:MEMBERSHIP;CHORD_RHYTHM:WEIGHTS;CORRIDOR_SUGGESTED_BPM;DRUM_POLICY;MELODIC_RHYTHM:MEMBERSHIP;MOTIF_SHAPE:MEMBERSHIP;RHYTHM_COMPATIBILITY:MEMBERSHIP;SECONDARY_ROLE;TONAL_BASS_CONTOUR;TONAL_MELODIC_CONTOUR	CORRIDOR_BPM_BOUNDS;CORRIDOR_DENSITY;PHRASE_EVOLUTION:MEMBERSHIP;PROFILE_FEEL:MEMBERSHIP	NONE	NONE	tonal.bass_articulation=PLAIN;tonal.melodic_motif_operation=NONE;tonal.melodic_rhythm_operation=PRESERVE	tonal.bass_articulation=PLAIN;tonal.melodic_motif_operation=NONE;tonal.melodic_rhythm_operation=PRESERVE	NONE	NORMAL_GENRE_STRONG_MIGRATION_PUBLICATION	NONE	RHYTHM;COMPOSITION_OTHER;CORRIDOR;ROLE;TONAL;LEGACY_DRUM	LEGACY_BEHAVIOR;LEGACY_DRUM;LEGACY_PARAMS;LEGACY_TIMBRE	GF2_C2=BLOCKED
0a2a6211ef00dcf2214dfd4704b6c34b424b1c9d	574b830526c784ffe761286096dd62e22d6361d4	Synthwave	Funk/Soul	STRONG_DISTINCTNESS	REACHABLE_POLICY_DIFFERENCE;MIXED_REACHABILITY;FAILURE_SENSITIVE	BASS_RHYTHM:MEMBERSHIP;CHORD_PROGRESSION:MEMBERSHIP;CHORD_RHYTHM:WEIGHTS;CORRIDOR_BPM_BOUNDS;CORRIDOR_SUGGESTED_BPM;DRUM_POLICY;MELODIC_RHYTHM:MEMBERSHIP;MOTIF_SHAPE:MEMBERSHIP;PHRASE_EVOLUTION:MEMBERSHIP;PROFILE_FEEL:MEMBERSHIP;RHYTHM_COMPATIBILITY:MEMBERSHIP;SECONDARY_ROLE;TONAL_BASS_CONTOUR;TONAL_MELODIC_CONTOUR	BASS_RHYTHM:MEMBERSHIP;CHORD_PROGRESSION:MEMBERSHIP;CHORD_RHYTHM:WEIGHTS;CORRIDOR_SUGGESTED_BPM;DRUM_POLICY;MELODIC_RHYTHM:MEMBERSHIP;MOTIF_SHAPE:MEMBERSHIP;RHYTHM_COMPATIBILITY:MEMBERSHIP;SECONDARY_ROLE;TONAL_BASS_CONTOUR;TONAL_MELODIC_CONTOUR	CORRIDOR_BPM_BOUNDS;PHRASE_EVOLUTION:MEMBERSHIP;PROFILE_FEEL:MEMBERSHIP	NONE	NONE	tonal.bass_articulation=PLAIN;tonal.melodic_motif_operation=NONE;tonal.melodic_rhythm_operation=PRESERVE	tonal.bass_articulation=PLAIN;tonal.melodic_motif_operation=NONE;tonal.melodic_rhythm_operation=PRESERVE	NONE	NORMAL_GENRE_STRONG_MIGRATION_PUBLICATION	NONE	RHYTHM;COMPOSITION_OTHER;CORRIDOR;ROLE;TONAL;LEGACY_DRUM	LEGACY_BEHAVIOR;LEGACY_DRUM;LEGACY_PARAMS;LEGACY_TIMBRE	GF2_C2=BLOCKED
0a2a6211ef00dcf2214dfd4704b6c34b424b1c9d	574b830526c784ffe761286096dd62e22d6361d4	Synthwave	UK Garage	STRONG_DISTINCTNESS	REACHABLE_POLICY_DIFFERENCE;MIXED_REACHABILITY;FAILURE_SENSITIVE	BASS_RHYTHM:MEMBERSHIP;CHORD_PROGRESSION:MEMBERSHIP;CHORD_RHYTHM:MEMBERSHIP;CORRIDOR_BPM_BOUNDS;CORRIDOR_DENSITY;CORRIDOR_SUGGESTED_BPM;DRUM_POLICY;MELODIC_RHYTHM:MEMBERSHIP;MOTIF_SHAPE:MEMBERSHIP;PHRASE_EVOLUTION:MEMBERSHIP;PROFILE_FEEL:MEMBERSHIP;RHYTHM_COMPATIBILITY:MEMBERSHIP;TONAL_BASS_CONTOUR;TONAL_MELODIC_CONTOUR	BASS_RHYTHM:MEMBERSHIP;CHORD_PROGRESSION:MEMBERSHIP;CHORD_RHYTHM:MEMBERSHIP;CORRIDOR_SUGGESTED_BPM;DRUM_POLICY;MELODIC_RHYTHM:MEMBERSHIP;MOTIF_SHAPE:MEMBERSHIP;RHYTHM_COMPATIBILITY:MEMBERSHIP;TONAL_BASS_CONTOUR;TONAL_MELODIC_CONTOUR	CORRIDOR_BPM_BOUNDS;CORRIDOR_DENSITY;PHRASE_EVOLUTION:MEMBERSHIP;PROFILE_FEEL:MEMBERSHIP	NONE	NONE	tonal.bass_articulation=PLAIN;tonal.melodic_motif_operation=NONE;tonal.melodic_rhythm_operation=PRESERVE	tonal.bass_articulation=PLAIN;tonal.melodic_motif_operation=NONE;tonal.melodic_rhythm_operation=PRESERVE	NONE	NORMAL_GENRE_STRONG_MIGRATION_PUBLICATION	NONE	RHYTHM;COMPOSITION_OTHER;CORRIDOR;TONAL;LEGACY_DRUM	LEGACY_BEHAVIOR;LEGACY_DRUM;LEGACY_PARAMS;LEGACY_TIMBRE	GF2_C2=BLOCKED
0a2a6211ef00dcf2214dfd4704b6c34b424b1c9d	574b830526c784ffe761286096dd62e22d6361d4	Synthwave	Drum&Bass	STRONG_DISTINCTNESS	REACHABLE_POLICY_DIFFERENCE;MIXED_REACHABILITY;PARTIALLY_REACHABLE;FAILURE_SENSITIVE	BASS_RHYTHM:MEMBERSHIP;CHORD_PROGRESSION:MEMBERSHIP;CHORD_RHYTHM:MEMBERSHIP;CORRIDOR_BPM_BOUNDS;CORRIDOR_DENSITY;CORRIDOR_SUGGESTED_BPM;DRUM_POLICY;MELODIC_RHYTHM:MEMBERSHIP;MOTIF_SHAPE:MEMBERSHIP;PHRASE_EVOLUTION:MEMBERSHIP;PHRASE_LENGTH:MEMBERSHIP;RHYTHM_COMPATIBILITY:MEMBERSHIP;TONAL_BASS_CONTOUR;TONAL_MELODIC_CONTOUR	BASS_RHYTHM:MEMBERSHIP;CHORD_PROGRESSION:MEMBERSHIP;CHORD_RHYTHM:MEMBERSHIP;CORRIDOR_SUGGESTED_BPM;DRUM_POLICY;MELODIC_RHYTHM:MEMBERSHIP;MOTIF_SHAPE:MEMBERSHIP;RHYTHM_COMPATIBILITY:MEMBERSHIP;TONAL_BASS_CONTOUR;TONAL_MELODIC_CONTOUR	CORRIDOR_BPM_BOUNDS;CORRIDOR_DENSITY;PHRASE_EVOLUTION:MEMBERSHIP	PHRASE_LENGTH:MEMBERSHIP	NONE	tonal.bass_articulation=PLAIN;tonal.melodic_motif_operation=NONE;tonal.melodic_rhythm_operation=PRESERVE	tonal.bass_articulation=PLAIN;tonal.melodic_motif_operation=NONE;tonal.melodic_rhythm_operation=PRESERVE	NONE	NORMAL_GENRE_STRONG_MIGRATION_PUBLICATION	NONE	RHYTHM;COMPOSITION_OTHER;CORRIDOR;TONAL;LEGACY_DRUM	LEGACY_BEHAVIOR;LEGACY_DRUM;LEGACY_PARAMS;LEGACY_TIMBRE	GF2_C2=BLOCKED
0a2a6211ef00dcf2214dfd4704b6c34b424b1c9d	574b830526c784ffe761286096dd62e22d6361d4	Synthwave	Lo-Fi	STRONG_DISTINCTNESS	REACHABLE_POLICY_DIFFERENCE;MIXED_REACHABILITY;PARTIALLY_REACHABLE;FAILURE_SENSITIVE	BASS_RHYTHM:MEMBERSHIP;CHORD_PROGRESSION:MEMBERSHIP;CHORD_RHYTHM:WEIGHTS;CORRIDOR_BPM_BOUNDS;CORRIDOR_DENSITY;CORRIDOR_SUGGESTED_BPM;DRUM_POLICY;MELODIC_RHYTHM:MEMBERSHIP;MOTIF_SHAPE:MEMBERSHIP;PHRASE_EVOLUTION:MEMBERSHIP;PHRASE_LENGTH:MEMBERSHIP;PROFILE_FEEL:MEMBERSHIP;RHYTHM_COMPATIBILITY:MEMBERSHIP;SECONDARY_ROLE;TONAL_BASS_CONTOUR;TONAL_MELODIC_CONTOUR	BASS_RHYTHM:MEMBERSHIP;CHORD_PROGRESSION:MEMBERSHIP;CHORD_RHYTHM:WEIGHTS;CORRIDOR_SUGGESTED_BPM;DRUM_POLICY;MELODIC_RHYTHM:MEMBERSHIP;MOTIF_SHAPE:MEMBERSHIP;RHYTHM_COMPATIBILITY:MEMBERSHIP;SECONDARY_ROLE;TONAL_BASS_CONTOUR;TONAL_MELODIC_CONTOUR	CORRIDOR_BPM_BOUNDS;CORRIDOR_DENSITY;PHRASE_EVOLUTION:MEMBERSHIP;PROFILE_FEEL:MEMBERSHIP	PHRASE_LENGTH:MEMBERSHIP	NONE	tonal.bass_articulation=PLAIN;tonal.melodic_motif_operation=NONE;tonal.melodic_rhythm_operation=PRESERVE	tonal.bass_articulation=PLAIN;tonal.melodic_motif_operation=NONE;tonal.melodic_rhythm_operation=PRESERVE	NONE	NORMAL_GENRE_STRONG_MIGRATION_PUBLICATION	NONE	RHYTHM;COMPOSITION_OTHER;CORRIDOR;ROLE;TONAL;LEGACY_DRUM	LEGACY_BEHAVIOR;LEGACY_DRUM;LEGACY_PARAMS;LEGACY_TIMBRE	GF2_C2=BLOCKED
0a2a6211ef00dcf2214dfd4704b6c34b424b1c9d	574b830526c784ffe761286096dd62e22d6361d4	Darksynth	Electro	STRONG_DISTINCTNESS	REACHABLE_POLICY_DIFFERENCE;MIXED_REACHABILITY;FAILURE_SENSITIVE	BASS_RHYTHM:MEMBERSHIP;CHORD_PROGRESSION:MEMBERSHIP;CHORD_RHYTHM:MEMBERSHIP;CORRIDOR_BPM_BOUNDS;CORRIDOR_DENSITY;CORRIDOR_SUGGESTED_BPM;DRUM_POLICY;MELODIC_RHYTHM:MEMBERSHIP;MOTIF_SHAPE:MEMBERSHIP;PHRASE_EVOLUTION:MEMBERSHIP;PROFILE_FEEL:MEMBERSHIP;RHYTHM_COMPATIBILITY:MEMBERSHIP;TONAL_BASS_CONTOUR;TONAL_MELODIC_CONTOUR	BASS_RHYTHM:MEMBERSHIP;CHORD_PROGRESSION:MEMBERSHIP;CHORD_RHYTHM:MEMBERSHIP;CORRIDOR_SUGGESTED_BPM;DRUM_POLICY;MELODIC_RHYTHM:MEMBERSHIP;MOTIF_SHAPE:MEMBERSHIP;RHYTHM_COMPATIBILITY:MEMBERSHIP;TONAL_BASS_CONTOUR;TONAL_MELODIC_CONTOUR	CORRIDOR_BPM_BOUNDS;CORRIDOR_DENSITY;PHRASE_EVOLUTION:MEMBERSHIP;PROFILE_FEEL:MEMBERSHIP	NONE	NONE	tonal.bass_articulation=PLAIN;tonal.melodic_motif_operation=NONE;tonal.melodic_rhythm_operation=PRESERVE	tonal.bass_articulation=PLAIN;tonal.melodic_motif_operation=NONE;tonal.melodic_rhythm_operation=PRESERVE	NONE	NORMAL_GENRE_STRONG_MIGRATION_PUBLICATION	NONE	RHYTHM;COMPOSITION_OTHER;CORRIDOR;TONAL;LEGACY_DRUM	LEGACY_BEHAVIOR;LEGACY_DRUM;LEGACY_PARAMS;LEGACY_TIMBRE	GF2_C2=BLOCKED
0a2a6211ef00dcf2214dfd4704b6c34b424b1c9d	574b830526c784ffe761286096dd62e22d6361d4	Darksynth	Rave	STRONG_DISTINCTNESS	REACHABLE_POLICY_DIFFERENCE;MIXED_REACHABILITY;PARTIALLY_REACHABLE;FAILURE_SENSITIVE	CHORD_PROGRESSION:MEMBERSHIP;CORRIDOR_BPM_BOUNDS;CORRIDOR_DENSITY;CORRIDOR_SUGGESTED_BPM;DRUM_POLICY;PHRASE_EVOLUTION:MEMBERSHIP;PHRASE_LENGTH:MEMBERSHIP;RHYTHM_COMPATIBILITY:MEMBERSHIP;TONAL_BASS_CONTOUR;TONAL_BASS_REGISTER;TONAL_MELODIC_CONTOUR	CHORD_PROGRESSION:MEMBERSHIP;CORRIDOR_SUGGESTED_BPM;DRUM_POLICY;RHYTHM_COMPATIBILITY:MEMBERSHIP;TONAL_BASS_CONTOUR;TONAL_BASS_REGISTER;TONAL_MELODIC_CONTOUR	CORRIDOR_BPM_BOUNDS;CORRIDOR_DENSITY;PHRASE_EVOLUTION:MEMBERSHIP	PHRASE_LENGTH:MEMBERSHIP	NONE	tonal.bass_articulation=PLAIN;tonal.melodic_motif_operation=NONE;tonal.melodic_rhythm_operation=PRESERVE	tonal.bass_articulation=PLAIN;tonal.melodic_motif_operation=NONE;tonal.melodic_rhythm_operation=PRESERVE	NONE	NORMAL_GENRE_STRONG_MIGRATION_PUBLICATION	NONE	RHYTHM;COMPOSITION_OTHER;CORRIDOR;TONAL;LEGACY_DRUM	LEGACY_BEHAVIOR;LEGACY_DRUM;LEGACY_PARAMS;LEGACY_TIMBRE	GF2_C2=BLOCKED
0a2a6211ef00dcf2214dfd4704b6c34b424b1c9d	574b830526c784ffe761286096dd62e22d6361d4	Darksynth	Dub/Reggae	STRONG_DISTINCTNESS	REACHABLE_POLICY_DIFFERENCE;MIXED_REACHABILITY;PARTIALLY_REACHABLE;FAILURE_SENSITIVE	BASS_RHYTHM:MEMBERSHIP;CHORD_PROGRESSION:MEMBERSHIP;CHORD_RHYTHM:MEMBERSHIP;CORRIDOR_BPM_BOUNDS;CORRIDOR_DENSITY;CORRIDOR_SUGGESTED_BPM;DRUM_POLICY;MELODIC_RHYTHM:MEMBERSHIP;MOTIF_SHAPE:MEMBERSHIP;PHRASE_EVOLUTION:MEMBERSHIP;PHRASE_LENGTH:MEMBERSHIP;PROFILE_FEEL:MEMBERSHIP;RHYTHM_COMPATIBILITY:MEMBERSHIP;SECONDARY_ROLE;TONAL_BASS_CONTOUR;TONAL_MELODIC_CONTOUR	BASS_RHYTHM:MEMBERSHIP;CHORD_PROGRESSION:MEMBERSHIP;CHORD_RHYTHM:MEMBERSHIP;CORRIDOR_SUGGESTED_BPM;DRUM_POLICY;MELODIC_RHYTHM:MEMBERSHIP;MOTIF_SHAPE:MEMBERSHIP;RHYTHM_COMPATIBILITY:MEMBERSHIP;SECONDARY_ROLE;TONAL_BASS_CONTOUR;TONAL_MELODIC_CONTOUR	CORRIDOR_BPM_BOUNDS;CORRIDOR_DENSITY;PHRASE_EVOLUTION:MEMBERSHIP;PROFILE_FEEL:MEMBERSHIP	PHRASE_LENGTH:MEMBERSHIP	NONE	tonal.bass_articulation=PLAIN;tonal.melodic_motif_operation=NONE;tonal.melodic_rhythm_operation=PRESERVE	tonal.bass_articulation=PLAIN;tonal.melodic_motif_operation=NONE;tonal.melodic_rhythm_operation=PRESERVE	NONE	NORMAL_GENRE_STRONG_MIGRATION_PUBLICATION	NONE	RHYTHM;COMPOSITION_OTHER;CORRIDOR;ROLE;TONAL;LEGACY_DRUM	LEGACY_BEHAVIOR;LEGACY_DRUM;LEGACY_PARAMS;LEGACY_TIMBRE	GF2_C2=BLOCKED
0a2a6211ef00dcf2214dfd4704b6c34b424b1c9d	574b830526c784ffe761286096dd62e22d6361d4	Darksynth	Trip-Hop	STRONG_DISTINCTNESS	REACHABLE_POLICY_DIFFERENCE;MIXED_REACHABILITY;PARTIALLY_REACHABLE;FAILURE_SENSITIVE	BASS_RHYTHM:MEMBERSHIP;CHORD_PROGRESSION:MEMBERSHIP;CHORD_RHYTHM:MEMBERSHIP;CORRIDOR_BPM_BOUNDS;CORRIDOR_DENSITY;CORRIDOR_SUGGESTED_BPM;DRUM_POLICY;MELODIC_RHYTHM:MEMBERSHIP;MOTIF_SHAPE:MEMBERSHIP;PHRASE_EVOLUTION:MEMBERSHIP;PHRASE_LENGTH:MEMBERSHIP;PROFILE_FEEL:MEMBERSHIP;RHYTHM_COMPATIBILITY:MEMBERSHIP;SECONDARY_ROLE;TONAL_BASS_CONTOUR;TONAL_MELODIC_CONTOUR	BASS_RHYTHM:MEMBERSHIP;CHORD_PROGRESSION:MEMBERSHIP;CHORD_RHYTHM:MEMBERSHIP;CORRIDOR_SUGGESTED_BPM;DRUM_POLICY;MELODIC_RHYTHM:MEMBERSHIP;MOTIF_SHAPE:MEMBERSHIP;RHYTHM_COMPATIBILITY:MEMBERSHIP;SECONDARY_ROLE;TONAL_BASS_CONTOUR;TONAL_MELODIC_CONTOUR	CORRIDOR_BPM_BOUNDS;CORRIDOR_DENSITY;PHRASE_EVOLUTION:MEMBERSHIP;PROFILE_FEEL:MEMBERSHIP	PHRASE_LENGTH:MEMBERSHIP	NONE	tonal.bass_articulation=PLAIN;tonal.melodic_motif_operation=NONE;tonal.melodic_rhythm_operation=PRESERVE	tonal.bass_articulation=PLAIN;tonal.melodic_motif_operation=NONE;tonal.melodic_rhythm_operation=PRESERVE	NONE	NORMAL_GENRE_STRONG_MIGRATION_PUBLICATION	NONE	RHYTHM;COMPOSITION_OTHER;CORRIDOR;ROLE;TONAL;LEGACY_DRUM	LEGACY_BEHAVIOR;LEGACY_DRUM;LEGACY_PARAMS;LEGACY_TIMBRE	GF2_C2=BLOCKED
0a2a6211ef00dcf2214dfd4704b6c34b424b1c9d	574b830526c784ffe761286096dd62e22d6361d4	Darksynth	Breaks	STRONG_DISTINCTNESS	REACHABLE_POLICY_DIFFERENCE;MIXED_REACHABILITY;FAILURE_SENSITIVE	BASS_RHYTHM:MEMBERSHIP;CHORD_PROGRESSION:MEMBERSHIP;CHORD_RHYTHM:MEMBERSHIP;CORRIDOR_BPM_BOUNDS;CORRIDOR_DENSITY;CORRIDOR_SUGGESTED_BPM;DRUM_POLICY;MELODIC_RHYTHM:MEMBERSHIP;MOTIF_SHAPE:MEMBERSHIP;PHRASE_EVOLUTION:MEMBERSHIP;PROFILE_FEEL:MEMBERSHIP;RHYTHM_COMPATIBILITY:MEMBERSHIP;TONAL_BASS_CONTOUR;TONAL_MELODIC_CONTOUR	BASS_RHYTHM:MEMBERSHIP;CHORD_PROGRESSION:MEMBERSHIP;CHORD_RHYTHM:MEMBERSHIP;CORRIDOR_SUGGESTED_BPM;DRUM_POLICY;MELODIC_RHYTHM:MEMBERSHIP;MOTIF_SHAPE:MEMBERSHIP;RHYTHM_COMPATIBILITY:MEMBERSHIP;TONAL_BASS_CONTOUR;TONAL_MELODIC_CONTOUR	CORRIDOR_BPM_BOUNDS;CORRIDOR_DENSITY;PHRASE_EVOLUTION:MEMBERSHIP;PROFILE_FEEL:MEMBERSHIP	NONE	NONE	tonal.bass_articulation=PLAIN;tonal.melodic_motif_operation=NONE;tonal.melodic_rhythm_operation=PRESERVE	tonal.bass_articulation=PLAIN;tonal.melodic_motif_operation=NONE;tonal.melodic_rhythm_operation=PRESERVE	NONE	NORMAL_GENRE_STRONG_MIGRATION_PUBLICATION	NONE	RHYTHM;COMPOSITION_OTHER;CORRIDOR;TONAL;LEGACY_DRUM	LEGACY_BEHAVIOR;LEGACY_DRUM;LEGACY_PARAMS;LEGACY_TIMBRE	GF2_C2=BLOCKED
0a2a6211ef00dcf2214dfd4704b6c34b424b1c9d	574b830526c784ffe761286096dd62e22d6361d4	Darksynth	Chip	PARTIAL_COLLISION	REACHABLE_POLICY_DIFFERENCE;MIXED_REACHABILITY;PARTIALLY_REACHABLE;FAILURE_SENSITIVE	BASS_RHYTHM:MEMBERSHIP;CHORD_PROGRESSION:MEMBERSHIP;CORRIDOR_BPM_BOUNDS;CORRIDOR_DENSITY;CORRIDOR_SUGGESTED_BPM;DRUM_POLICY;PHRASE_EVOLUTION:MEMBERSHIP;PHRASE_LENGTH:MEMBERSHIP;RHYTHM_COMPATIBILITY:MEMBERSHIP	BASS_RHYTHM:MEMBERSHIP;CHORD_PROGRESSION:MEMBERSHIP;CORRIDOR_SUGGESTED_BPM;DRUM_POLICY;RHYTHM_COMPATIBILITY:MEMBERSHIP	CORRIDOR_BPM_BOUNDS;CORRIDOR_DENSITY;PHRASE_EVOLUTION:MEMBERSHIP	PHRASE_LENGTH:MEMBERSHIP	NONE	tonal.bass_articulation=PLAIN;tonal.melodic_motif_operation=NONE;tonal.melodic_rhythm_operation=PRESERVE	tonal.bass_articulation=PLAIN;tonal.melodic_motif_operation=NONE;tonal.melodic_rhythm_operation=PRESERVE;tonal.source=kSynthProfile	NONE	NORMAL_GENRE_STRONG_MIGRATION_PUBLICATION	NONE	RHYTHM;COMPOSITION_OTHER;CORRIDOR;LEGACY_DRUM	LEGACY_BEHAVIOR;LEGACY_DRUM;LEGACY_PARAMS;LEGACY_TIMBRE	GF2_C2=BLOCKED
0a2a6211ef00dcf2214dfd4704b6c34b424b1c9d	574b830526c784ffe761286096dd62e22d6361d4	Darksynth	House	STRONG_DISTINCTNESS	REACHABLE_POLICY_DIFFERENCE;MIXED_REACHABILITY;FAILURE_SENSITIVE	CHORD_PROGRESSION:MEMBERSHIP;CORRIDOR_BPM_BOUNDS;CORRIDOR_SUGGESTED_BPM;DRUM_POLICY;PROFILE_FEEL:MEMBERSHIP;RHYTHM_COMPATIBILITY:MEMBERSHIP;TONAL_BASS_CONTOUR;TONAL_BASS_REGISTER;TONAL_MELODIC_CONTOUR	CHORD_PROGRESSION:MEMBERSHIP;CORRIDOR_SUGGESTED_BPM;DRUM_POLICY;RHYTHM_COMPATIBILITY:MEMBERSHIP;TONAL_BASS_CONTOUR;TONAL_BASS_REGISTER;TONAL_MELODIC_CONTOUR	CORRIDOR_BPM_BOUNDS;PROFILE_FEEL:MEMBERSHIP	NONE	NONE	tonal.bass_articulation=PLAIN;tonal.melodic_motif_operation=NONE;tonal.melodic_rhythm_operation=PRESERVE	tonal.bass_articulation=PLAIN;tonal.melodic_motif_operation=NONE;tonal.melodic_rhythm_operation=PRESERVE	NONE	NORMAL_GENRE_STRONG_MIGRATION_PUBLICATION	NONE	RHYTHM;COMPOSITION_OTHER;CORRIDOR;TONAL;LEGACY_DRUM	LEGACY_BEHAVIOR;LEGACY_DRUM;LEGACY_PARAMS;LEGACY_TIMBRE	GF2_C2=BLOCKED
0a2a6211ef00dcf2214dfd4704b6c34b424b1c9d	574b830526c784ffe761286096dd62e22d6361d4	Darksynth	Techno	STRONG_DISTINCTNESS	REACHABLE_POLICY_DIFFERENCE;MIXED_REACHABILITY;FAILURE_SENSITIVE	CHORD_PROGRESSION:MEMBERSHIP;CORRIDOR_BPM_BOUNDS;CORRIDOR_DENSITY;DRUM_POLICY;RHYTHM_COMPATIBILITY:MEMBERSHIP;TONAL_BASS_CONTOUR;TONAL_BASS_REGISTER;TONAL_MELODIC_CONTOUR	CHORD_PROGRESSION:MEMBERSHIP;DRUM_POLICY;RHYTHM_COMPATIBILITY:MEMBERSHIP;TONAL_BASS_CONTOUR;TONAL_BASS_REGISTER;TONAL_MELODIC_CONTOUR	CORRIDOR_BPM_BOUNDS;CORRIDOR_DENSITY	NONE	NONE	tonal.bass_articulation=PLAIN;tonal.melodic_motif_operation=NONE;tonal.melodic_rhythm_operation=PRESERVE	tonal.bass_articulation=PLAIN;tonal.melodic_motif_operation=NONE;tonal.melodic_rhythm_operation=PRESERVE	NONE	NORMAL_GENRE_STRONG_MIGRATION_PUBLICATION	NONE	RHYTHM;COMPOSITION_OTHER;CORRIDOR;TONAL;LEGACY_DRUM	LEGACY_DRUM	GF2_C2=BLOCKED
0a2a6211ef00dcf2214dfd4704b6c34b424b1c9d	574b830526c784ffe761286096dd62e22d6361d4	Darksynth	Hip-Hop	STRONG_DISTINCTNESS	REACHABLE_POLICY_DIFFERENCE;MIXED_REACHABILITY;FAILURE_SENSITIVE	BASS_RHYTHM:MEMBERSHIP;CHORD_PROGRESSION:MEMBERSHIP;CHORD_RHYTHM:MEMBERSHIP;CORRIDOR_BPM_BOUNDS;CORRIDOR_DENSITY;CORRIDOR_SUGGESTED_BPM;DRUM_POLICY;MELODIC_RHYTHM:MEMBERSHIP;MOTIF_SHAPE:MEMBERSHIP;PHRASE_EVOLUTION:MEMBERSHIP;PROFILE_FEEL:MEMBERSHIP;RHYTHM_COMPATIBILITY:MEMBERSHIP;SECONDARY_ROLE;TONAL_BASS_CONTOUR;TONAL_MELODIC_CONTOUR	BASS_RHYTHM:MEMBERSHIP;CHORD_PROGRESSION:MEMBERSHIP;CHORD_RHYTHM:MEMBERSHIP;CORRIDOR_SUGGESTED_BPM;DRUM_POLICY;MELODIC_RHYTHM:MEMBERSHIP;MOTIF_SHAPE:MEMBERSHIP;RHYTHM_COMPATIBILITY:MEMBERSHIP;SECONDARY_ROLE;TONAL_BASS_CONTOUR;TONAL_MELODIC_CONTOUR	CORRIDOR_BPM_BOUNDS;CORRIDOR_DENSITY;PHRASE_EVOLUTION:MEMBERSHIP;PROFILE_FEEL:MEMBERSHIP	NONE	NONE	tonal.bass_articulation=PLAIN;tonal.melodic_motif_operation=NONE;tonal.melodic_rhythm_operation=PRESERVE	tonal.bass_articulation=PLAIN;tonal.melodic_motif_operation=NONE;tonal.melodic_rhythm_operation=PRESERVE	NONE	NORMAL_GENRE_STRONG_MIGRATION_PUBLICATION	NONE	RHYTHM;COMPOSITION_OTHER;CORRIDOR;ROLE;TONAL;LEGACY_DRUM	LEGACY_BEHAVIOR;LEGACY_DRUM;LEGACY_PARAMS;LEGACY_TIMBRE	GF2_C2=BLOCKED
0a2a6211ef00dcf2214dfd4704b6c34b424b1c9d	574b830526c784ffe761286096dd62e22d6361d4	Darksynth	Funk/Soul	STRONG_DISTINCTNESS	REACHABLE_POLICY_DIFFERENCE;MIXED_REACHABILITY;FAILURE_SENSITIVE	BASS_RHYTHM:MEMBERSHIP;CHORD_PROGRESSION:MEMBERSHIP;CHORD_RHYTHM:MEMBERSHIP;CORRIDOR_BPM_BOUNDS;CORRIDOR_DENSITY;CORRIDOR_SUGGESTED_BPM;DRUM_POLICY;MELODIC_RHYTHM:MEMBERSHIP;MOTIF_SHAPE:MEMBERSHIP;PHRASE_EVOLUTION:MEMBERSHIP;PROFILE_FEEL:MEMBERSHIP;RHYTHM_COMPATIBILITY:MEMBERSHIP;SECONDARY_ROLE;TONAL_BASS_CONTOUR;TONAL_MELODIC_CONTOUR	BASS_RHYTHM:MEMBERSHIP;CHORD_PROGRESSION:MEMBERSHIP;CHORD_RHYTHM:MEMBERSHIP;CORRIDOR_SUGGESTED_BPM;DRUM_POLICY;MELODIC_RHYTHM:MEMBERSHIP;MOTIF_SHAPE:MEMBERSHIP;RHYTHM_COMPATIBILITY:MEMBERSHIP;SECONDARY_ROLE;TONAL_BASS_CONTOUR;TONAL_MELODIC_CONTOUR	CORRIDOR_BPM_BOUNDS;CORRIDOR_DENSITY;PHRASE_EVOLUTION:MEMBERSHIP;PROFILE_FEEL:MEMBERSHIP	NONE	NONE	tonal.bass_articulation=PLAIN;tonal.melodic_motif_operation=NONE;tonal.melodic_rhythm_operation=PRESERVE	tonal.bass_articulation=PLAIN;tonal.melodic_motif_operation=NONE;tonal.melodic_rhythm_operation=PRESERVE	NONE	NORMAL_GENRE_STRONG_MIGRATION_PUBLICATION	NONE	RHYTHM;COMPOSITION_OTHER;CORRIDOR;ROLE;TONAL;LEGACY_DRUM	LEGACY_BEHAVIOR;LEGACY_DRUM;LEGACY_PARAMS;LEGACY_TIMBRE	GF2_C2=BLOCKED
0a2a6211ef00dcf2214dfd4704b6c34b424b1c9d	574b830526c784ffe761286096dd62e22d6361d4	Darksynth	UK Garage	STRONG_DISTINCTNESS	REACHABLE_POLICY_DIFFERENCE;MIXED_REACHABILITY;FAILURE_SENSITIVE	BASS_RHYTHM:MEMBERSHIP;CHORD_PROGRESSION:MEMBERSHIP;CHORD_RHYTHM:MEMBERSHIP;CORRIDOR_BPM_BOUNDS;CORRIDOR_SUGGESTED_BPM;DRUM_POLICY;MELODIC_RHYTHM:MEMBERSHIP;MOTIF_SHAPE:MEMBERSHIP;PHRASE_EVOLUTION:MEMBERSHIP;PROFILE_FEEL:MEMBERSHIP;RHYTHM_COMPATIBILITY:MEMBERSHIP;TONAL_BASS_CONTOUR;TONAL_MELODIC_CONTOUR	BASS_RHYTHM:MEMBERSHIP;CHORD_PROGRESSION:MEMBERSHIP;CHORD_RHYTHM:MEMBERSHIP;CORRIDOR_SUGGESTED_BPM;DRUM_POLICY;MELODIC_RHYTHM:MEMBERSHIP;MOTIF_SHAPE:MEMBERSHIP;RHYTHM_COMPATIBILITY:MEMBERSHIP;TONAL_BASS_CONTOUR;TONAL_MELODIC_CONTOUR	CORRIDOR_BPM_BOUNDS;PHRASE_EVOLUTION:MEMBERSHIP;PROFILE_FEEL:MEMBERSHIP	NONE	NONE	tonal.bass_articulation=PLAIN;tonal.melodic_motif_operation=NONE;tonal.melodic_rhythm_operation=PRESERVE	tonal.bass_articulation=PLAIN;tonal.melodic_motif_operation=NONE;tonal.melodic_rhythm_operation=PRESERVE	NONE	NORMAL_GENRE_STRONG_MIGRATION_PUBLICATION	NONE	RHYTHM;COMPOSITION_OTHER;CORRIDOR;TONAL;LEGACY_DRUM	LEGACY_BEHAVIOR;LEGACY_DRUM;LEGACY_PARAMS;LEGACY_TIMBRE	GF2_C2=BLOCKED
0a2a6211ef00dcf2214dfd4704b6c34b424b1c9d	574b830526c784ffe761286096dd62e22d6361d4	Darksynth	Drum&Bass	STRONG_DISTINCTNESS	REACHABLE_POLICY_DIFFERENCE;MIXED_REACHABILITY;PARTIALLY_REACHABLE;FAILURE_SENSITIVE	CHORD_PROGRESSION:MEMBERSHIP;CHORD_RHYTHM:MEMBERSHIP;CORRIDOR_BPM_BOUNDS;CORRIDOR_DENSITY;CORRIDOR_SUGGESTED_BPM;DRUM_POLICY;MELODIC_RHYTHM:MEMBERSHIP;MOTIF_SHAPE:MEMBERSHIP;PHRASE_EVOLUTION:MEMBERSHIP;PHRASE_LENGTH:MEMBERSHIP;RHYTHM_COMPATIBILITY:MEMBERSHIP;TONAL_BASS_CONTOUR;TONAL_MELODIC_CONTOUR	CHORD_PROGRESSION:MEMBERSHIP;CHORD_RHYTHM:MEMBERSHIP;CORRIDOR_SUGGESTED_BPM;DRUM_POLICY;MELODIC_RHYTHM:MEMBERSHIP;MOTIF_SHAPE:MEMBERSHIP;RHYTHM_COMPATIBILITY:MEMBERSHIP;TONAL_BASS_CONTOUR;TONAL_MELODIC_CONTOUR	CORRIDOR_BPM_BOUNDS;CORRIDOR_DENSITY;PHRASE_EVOLUTION:MEMBERSHIP	PHRASE_LENGTH:MEMBERSHIP	NONE	tonal.bass_articulation=PLAIN;tonal.melodic_motif_operation=NONE;tonal.melodic_rhythm_operation=PRESERVE	tonal.bass_articulation=PLAIN;tonal.melodic_motif_operation=NONE;tonal.melodic_rhythm_operation=PRESERVE	NONE	NORMAL_GENRE_STRONG_MIGRATION_PUBLICATION	NONE	RHYTHM;COMPOSITION_OTHER;CORRIDOR;TONAL;LEGACY_DRUM	LEGACY_BEHAVIOR;LEGACY_DRUM;LEGACY_PARAMS;LEGACY_TIMBRE	GF2_C2=BLOCKED
0a2a6211ef00dcf2214dfd4704b6c34b424b1c9d	574b830526c784ffe761286096dd62e22d6361d4	Darksynth	Lo-Fi	STRONG_DISTINCTNESS	REACHABLE_POLICY_DIFFERENCE;MIXED_REACHABILITY;PARTIALLY_REACHABLE;FAILURE_SENSITIVE	BASS_RHYTHM:MEMBERSHIP;CHORD_PROGRESSION:MEMBERSHIP;CHORD_RHYTHM:MEMBERSHIP;CORRIDOR_BPM_BOUNDS;CORRIDOR_DENSITY;CORRIDOR_SUGGESTED_BPM;DRUM_POLICY;MELODIC_RHYTHM:MEMBERSHIP;MOTIF_SHAPE:MEMBERSHIP;PHRASE_EVOLUTION:MEMBERSHIP;PHRASE_LENGTH:MEMBERSHIP;PROFILE_FEEL:MEMBERSHIP;RHYTHM_COMPATIBILITY:MEMBERSHIP;SECONDARY_ROLE;TONAL_BASS_CONTOUR;TONAL_MELODIC_CONTOUR	BASS_RHYTHM:MEMBERSHIP;CHORD_PROGRESSION:MEMBERSHIP;CHORD_RHYTHM:MEMBERSHIP;CORRIDOR_SUGGESTED_BPM;DRUM_POLICY;MELODIC_RHYTHM:MEMBERSHIP;MOTIF_SHAPE:MEMBERSHIP;RHYTHM_COMPATIBILITY:MEMBERSHIP;SECONDARY_ROLE;TONAL_BASS_CONTOUR;TONAL_MELODIC_CONTOUR	CORRIDOR_BPM_BOUNDS;CORRIDOR_DENSITY;PHRASE_EVOLUTION:MEMBERSHIP;PROFILE_FEEL:MEMBERSHIP	PHRASE_LENGTH:MEMBERSHIP	NONE	tonal.bass_articulation=PLAIN;tonal.melodic_motif_operation=NONE;tonal.melodic_rhythm_operation=PRESERVE	tonal.bass_articulation=PLAIN;tonal.melodic_motif_operation=NONE;tonal.melodic_rhythm_operation=PRESERVE	NONE	NORMAL_GENRE_STRONG_MIGRATION_PUBLICATION	NONE	RHYTHM;COMPOSITION_OTHER;CORRIDOR;ROLE;TONAL;LEGACY_DRUM	LEGACY_BEHAVIOR;LEGACY_DRUM;LEGACY_PARAMS;LEGACY_TIMBRE	GF2_C2=BLOCKED
0a2a6211ef00dcf2214dfd4704b6c34b424b1c9d	574b830526c784ffe761286096dd62e22d6361d4	Electro	Rave	STRONG_DISTINCTNESS	REACHABLE_POLICY_DIFFERENCE;MIXED_REACHABILITY;PARTIALLY_REACHABLE;FAILURE_SENSITIVE	BASS_RHYTHM:MEMBERSHIP;CHORD_PROGRESSION:MEMBERSHIP;CHORD_RHYTHM:MEMBERSHIP;CORRIDOR_BPM_BOUNDS;CORRIDOR_DENSITY;CORRIDOR_SUGGESTED_BPM;DRUM_POLICY;MELODIC_RHYTHM:MEMBERSHIP;MOTIF_SHAPE:MEMBERSHIP;PHRASE_EVOLUTION:MEMBERSHIP;PHRASE_LENGTH:MEMBERSHIP;PROFILE_FEEL:MEMBERSHIP;RHYTHM_COMPATIBILITY:MEMBERSHIP;TONAL_BASS_CONTOUR;TONAL_BASS_REGISTER;TONAL_MELODIC_CONTOUR	BASS_RHYTHM:MEMBERSHIP;CHORD_PROGRESSION:MEMBERSHIP;CHORD_RHYTHM:MEMBERSHIP;CORRIDOR_SUGGESTED_BPM;DRUM_POLICY;MELODIC_RHYTHM:MEMBERSHIP;MOTIF_SHAPE:MEMBERSHIP;RHYTHM_COMPATIBILITY:MEMBERSHIP;TONAL_BASS_CONTOUR;TONAL_BASS_REGISTER;TONAL_MELODIC_CONTOUR	CORRIDOR_BPM_BOUNDS;CORRIDOR_DENSITY;PHRASE_EVOLUTION:MEMBERSHIP;PROFILE_FEEL:MEMBERSHIP	PHRASE_LENGTH:MEMBERSHIP	NONE	tonal.bass_articulation=PLAIN;tonal.melodic_motif_operation=NONE;tonal.melodic_rhythm_operation=PRESERVE	tonal.bass_articulation=PLAIN;tonal.melodic_motif_operation=NONE;tonal.melodic_rhythm_operation=PRESERVE	NONE	NORMAL_GENRE_STRONG_MIGRATION_PUBLICATION	NONE	RHYTHM;COMPOSITION_OTHER;CORRIDOR;TONAL;LEGACY_DRUM	LEGACY_BEHAVIOR;LEGACY_DRUM;LEGACY_PARAMS;LEGACY_TIMBRE	GF2_C2=BLOCKED
0a2a6211ef00dcf2214dfd4704b6c34b424b1c9d	574b830526c784ffe761286096dd62e22d6361d4	Electro	Dub/Reggae	STRONG_DISTINCTNESS	REACHABLE_POLICY_DIFFERENCE;MIXED_REACHABILITY;PARTIALLY_REACHABLE;FAILURE_SENSITIVE	BASS_RHYTHM:MEMBERSHIP;CHORD_PROGRESSION:MEMBERSHIP;CHORD_RHYTHM:MEMBERSHIP;CORRIDOR_BPM_BOUNDS;CORRIDOR_DENSITY;CORRIDOR_SUGGESTED_BPM;DRUM_POLICY;MELODIC_RHYTHM:MEMBERSHIP;MOTIF_SHAPE:MEMBERSHIP;PHRASE_EVOLUTION:MEMBERSHIP;PHRASE_LENGTH:MEMBERSHIP;PROFILE_FEEL:MEMBERSHIP;RHYTHM_COMPATIBILITY:MEMBERSHIP;SECONDARY_ROLE;TONAL_BASS_CONTOUR;TONAL_MELODIC_CONTOUR	BASS_RHYTHM:MEMBERSHIP;CHORD_PROGRESSION:MEMBERSHIP;CHORD_RHYTHM:MEMBERSHIP;CORRIDOR_SUGGESTED_BPM;DRUM_POLICY;MELODIC_RHYTHM:MEMBERSHIP;MOTIF_SHAPE:MEMBERSHIP;RHYTHM_COMPATIBILITY:MEMBERSHIP;SECONDARY_ROLE;TONAL_BASS_CONTOUR;TONAL_MELODIC_CONTOUR	CORRIDOR_BPM_BOUNDS;CORRIDOR_DENSITY;PHRASE_EVOLUTION:MEMBERSHIP;PROFILE_FEEL:MEMBERSHIP	PHRASE_LENGTH:MEMBERSHIP	NONE	tonal.bass_articulation=PLAIN;tonal.melodic_motif_operation=NONE;tonal.melodic_rhythm_operation=PRESERVE	tonal.bass_articulation=PLAIN;tonal.melodic_motif_operation=NONE;tonal.melodic_rhythm_operation=PRESERVE	NONE	NORMAL_GENRE_STRONG_MIGRATION_PUBLICATION	NONE	RHYTHM;COMPOSITION_OTHER;CORRIDOR;ROLE;TONAL;LEGACY_DRUM	LEGACY_BEHAVIOR;LEGACY_DRUM;LEGACY_PARAMS;LEGACY_TIMBRE	GF2_C2=BLOCKED
0a2a6211ef00dcf2214dfd4704b6c34b424b1c9d	574b830526c784ffe761286096dd62e22d6361d4	Electro	Trip-Hop	STRONG_DISTINCTNESS	REACHABLE_POLICY_DIFFERENCE;MIXED_REACHABILITY;PARTIALLY_REACHABLE;FAILURE_SENSITIVE	BASS_RHYTHM:MEMBERSHIP;CHORD_PROGRESSION:MEMBERSHIP;CHORD_RHYTHM:MEMBERSHIP;CORRIDOR_BPM_BOUNDS;CORRIDOR_DENSITY;CORRIDOR_SUGGESTED_BPM;DRUM_POLICY;MELODIC_RHYTHM:MEMBERSHIP;MOTIF_SHAPE:MEMBERSHIP;PHRASE_EVOLUTION:MEMBERSHIP;PHRASE_LENGTH:MEMBERSHIP;PROFILE_FEEL:MEMBERSHIP;RHYTHM_COMPATIBILITY:MEMBERSHIP;SECONDARY_ROLE;TONAL_BASS_CONTOUR;TONAL_MELODIC_CONTOUR	BASS_RHYTHM:MEMBERSHIP;CHORD_PROGRESSION:MEMBERSHIP;CHORD_RHYTHM:MEMBERSHIP;CORRIDOR_SUGGESTED_BPM;DRUM_POLICY;MELODIC_RHYTHM:MEMBERSHIP;MOTIF_SHAPE:MEMBERSHIP;RHYTHM_COMPATIBILITY:MEMBERSHIP;SECONDARY_ROLE;TONAL_BASS_CONTOUR;TONAL_MELODIC_CONTOUR	CORRIDOR_BPM_BOUNDS;CORRIDOR_DENSITY;PHRASE_EVOLUTION:MEMBERSHIP;PROFILE_FEEL:MEMBERSHIP	PHRASE_LENGTH:MEMBERSHIP	NONE	tonal.bass_articulation=PLAIN;tonal.melodic_motif_operation=NONE;tonal.melodic_rhythm_operation=PRESERVE	tonal.bass_articulation=PLAIN;tonal.melodic_motif_operation=NONE;tonal.melodic_rhythm_operation=PRESERVE	NONE	NORMAL_GENRE_STRONG_MIGRATION_PUBLICATION	NONE	RHYTHM;COMPOSITION_OTHER;CORRIDOR;ROLE;TONAL;LEGACY_DRUM	LEGACY_BEHAVIOR;LEGACY_DRUM;LEGACY_PARAMS;LEGACY_TIMBRE	GF2_C2=BLOCKED
0a2a6211ef00dcf2214dfd4704b6c34b424b1c9d	574b830526c784ffe761286096dd62e22d6361d4	Electro	Breaks	PARTIAL_COLLISION	REACHABLE_POLICY_DIFFERENCE;MIXED_REACHABILITY;FAILURE_SENSITIVE	CORRIDOR_BPM_BOUNDS;CORRIDOR_DENSITY;CORRIDOR_SUGGESTED_BPM;DRUM_POLICY;RHYTHM_COMPATIBILITY:MEMBERSHIP	CORRIDOR_SUGGESTED_BPM;DRUM_POLICY;RHYTHM_COMPATIBILITY:MEMBERSHIP	CORRIDOR_BPM_BOUNDS;CORRIDOR_DENSITY	NONE	NONE	tonal.bass_articulation=PLAIN;tonal.melodic_motif_operation=NONE;tonal.melodic_rhythm_operation=PRESERVE	tonal.bass_articulation=PLAIN;tonal.melodic_motif_operation=NONE;tonal.melodic_rhythm_operation=PRESERVE;tonal.source=kBrokenProfile	NONE	NORMAL_GENRE_STRONG_MIGRATION_PUBLICATION	NONE	RHYTHM;CORRIDOR;LEGACY_DRUM	LEGACY_BEHAVIOR;LEGACY_DRUM;LEGACY_PARAMS;LEGACY_TIMBRE	GF2_C2=BLOCKED
0a2a6211ef00dcf2214dfd4704b6c34b424b1c9d	574b830526c784ffe761286096dd62e22d6361d4	Electro	Chip	STRONG_DISTINCTNESS	REACHABLE_POLICY_DIFFERENCE;MIXED_REACHABILITY;PARTIALLY_REACHABLE;FAILURE_SENSITIVE	BASS_RHYTHM:MEMBERSHIP;CHORD_PROGRESSION:MEMBERSHIP;CHORD_RHYTHM:MEMBERSHIP;CORRIDOR_BPM_BOUNDS;CORRIDOR_DENSITY;CORRIDOR_SUGGESTED_BPM;DRUM_POLICY;MELODIC_RHYTHM:MEMBERSHIP;MOTIF_SHAPE:MEMBERSHIP;PHRASE_EVOLUTION:MEMBERSHIP;PHRASE_LENGTH:MEMBERSHIP;PROFILE_FEEL:MEMBERSHIP;RHYTHM_COMPATIBILITY:MEMBERSHIP;TONAL_BASS_CONTOUR;TONAL_MELODIC_CONTOUR	BASS_RHYTHM:MEMBERSHIP;CHORD_PROGRESSION:MEMBERSHIP;CHORD_RHYTHM:MEMBERSHIP;CORRIDOR_SUGGESTED_BPM;DRUM_POLICY;MELODIC_RHYTHM:MEMBERSHIP;MOTIF_SHAPE:MEMBERSHIP;RHYTHM_COMPATIBILITY:MEMBERSHIP;TONAL_BASS_CONTOUR;TONAL_MELODIC_CONTOUR	CORRIDOR_BPM_BOUNDS;CORRIDOR_DENSITY;PHRASE_EVOLUTION:MEMBERSHIP;PROFILE_FEEL:MEMBERSHIP	PHRASE_LENGTH:MEMBERSHIP	NONE	tonal.bass_articulation=PLAIN;tonal.melodic_motif_operation=NONE;tonal.melodic_rhythm_operation=PRESERVE	tonal.bass_articulation=PLAIN;tonal.melodic_motif_operation=NONE;tonal.melodic_rhythm_operation=PRESERVE	NONE	NORMAL_GENRE_STRONG_MIGRATION_PUBLICATION	NONE	RHYTHM;COMPOSITION_OTHER;CORRIDOR;TONAL;LEGACY_DRUM	LEGACY_BEHAVIOR;LEGACY_DRUM;LEGACY_PARAMS;LEGACY_TIMBRE	GF2_C2=BLOCKED
0a2a6211ef00dcf2214dfd4704b6c34b424b1c9d	574b830526c784ffe761286096dd62e22d6361d4	Electro	House	STRONG_DISTINCTNESS	REACHABLE_POLICY_DIFFERENCE;MIXED_REACHABILITY;FAILURE_SENSITIVE	BASS_RHYTHM:MEMBERSHIP;CHORD_PROGRESSION:MEMBERSHIP;CHORD_RHYTHM:MEMBERSHIP;CORRIDOR_BPM_BOUNDS;CORRIDOR_DENSITY;CORRIDOR_SUGGESTED_BPM;DRUM_POLICY;MELODIC_RHYTHM:MEMBERSHIP;MOTIF_SHAPE:MEMBERSHIP;PHRASE_EVOLUTION:MEMBERSHIP;RHYTHM_COMPATIBILITY:MEMBERSHIP;TONAL_BASS_CONTOUR;TONAL_BASS_REGISTER;TONAL_MELODIC_CONTOUR	BASS_RHYTHM:MEMBERSHIP;CHORD_PROGRESSION:MEMBERSHIP;CHORD_RHYTHM:MEMBERSHIP;CORRIDOR_SUGGESTED_BPM;DRUM_POLICY;MELODIC_RHYTHM:MEMBERSHIP;MOTIF_SHAPE:MEMBERSHIP;RHYTHM_COMPATIBILITY:MEMBERSHIP;TONAL_BASS_CONTOUR;TONAL_BASS_REGISTER;TONAL_MELODIC_CONTOUR	CORRIDOR_BPM_BOUNDS;CORRIDOR_DENSITY;PHRASE_EVOLUTION:MEMBERSHIP	NONE	NONE	tonal.bass_articulation=PLAIN;tonal.melodic_motif_operation=NONE;tonal.melodic_rhythm_operation=PRESERVE	tonal.bass_articulation=PLAIN;tonal.melodic_motif_operation=NONE;tonal.melodic_rhythm_operation=PRESERVE	NONE	NORMAL_GENRE_STRONG_MIGRATION_PUBLICATION	NONE	RHYTHM;COMPOSITION_OTHER;CORRIDOR;TONAL;LEGACY_DRUM	LEGACY_BEHAVIOR;LEGACY_DRUM;LEGACY_PARAMS;LEGACY_TIMBRE	GF2_C2=BLOCKED
0a2a6211ef00dcf2214dfd4704b6c34b424b1c9d	574b830526c784ffe761286096dd62e22d6361d4	Electro	Techno	STRONG_DISTINCTNESS	REACHABLE_POLICY_DIFFERENCE;MIXED_REACHABILITY;FAILURE_SENSITIVE	BASS_RHYTHM:MEMBERSHIP;CHORD_PROGRESSION:MEMBERSHIP;CHORD_RHYTHM:MEMBERSHIP;CORRIDOR_BPM_BOUNDS;CORRIDOR_DENSITY;CORRIDOR_SUGGESTED_BPM;DRUM_POLICY;MELODIC_RHYTHM:MEMBERSHIP;MOTIF_SHAPE:MEMBERSHIP;PHRASE_EVOLUTION:MEMBERSHIP;PROFILE_FEEL:MEMBERSHIP;RHYTHM_COMPATIBILITY:MEMBERSHIP;TONAL_BASS_CONTOUR;TONAL_BASS_REGISTER;TONAL_MELODIC_CONTOUR	BASS_RHYTHM:MEMBERSHIP;CHORD_PROGRESSION:MEMBERSHIP;CHORD_RHYTHM:MEMBERSHIP;CORRIDOR_SUGGESTED_BPM;DRUM_POLICY;MELODIC_RHYTHM:MEMBERSHIP;MOTIF_SHAPE:MEMBERSHIP;RHYTHM_COMPATIBILITY:MEMBERSHIP;TONAL_BASS_CONTOUR;TONAL_BASS_REGISTER;TONAL_MELODIC_CONTOUR	CORRIDOR_BPM_BOUNDS;CORRIDOR_DENSITY;PHRASE_EVOLUTION:MEMBERSHIP;PROFILE_FEEL:MEMBERSHIP	NONE	NONE	tonal.bass_articulation=PLAIN;tonal.melodic_motif_operation=NONE;tonal.melodic_rhythm_operation=PRESERVE	tonal.bass_articulation=PLAIN;tonal.melodic_motif_operation=NONE;tonal.melodic_rhythm_operation=PRESERVE	NONE	NORMAL_GENRE_STRONG_MIGRATION_PUBLICATION	NONE	RHYTHM;COMPOSITION_OTHER;CORRIDOR;TONAL;LEGACY_DRUM	LEGACY_BEHAVIOR;LEGACY_DRUM;LEGACY_PARAMS;LEGACY_TIMBRE	GF2_C2=BLOCKED
0a2a6211ef00dcf2214dfd4704b6c34b424b1c9d	574b830526c784ffe761286096dd62e22d6361d4	Electro	Hip-Hop	STRONG_DISTINCTNESS	REACHABLE_POLICY_DIFFERENCE;MIXED_REACHABILITY;FAILURE_SENSITIVE	BASS_RHYTHM:MEMBERSHIP;CHORD_PROGRESSION:MEMBERSHIP;CHORD_RHYTHM:MEMBERSHIP;CORRIDOR_BPM_BOUNDS;CORRIDOR_DENSITY;CORRIDOR_SUGGESTED_BPM;DRUM_POLICY;MELODIC_RHYTHM:MEMBERSHIP;MOTIF_SHAPE:MEMBERSHIP;PROFILE_FEEL:MEMBERSHIP;RHYTHM_COMPATIBILITY:MEMBERSHIP;SECONDARY_ROLE;TONAL_BASS_CONTOUR;TONAL_MELODIC_CONTOUR	BASS_RHYTHM:MEMBERSHIP;CHORD_PROGRESSION:MEMBERSHIP;CHORD_RHYTHM:MEMBERSHIP;CORRIDOR_SUGGESTED_BPM;DRUM_POLICY;MELODIC_RHYTHM:MEMBERSHIP;MOTIF_SHAPE:MEMBERSHIP;RHYTHM_COMPATIBILITY:MEMBERSHIP;SECONDARY_ROLE;TONAL_BASS_CONTOUR;TONAL_MELODIC_CONTOUR	CORRIDOR_BPM_BOUNDS;CORRIDOR_DENSITY;PROFILE_FEEL:MEMBERSHIP	NONE	NONE	tonal.bass_articulation=PLAIN;tonal.melodic_motif_operation=NONE;tonal.melodic_rhythm_operation=PRESERVE	tonal.bass_articulation=PLAIN;tonal.melodic_motif_operation=NONE;tonal.melodic_rhythm_operation=PRESERVE	NONE	NORMAL_GENRE_STRONG_MIGRATION_PUBLICATION	NONE	RHYTHM;COMPOSITION_OTHER;CORRIDOR;ROLE;TONAL;LEGACY_DRUM	LEGACY_BEHAVIOR;LEGACY_DRUM;LEGACY_PARAMS;LEGACY_TIMBRE	GF2_C2=BLOCKED
0a2a6211ef00dcf2214dfd4704b6c34b424b1c9d	574b830526c784ffe761286096dd62e22d6361d4	Electro	Funk/Soul	STRONG_DISTINCTNESS	REACHABLE_POLICY_DIFFERENCE;MIXED_REACHABILITY;FAILURE_SENSITIVE	BASS_RHYTHM:MEMBERSHIP;CHORD_PROGRESSION:MEMBERSHIP;CHORD_RHYTHM:MEMBERSHIP;CORRIDOR_BPM_BOUNDS;CORRIDOR_DENSITY;CORRIDOR_SUGGESTED_BPM;DRUM_POLICY;MELODIC_RHYTHM:MEMBERSHIP;MOTIF_SHAPE:MEMBERSHIP;RHYTHM_COMPATIBILITY:MEMBERSHIP;SECONDARY_ROLE;TONAL_BASS_CONTOUR;TONAL_MELODIC_CONTOUR	BASS_RHYTHM:MEMBERSHIP;CHORD_PROGRESSION:MEMBERSHIP;CHORD_RHYTHM:MEMBERSHIP;CORRIDOR_SUGGESTED_BPM;DRUM_POLICY;MELODIC_RHYTHM:MEMBERSHIP;MOTIF_SHAPE:MEMBERSHIP;RHYTHM_COMPATIBILITY:MEMBERSHIP;SECONDARY_ROLE;TONAL_BASS_CONTOUR;TONAL_MELODIC_CONTOUR	CORRIDOR_BPM_BOUNDS;CORRIDOR_DENSITY	NONE	NONE	tonal.bass_articulation=PLAIN;tonal.melodic_motif_operation=NONE;tonal.melodic_rhythm_operation=PRESERVE	tonal.bass_articulation=PLAIN;tonal.melodic_motif_operation=NONE;tonal.melodic_rhythm_operation=PRESERVE	NONE	NORMAL_GENRE_STRONG_MIGRATION_PUBLICATION	NONE	RHYTHM;COMPOSITION_OTHER;CORRIDOR;ROLE;TONAL;LEGACY_DRUM	LEGACY_BEHAVIOR;LEGACY_DRUM;LEGACY_PARAMS;LEGACY_TIMBRE	GF2_C2=BLOCKED
0a2a6211ef00dcf2214dfd4704b6c34b424b1c9d	574b830526c784ffe761286096dd62e22d6361d4	Electro	UK Garage	PARTIAL_COLLISION	REACHABLE_POLICY_DIFFERENCE;MIXED_REACHABILITY;FAILURE_SENSITIVE	CORRIDOR_BPM_BOUNDS;CORRIDOR_DENSITY;CORRIDOR_SUGGESTED_BPM;DRUM_POLICY;RHYTHM_COMPATIBILITY:MEMBERSHIP	CORRIDOR_SUGGESTED_BPM;DRUM_POLICY;RHYTHM_COMPATIBILITY:MEMBERSHIP	CORRIDOR_BPM_BOUNDS;CORRIDOR_DENSITY	NONE	NONE	tonal.bass_articulation=PLAIN;tonal.melodic_motif_operation=NONE;tonal.melodic_rhythm_operation=PRESERVE	tonal.bass_articulation=PLAIN;tonal.melodic_motif_operation=NONE;tonal.melodic_rhythm_operation=PRESERVE;tonal.source=kBrokenProfile	NONE	NORMAL_GENRE_STRONG_MIGRATION_PUBLICATION	NONE	RHYTHM;CORRIDOR;LEGACY_DRUM	LEGACY_BEHAVIOR;LEGACY_DRUM;LEGACY_PARAMS;LEGACY_TIMBRE	GF2_C2=BLOCKED
0a2a6211ef00dcf2214dfd4704b6c34b424b1c9d	574b830526c784ffe761286096dd62e22d6361d4	Electro	Drum&Bass	PARTIAL_COLLISION	REACHABLE_POLICY_DIFFERENCE;MIXED_REACHABILITY;PARTIALLY_REACHABLE;FAILURE_SENSITIVE	BASS_RHYTHM:MEMBERSHIP;CORRIDOR_BPM_BOUNDS;CORRIDOR_DENSITY;CORRIDOR_SUGGESTED_BPM;DRUM_POLICY;PHRASE_EVOLUTION:MEMBERSHIP;PHRASE_LENGTH:MEMBERSHIP;PROFILE_FEEL:MEMBERSHIP;RHYTHM_COMPATIBILITY:MEMBERSHIP	BASS_RHYTHM:MEMBERSHIP;CORRIDOR_SUGGESTED_BPM;DRUM_POLICY;RHYTHM_COMPATIBILITY:MEMBERSHIP	CORRIDOR_BPM_BOUNDS;CORRIDOR_DENSITY;PHRASE_EVOLUTION:MEMBERSHIP;PROFILE_FEEL:MEMBERSHIP	PHRASE_LENGTH:MEMBERSHIP	NONE	tonal.bass_articulation=PLAIN;tonal.melodic_motif_operation=NONE;tonal.melodic_rhythm_operation=PRESERVE	tonal.bass_articulation=PLAIN;tonal.melodic_motif_operation=NONE;tonal.melodic_rhythm_operation=PRESERVE;tonal.source=kBrokenProfile	NONE	NORMAL_GENRE_STRONG_MIGRATION_PUBLICATION	NONE	RHYTHM;COMPOSITION_OTHER;CORRIDOR;LEGACY_DRUM	LEGACY_BEHAVIOR;LEGACY_DRUM;LEGACY_PARAMS;LEGACY_TIMBRE	GF2_C2=BLOCKED
0a2a6211ef00dcf2214dfd4704b6c34b424b1c9d	574b830526c784ffe761286096dd62e22d6361d4	Electro	Lo-Fi	STRONG_DISTINCTNESS	REACHABLE_POLICY_DIFFERENCE;MIXED_REACHABILITY;PARTIALLY_REACHABLE;FAILURE_SENSITIVE	BASS_RHYTHM:MEMBERSHIP;CHORD_PROGRESSION:MEMBERSHIP;CHORD_RHYTHM:MEMBERSHIP;CORRIDOR_BPM_BOUNDS;CORRIDOR_DENSITY;CORRIDOR_SUGGESTED_BPM;DRUM_POLICY;MELODIC_RHYTHM:MEMBERSHIP;MOTIF_SHAPE:MEMBERSHIP;PHRASE_EVOLUTION:MEMBERSHIP;PHRASE_LENGTH:MEMBERSHIP;PROFILE_FEEL:MEMBERSHIP;RHYTHM_COMPATIBILITY:MEMBERSHIP;SECONDARY_ROLE;TONAL_BASS_CONTOUR;TONAL_MELODIC_CONTOUR	BASS_RHYTHM:MEMBERSHIP;CHORD_PROGRESSION:MEMBERSHIP;CHORD_RHYTHM:MEMBERSHIP;CORRIDOR_SUGGESTED_BPM;DRUM_POLICY;MELODIC_RHYTHM:MEMBERSHIP;MOTIF_SHAPE:MEMBERSHIP;RHYTHM_COMPATIBILITY:MEMBERSHIP;SECONDARY_ROLE;TONAL_BASS_CONTOUR;TONAL_MELODIC_CONTOUR	CORRIDOR_BPM_BOUNDS;CORRIDOR_DENSITY;PHRASE_EVOLUTION:MEMBERSHIP;PROFILE_FEEL:MEMBERSHIP	PHRASE_LENGTH:MEMBERSHIP	NONE	tonal.bass_articulation=PLAIN;tonal.melodic_motif_operation=NONE;tonal.melodic_rhythm_operation=PRESERVE	tonal.bass_articulation=PLAIN;tonal.melodic_motif_operation=NONE;tonal.melodic_rhythm_operation=PRESERVE	NONE	NORMAL_GENRE_STRONG_MIGRATION_PUBLICATION	NONE	RHYTHM;COMPOSITION_OTHER;CORRIDOR;ROLE;TONAL;LEGACY_DRUM	LEGACY_BEHAVIOR;LEGACY_DRUM;LEGACY_PARAMS;LEGACY_TIMBRE	GF2_C2=BLOCKED
0a2a6211ef00dcf2214dfd4704b6c34b424b1c9d	574b830526c784ffe761286096dd62e22d6361d4	Rave	Dub/Reggae	STRONG_DISTINCTNESS	REACHABLE_POLICY_DIFFERENCE;MIXED_REACHABILITY;PARTIALLY_REACHABLE;FAILURE_SENSITIVE	BASS_RHYTHM:MEMBERSHIP;CHORD_PROGRESSION:MEMBERSHIP;CHORD_RHYTHM:MEMBERSHIP;CORRIDOR_BPM_BOUNDS;CORRIDOR_DENSITY;CORRIDOR_SUGGESTED_BPM;DRUM_POLICY;MELODIC_RHYTHM:MEMBERSHIP;MOTIF_SHAPE:MEMBERSHIP;PHRASE_EVOLUTION:MEMBERSHIP;PHRASE_LENGTH:MEMBERSHIP;PROFILE_FEEL:MEMBERSHIP;RHYTHM_COMPATIBILITY:MEMBERSHIP;SECONDARY_ROLE;TONAL_BASS_CONTOUR;TONAL_BASS_REGISTER	BASS_RHYTHM:MEMBERSHIP;CHORD_PROGRESSION:MEMBERSHIP;CHORD_RHYTHM:MEMBERSHIP;CORRIDOR_SUGGESTED_BPM;DRUM_POLICY;MELODIC_RHYTHM:MEMBERSHIP;MOTIF_SHAPE:MEMBERSHIP;RHYTHM_COMPATIBILITY:MEMBERSHIP;SECONDARY_ROLE;TONAL_BASS_CONTOUR;TONAL_BASS_REGISTER	CORRIDOR_BPM_BOUNDS;CORRIDOR_DENSITY;PHRASE_EVOLUTION:MEMBERSHIP;PROFILE_FEEL:MEMBERSHIP	PHRASE_LENGTH:MEMBERSHIP	NONE	tonal.bass_articulation=PLAIN;tonal.melodic_contour=STATIC;tonal.melodic_motif_operation=NONE;tonal.melodic_rhythm_operation=PRESERVE	tonal.bass_articulation=PLAIN;tonal.melodic_contour=STATIC;tonal.melodic_motif_operation=NONE;tonal.melodic_rhythm_operation=PRESERVE	NONE	NORMAL_GENRE_STRONG_MIGRATION_PUBLICATION	NONE	RHYTHM;COMPOSITION_OTHER;CORRIDOR;ROLE;TONAL;LEGACY_DRUM	LEGACY_BEHAVIOR;LEGACY_DRUM;LEGACY_PARAMS;LEGACY_TIMBRE	GF2_C2=BLOCKED
0a2a6211ef00dcf2214dfd4704b6c34b424b1c9d	574b830526c784ffe761286096dd62e22d6361d4	Rave	Trip-Hop	STRONG_DISTINCTNESS	REACHABLE_POLICY_DIFFERENCE;MIXED_REACHABILITY;PARTIALLY_REACHABLE;FAILURE_SENSITIVE	BASS_RHYTHM:MEMBERSHIP;CHORD_PROGRESSION:MEMBERSHIP;CHORD_RHYTHM:MEMBERSHIP;CORRIDOR_BPM_BOUNDS;CORRIDOR_DENSITY;CORRIDOR_SUGGESTED_BPM;DRUM_POLICY;MELODIC_RHYTHM:MEMBERSHIP;MOTIF_SHAPE:MEMBERSHIP;PHRASE_EVOLUTION:MEMBERSHIP;PHRASE_LENGTH:MEMBERSHIP;PROFILE_FEEL:MEMBERSHIP;RHYTHM_COMPATIBILITY:MEMBERSHIP;SECONDARY_ROLE;TONAL_BASS_CONTOUR;TONAL_BASS_REGISTER;TONAL_MELODIC_CONTOUR	BASS_RHYTHM:MEMBERSHIP;CHORD_PROGRESSION:MEMBERSHIP;CHORD_RHYTHM:MEMBERSHIP;CORRIDOR_SUGGESTED_BPM;DRUM_POLICY;MELODIC_RHYTHM:MEMBERSHIP;MOTIF_SHAPE:MEMBERSHIP;RHYTHM_COMPATIBILITY:MEMBERSHIP;SECONDARY_ROLE;TONAL_BASS_CONTOUR;TONAL_BASS_REGISTER;TONAL_MELODIC_CONTOUR	CORRIDOR_BPM_BOUNDS;CORRIDOR_DENSITY;PHRASE_EVOLUTION:MEMBERSHIP;PROFILE_FEEL:MEMBERSHIP	PHRASE_LENGTH:MEMBERSHIP	NONE	tonal.bass_articulation=PLAIN;tonal.melodic_motif_operation=NONE;tonal.melodic_rhythm_operation=PRESERVE	tonal.bass_articulation=PLAIN;tonal.melodic_motif_operation=NONE;tonal.melodic_rhythm_operation=PRESERVE	NONE	NORMAL_GENRE_STRONG_MIGRATION_PUBLICATION	NONE	RHYTHM;COMPOSITION_OTHER;CORRIDOR;ROLE;TONAL;LEGACY_DRUM	LEGACY_BEHAVIOR;LEGACY_DRUM;LEGACY_PARAMS;LEGACY_TIMBRE	GF2_C2=BLOCKED
0a2a6211ef00dcf2214dfd4704b6c34b424b1c9d	574b830526c784ffe761286096dd62e22d6361d4	Rave	Breaks	STRONG_DISTINCTNESS	REACHABLE_POLICY_DIFFERENCE;MIXED_REACHABILITY;PARTIALLY_REACHABLE;FAILURE_SENSITIVE	BASS_RHYTHM:MEMBERSHIP;CHORD_PROGRESSION:MEMBERSHIP;CHORD_RHYTHM:MEMBERSHIP;CORRIDOR_BPM_BOUNDS;CORRIDOR_DENSITY;CORRIDOR_SUGGESTED_BPM;DRUM_POLICY;MELODIC_RHYTHM:MEMBERSHIP;MOTIF_SHAPE:MEMBERSHIP;PHRASE_EVOLUTION:MEMBERSHIP;PHRASE_LENGTH:MEMBERSHIP;PROFILE_FEEL:MEMBERSHIP;RHYTHM_COMPATIBILITY:MEMBERSHIP;TONAL_BASS_CONTOUR;TONAL_BASS_REGISTER;TONAL_MELODIC_CONTOUR	BASS_RHYTHM:MEMBERSHIP;CHORD_PROGRESSION:MEMBERSHIP;CHORD_RHYTHM:MEMBERSHIP;CORRIDOR_SUGGESTED_BPM;DRUM_POLICY;MELODIC_RHYTHM:MEMBERSHIP;MOTIF_SHAPE:MEMBERSHIP;RHYTHM_COMPATIBILITY:MEMBERSHIP;TONAL_BASS_CONTOUR;TONAL_BASS_REGISTER;TONAL_MELODIC_CONTOUR	CORRIDOR_BPM_BOUNDS;CORRIDOR_DENSITY;PHRASE_EVOLUTION:MEMBERSHIP;PROFILE_FEEL:MEMBERSHIP	PHRASE_LENGTH:MEMBERSHIP	NONE	tonal.bass_articulation=PLAIN;tonal.melodic_motif_operation=NONE;tonal.melodic_rhythm_operation=PRESERVE	tonal.bass_articulation=PLAIN;tonal.melodic_motif_operation=NONE;tonal.melodic_rhythm_operation=PRESERVE	NONE	NORMAL_GENRE_STRONG_MIGRATION_PUBLICATION	NONE	RHYTHM;COMPOSITION_OTHER;CORRIDOR;TONAL;LEGACY_DRUM	LEGACY_BEHAVIOR;LEGACY_DRUM;LEGACY_PARAMS;LEGACY_TIMBRE	GF2_C2=BLOCKED
0a2a6211ef00dcf2214dfd4704b6c34b424b1c9d	574b830526c784ffe761286096dd62e22d6361d4	Rave	Chip	STRONG_DISTINCTNESS	REACHABLE_POLICY_DIFFERENCE;MIXED_REACHABILITY;FAILURE_SENSITIVE	BASS_RHYTHM:MEMBERSHIP;CHORD_PROGRESSION:MEMBERSHIP;CORRIDOR_BPM_BOUNDS;CORRIDOR_DENSITY;CORRIDOR_SUGGESTED_BPM;DRUM_POLICY;RHYTHM_COMPATIBILITY:MEMBERSHIP;TONAL_BASS_CONTOUR;TONAL_BASS_REGISTER;TONAL_MELODIC_CONTOUR	BASS_RHYTHM:MEMBERSHIP;CHORD_PROGRESSION:MEMBERSHIP;CORRIDOR_SUGGESTED_BPM;DRUM_POLICY;RHYTHM_COMPATIBILITY:MEMBERSHIP;TONAL_BASS_CONTOUR;TONAL_BASS_REGISTER;TONAL_MELODIC_CONTOUR	CORRIDOR_BPM_BOUNDS;CORRIDOR_DENSITY	NONE	NONE	tonal.bass_articulation=PLAIN;tonal.melodic_motif_operation=NONE;tonal.melodic_rhythm_operation=PRESERVE	tonal.bass_articulation=PLAIN;tonal.melodic_motif_operation=NONE;tonal.melodic_rhythm_operation=PRESERVE	NONE	NORMAL_GENRE_STRONG_MIGRATION_PUBLICATION	NONE	RHYTHM;COMPOSITION_OTHER;CORRIDOR;TONAL;LEGACY_DRUM	LEGACY_BEHAVIOR;LEGACY_DRUM;LEGACY_PARAMS;LEGACY_TIMBRE	GF2_C2=BLOCKED
0a2a6211ef00dcf2214dfd4704b6c34b424b1c9d	574b830526c784ffe761286096dd62e22d6361d4	Rave	House	PARTIAL_COLLISION	REACHABLE_POLICY_DIFFERENCE;MIXED_REACHABILITY;PARTIALLY_REACHABLE;FAILURE_SENSITIVE	CHORD_PROGRESSION:MEMBERSHIP;CORRIDOR_BPM_BOUNDS;CORRIDOR_DENSITY;CORRIDOR_SUGGESTED_BPM;DRUM_POLICY;PHRASE_EVOLUTION:MEMBERSHIP;PHRASE_LENGTH:MEMBERSHIP;PROFILE_FEEL:MEMBERSHIP;RHYTHM_COMPATIBILITY:MEMBERSHIP	CHORD_PROGRESSION:MEMBERSHIP;CORRIDOR_SUGGESTED_BPM;DRUM_POLICY;RHYTHM_COMPATIBILITY:MEMBERSHIP	CORRIDOR_BPM_BOUNDS;CORRIDOR_DENSITY;PHRASE_EVOLUTION:MEMBERSHIP;PROFILE_FEEL:MEMBERSHIP	PHRASE_LENGTH:MEMBERSHIP	NONE	tonal.bass_articulation=PLAIN;tonal.bass_contour=ROOT ANCHOR;tonal.melodic_contour=STATIC;tonal.melodic_motif_operation=NONE;tonal.melodic_rhythm_operation=PRESERVE	tonal.bass_articulation=PLAIN;tonal.bass_contour=ROOT ANCHOR;tonal.melodic_contour=STATIC;tonal.melodic_motif_operation=NONE;tonal.melodic_rhythm_operation=PRESERVE;tonal.source=kStaticProfile	NONE	NORMAL_GENRE_STRONG_MIGRATION_PUBLICATION	NONE	RHYTHM;COMPOSITION_OTHER;CORRIDOR;LEGACY_DRUM	LEGACY_BEHAVIOR;LEGACY_DRUM;LEGACY_PARAMS;LEGACY_TIMBRE	GF2_C2=BLOCKED
0a2a6211ef00dcf2214dfd4704b6c34b424b1c9d	574b830526c784ffe761286096dd62e22d6361d4	Rave	Techno	PARTIAL_COLLISION	REACHABLE_POLICY_DIFFERENCE;MIXED_REACHABILITY;PARTIALLY_REACHABLE;FAILURE_SENSITIVE	CORRIDOR_BPM_BOUNDS;CORRIDOR_DENSITY;CORRIDOR_SUGGESTED_BPM;DRUM_POLICY;PHRASE_EVOLUTION:MEMBERSHIP;PHRASE_LENGTH:MEMBERSHIP;RHYTHM_COMPATIBILITY:MEMBERSHIP	CORRIDOR_SUGGESTED_BPM;DRUM_POLICY;RHYTHM_COMPATIBILITY:MEMBERSHIP	CORRIDOR_BPM_BOUNDS;CORRIDOR_DENSITY;PHRASE_EVOLUTION:MEMBERSHIP	PHRASE_LENGTH:MEMBERSHIP	NONE	tonal.bass_articulation=PLAIN;tonal.bass_contour=ROOT ANCHOR;tonal.melodic_contour=STATIC;tonal.melodic_motif_operation=NONE;tonal.melodic_rhythm_operation=PRESERVE	tonal.bass_articulation=PLAIN;tonal.bass_contour=ROOT ANCHOR;tonal.melodic_contour=STATIC;tonal.melodic_motif_operation=NONE;tonal.melodic_rhythm_operation=PRESERVE;tonal.source=kStaticProfile	NONE	NORMAL_GENRE_STRONG_MIGRATION_PUBLICATION	NONE	RHYTHM;COMPOSITION_OTHER;CORRIDOR;LEGACY_DRUM	LEGACY_BEHAVIOR;LEGACY_DRUM;LEGACY_PARAMS;LEGACY_TIMBRE	GF2_C2=BLOCKED
0a2a6211ef00dcf2214dfd4704b6c34b424b1c9d	574b830526c784ffe761286096dd62e22d6361d4	Rave	Hip-Hop	STRONG_DISTINCTNESS	REACHABLE_POLICY_DIFFERENCE;MIXED_REACHABILITY;PARTIALLY_REACHABLE;FAILURE_SENSITIVE	BASS_RHYTHM:MEMBERSHIP;CHORD_PROGRESSION:MEMBERSHIP;CHORD_RHYTHM:MEMBERSHIP;CORRIDOR_BPM_BOUNDS;CORRIDOR_DENSITY;CORRIDOR_SUGGESTED_BPM;DRUM_POLICY;MELODIC_RHYTHM:MEMBERSHIP;MOTIF_SHAPE:MEMBERSHIP;PHRASE_EVOLUTION:MEMBERSHIP;PHRASE_LENGTH:MEMBERSHIP;PROFILE_FEEL:MEMBERSHIP;RHYTHM_COMPATIBILITY:MEMBERSHIP;SECONDARY_ROLE;TONAL_BASS_CONTOUR;TONAL_BASS_REGISTER;TONAL_MELODIC_CONTOUR	BASS_RHYTHM:MEMBERSHIP;CHORD_PROGRESSION:MEMBERSHIP;CHORD_RHYTHM:MEMBERSHIP;CORRIDOR_SUGGESTED_BPM;DRUM_POLICY;MELODIC_RHYTHM:MEMBERSHIP;MOTIF_SHAPE:MEMBERSHIP;RHYTHM_COMPATIBILITY:MEMBERSHIP;SECONDARY_ROLE;TONAL_BASS_CONTOUR;TONAL_BASS_REGISTER;TONAL_MELODIC_CONTOUR	CORRIDOR_BPM_BOUNDS;CORRIDOR_DENSITY;PHRASE_EVOLUTION:MEMBERSHIP;PROFILE_FEEL:MEMBERSHIP	PHRASE_LENGTH:MEMBERSHIP	NONE	tonal.bass_articulation=PLAIN;tonal.melodic_motif_operation=NONE;tonal.melodic_rhythm_operation=PRESERVE	tonal.bass_articulation=PLAIN;tonal.melodic_motif_operation=NONE;tonal.melodic_rhythm_operation=PRESERVE	NONE	NORMAL_GENRE_STRONG_MIGRATION_PUBLICATION	NONE	RHYTHM;COMPOSITION_OTHER;CORRIDOR;ROLE;TONAL;LEGACY_DRUM	LEGACY_BEHAVIOR;LEGACY_DRUM;LEGACY_PARAMS;LEGACY_TIMBRE	GF2_C2=BLOCKED
0a2a6211ef00dcf2214dfd4704b6c34b424b1c9d	574b830526c784ffe761286096dd62e22d6361d4	Rave	Funk/Soul	STRONG_DISTINCTNESS	REACHABLE_POLICY_DIFFERENCE;MIXED_REACHABILITY;PARTIALLY_REACHABLE;FAILURE_SENSITIVE	BASS_RHYTHM:MEMBERSHIP;CHORD_PROGRESSION:MEMBERSHIP;CHORD_RHYTHM:MEMBERSHIP;CORRIDOR_BPM_BOUNDS;CORRIDOR_DENSITY;CORRIDOR_SUGGESTED_BPM;DRUM_POLICY;MELODIC_RHYTHM:MEMBERSHIP;MOTIF_SHAPE:MEMBERSHIP;PHRASE_EVOLUTION:MEMBERSHIP;PHRASE_LENGTH:MEMBERSHIP;PROFILE_FEEL:MEMBERSHIP;RHYTHM_COMPATIBILITY:MEMBERSHIP;SECONDARY_ROLE;TONAL_BASS_CONTOUR;TONAL_BASS_REGISTER;TONAL_MELODIC_CONTOUR	BASS_RHYTHM:MEMBERSHIP;CHORD_PROGRESSION:MEMBERSHIP;CHORD_RHYTHM:MEMBERSHIP;CORRIDOR_SUGGESTED_BPM;DRUM_POLICY;MELODIC_RHYTHM:MEMBERSHIP;MOTIF_SHAPE:MEMBERSHIP;RHYTHM_COMPATIBILITY:MEMBERSHIP;SECONDARY_ROLE;TONAL_BASS_CONTOUR;TONAL_BASS_REGISTER;TONAL_MELODIC_CONTOUR	CORRIDOR_BPM_BOUNDS;CORRIDOR_DENSITY;PHRASE_EVOLUTION:MEMBERSHIP;PROFILE_FEEL:MEMBERSHIP	PHRASE_LENGTH:MEMBERSHIP	NONE	tonal.bass_articulation=PLAIN;tonal.melodic_motif_operation=NONE;tonal.melodic_rhythm_operation=PRESERVE	tonal.bass_articulation=PLAIN;tonal.melodic_motif_operation=NONE;tonal.melodic_rhythm_operation=PRESERVE	NONE	NORMAL_GENRE_STRONG_MIGRATION_PUBLICATION	NONE	RHYTHM;COMPOSITION_OTHER;CORRIDOR;ROLE;TONAL;LEGACY_DRUM	LEGACY_BEHAVIOR;LEGACY_DRUM;LEGACY_PARAMS;LEGACY_TIMBRE	GF2_C2=BLOCKED
0a2a6211ef00dcf2214dfd4704b6c34b424b1c9d	574b830526c784ffe761286096dd62e22d6361d4	Rave	UK Garage	STRONG_DISTINCTNESS	REACHABLE_POLICY_DIFFERENCE;MIXED_REACHABILITY;PARTIALLY_REACHABLE;FAILURE_SENSITIVE	BASS_RHYTHM:MEMBERSHIP;CHORD_PROGRESSION:MEMBERSHIP;CHORD_RHYTHM:MEMBERSHIP;CORRIDOR_BPM_BOUNDS;CORRIDOR_DENSITY;CORRIDOR_SUGGESTED_BPM;DRUM_POLICY;MELODIC_RHYTHM:MEMBERSHIP;MOTIF_SHAPE:MEMBERSHIP;PHRASE_EVOLUTION:MEMBERSHIP;PHRASE_LENGTH:MEMBERSHIP;PROFILE_FEEL:MEMBERSHIP;RHYTHM_COMPATIBILITY:MEMBERSHIP;TONAL_BASS_CONTOUR;TONAL_BASS_REGISTER;TONAL_MELODIC_CONTOUR	BASS_RHYTHM:MEMBERSHIP;CHORD_PROGRESSION:MEMBERSHIP;CHORD_RHYTHM:MEMBERSHIP;CORRIDOR_SUGGESTED_BPM;DRUM_POLICY;MELODIC_RHYTHM:MEMBERSHIP;MOTIF_SHAPE:MEMBERSHIP;RHYTHM_COMPATIBILITY:MEMBERSHIP;TONAL_BASS_CONTOUR;TONAL_BASS_REGISTER;TONAL_MELODIC_CONTOUR	CORRIDOR_BPM_BOUNDS;CORRIDOR_DENSITY;PHRASE_EVOLUTION:MEMBERSHIP;PROFILE_FEEL:MEMBERSHIP	PHRASE_LENGTH:MEMBERSHIP	NONE	tonal.bass_articulation=PLAIN;tonal.melodic_motif_operation=NONE;tonal.melodic_rhythm_operation=PRESERVE	tonal.bass_articulation=PLAIN;tonal.melodic_motif_operation=NONE;tonal.melodic_rhythm_operation=PRESERVE	NONE	NORMAL_GENRE_STRONG_MIGRATION_PUBLICATION	NONE	RHYTHM;COMPOSITION_OTHER;CORRIDOR;TONAL;LEGACY_DRUM	LEGACY_BEHAVIOR;LEGACY_DRUM;LEGACY_PARAMS;LEGACY_TIMBRE	GF2_C2=BLOCKED
0a2a6211ef00dcf2214dfd4704b6c34b424b1c9d	574b830526c784ffe761286096dd62e22d6361d4	Rave	Drum&Bass	STRONG_DISTINCTNESS	REACHABLE_POLICY_DIFFERENCE;MIXED_REACHABILITY;FAILURE_SENSITIVE	CHORD_PROGRESSION:MEMBERSHIP;CHORD_RHYTHM:MEMBERSHIP;CORRIDOR_BPM_BOUNDS;CORRIDOR_SUGGESTED_BPM;DRUM_POLICY;MELODIC_RHYTHM:MEMBERSHIP;MOTIF_SHAPE:MEMBERSHIP;RHYTHM_COMPATIBILITY:MEMBERSHIP;TONAL_BASS_CONTOUR;TONAL_BASS_REGISTER;TONAL_MELODIC_CONTOUR	CHORD_PROGRESSION:MEMBERSHIP;CHORD_RHYTHM:MEMBERSHIP;CORRIDOR_SUGGESTED_BPM;DRUM_POLICY;MELODIC_RHYTHM:MEMBERSHIP;MOTIF_SHAPE:MEMBERSHIP;RHYTHM_COMPATIBILITY:MEMBERSHIP;TONAL_BASS_CONTOUR;TONAL_BASS_REGISTER;TONAL_MELODIC_CONTOUR	CORRIDOR_BPM_BOUNDS	NONE	NONE	tonal.bass_articulation=PLAIN;tonal.melodic_motif_operation=NONE;tonal.melodic_rhythm_operation=PRESERVE	tonal.bass_articulation=PLAIN;tonal.melodic_motif_operation=NONE;tonal.melodic_rhythm_operation=PRESERVE	NONE	NORMAL_GENRE_STRONG_MIGRATION_PUBLICATION	NONE	RHYTHM;COMPOSITION_OTHER;CORRIDOR;TONAL;LEGACY_DRUM	LEGACY_BEHAVIOR;LEGACY_DRUM;LEGACY_PARAMS;LEGACY_TIMBRE	GF2_C2=BLOCKED
0a2a6211ef00dcf2214dfd4704b6c34b424b1c9d	574b830526c784ffe761286096dd62e22d6361d4	Rave	Lo-Fi	STRONG_DISTINCTNESS	REACHABLE_POLICY_DIFFERENCE;MIXED_REACHABILITY;PARTIALLY_REACHABLE;FAILURE_SENSITIVE	BASS_RHYTHM:MEMBERSHIP;CHORD_PROGRESSION:MEMBERSHIP;CHORD_RHYTHM:MEMBERSHIP;CORRIDOR_BPM_BOUNDS;CORRIDOR_DENSITY;CORRIDOR_SUGGESTED_BPM;DRUM_POLICY;MELODIC_RHYTHM:MEMBERSHIP;MOTIF_SHAPE:MEMBERSHIP;PHRASE_EVOLUTION:MEMBERSHIP;PHRASE_LENGTH:MEMBERSHIP;PROFILE_FEEL:MEMBERSHIP;RHYTHM_COMPATIBILITY:MEMBERSHIP;SECONDARY_ROLE;TONAL_BASS_CONTOUR;TONAL_BASS_REGISTER;TONAL_MELODIC_CONTOUR	BASS_RHYTHM:MEMBERSHIP;CHORD_PROGRESSION:MEMBERSHIP;CHORD_RHYTHM:MEMBERSHIP;CORRIDOR_SUGGESTED_BPM;DRUM_POLICY;MELODIC_RHYTHM:MEMBERSHIP;MOTIF_SHAPE:MEMBERSHIP;RHYTHM_COMPATIBILITY:MEMBERSHIP;SECONDARY_ROLE;TONAL_BASS_CONTOUR;TONAL_BASS_REGISTER;TONAL_MELODIC_CONTOUR	CORRIDOR_BPM_BOUNDS;CORRIDOR_DENSITY;PHRASE_EVOLUTION:MEMBERSHIP;PROFILE_FEEL:MEMBERSHIP	PHRASE_LENGTH:MEMBERSHIP	NONE	tonal.bass_articulation=PLAIN;tonal.melodic_motif_operation=NONE;tonal.melodic_rhythm_operation=PRESERVE	tonal.bass_articulation=PLAIN;tonal.melodic_motif_operation=NONE;tonal.melodic_rhythm_operation=PRESERVE	NONE	NORMAL_GENRE_STRONG_MIGRATION_PUBLICATION	NONE	RHYTHM;COMPOSITION_OTHER;CORRIDOR;ROLE;TONAL;LEGACY_DRUM	LEGACY_BEHAVIOR;LEGACY_DRUM;LEGACY_PARAMS;LEGACY_TIMBRE	GF2_C2=BLOCKED
0a2a6211ef00dcf2214dfd4704b6c34b424b1c9d	574b830526c784ffe761286096dd62e22d6361d4	Dub/Reggae	Trip-Hop	STRONG_DISTINCTNESS	REACHABLE_POLICY_DIFFERENCE;MIXED_REACHABILITY;FAILURE_SENSITIVE	BASS_RHYTHM:MEMBERSHIP;CHORD_PROGRESSION:MEMBERSHIP;CHORD_RHYTHM:MEMBERSHIP;CORRIDOR_BPM_BOUNDS;CORRIDOR_SUGGESTED_BPM;DRUM_POLICY;MELODIC_RHYTHM:MEMBERSHIP;PROFILE_FEEL:MEMBERSHIP;RHYTHM_COMPATIBILITY:MEMBERSHIP;TONAL_BASS_CONTOUR;TONAL_MELODIC_CONTOUR	BASS_RHYTHM:MEMBERSHIP;CHORD_PROGRESSION:MEMBERSHIP;CHORD_RHYTHM:MEMBERSHIP;CORRIDOR_SUGGESTED_BPM;DRUM_POLICY;MELODIC_RHYTHM:MEMBERSHIP;RHYTHM_COMPATIBILITY:MEMBERSHIP;TONAL_BASS_CONTOUR;TONAL_MELODIC_CONTOUR	CORRIDOR_BPM_BOUNDS;PROFILE_FEEL:MEMBERSHIP	NONE	NONE	tonal.bass_articulation=PLAIN;tonal.melodic_motif_operation=NONE;tonal.melodic_rhythm_operation=PRESERVE	tonal.bass_articulation=PLAIN;tonal.melodic_motif_operation=NONE;tonal.melodic_rhythm_operation=PRESERVE	NONE	NORMAL_GENRE_STRONG_MIGRATION_PUBLICATION	NONE	RHYTHM;COMPOSITION_OTHER;CORRIDOR;TONAL;LEGACY_DRUM	LEGACY_BEHAVIOR;LEGACY_DRUM;LEGACY_PARAMS;LEGACY_TIMBRE	GF2_C2=BLOCKED
0a2a6211ef00dcf2214dfd4704b6c34b424b1c9d	574b830526c784ffe761286096dd62e22d6361d4	Dub/Reggae	Breaks	STRONG_DISTINCTNESS	REACHABLE_POLICY_DIFFERENCE;MIXED_REACHABILITY;PARTIALLY_REACHABLE;FAILURE_SENSITIVE	BASS_RHYTHM:MEMBERSHIP;CHORD_PROGRESSION:MEMBERSHIP;CHORD_RHYTHM:MEMBERSHIP;CORRIDOR_BPM_BOUNDS;CORRIDOR_DENSITY;CORRIDOR_SUGGESTED_BPM;DRUM_POLICY;MELODIC_RHYTHM:MEMBERSHIP;MOTIF_SHAPE:MEMBERSHIP;PHRASE_EVOLUTION:MEMBERSHIP;PHRASE_LENGTH:MEMBERSHIP;PROFILE_FEEL:MEMBERSHIP;RHYTHM_COMPATIBILITY:MEMBERSHIP;SECONDARY_ROLE;TONAL_BASS_CONTOUR;TONAL_MELODIC_CONTOUR	BASS_RHYTHM:MEMBERSHIP;CHORD_PROGRESSION:MEMBERSHIP;CHORD_RHYTHM:MEMBERSHIP;CORRIDOR_SUGGESTED_BPM;DRUM_POLICY;MELODIC_RHYTHM:MEMBERSHIP;MOTIF_SHAPE:MEMBERSHIP;RHYTHM_COMPATIBILITY:MEMBERSHIP;SECONDARY_ROLE;TONAL_BASS_CONTOUR;TONAL_MELODIC_CONTOUR	CORRIDOR_BPM_BOUNDS;CORRIDOR_DENSITY;PHRASE_EVOLUTION:MEMBERSHIP;PROFILE_FEEL:MEMBERSHIP	PHRASE_LENGTH:MEMBERSHIP	NONE	tonal.bass_articulation=PLAIN;tonal.melodic_motif_operation=NONE;tonal.melodic_rhythm_operation=PRESERVE	tonal.bass_articulation=PLAIN;tonal.melodic_motif_operation=NONE;tonal.melodic_rhythm_operation=PRESERVE	NONE	NORMAL_GENRE_STRONG_MIGRATION_PUBLICATION	NONE	RHYTHM;COMPOSITION_OTHER;CORRIDOR;ROLE;TONAL;LEGACY_DRUM	LEGACY_BEHAVIOR;LEGACY_DRUM;LEGACY_PARAMS;LEGACY_TIMBRE	GF2_C2=BLOCKED
0a2a6211ef00dcf2214dfd4704b6c34b424b1c9d	574b830526c784ffe761286096dd62e22d6361d4	Dub/Reggae	Chip	STRONG_DISTINCTNESS	REACHABLE_POLICY_DIFFERENCE;MIXED_REACHABILITY;PARTIALLY_REACHABLE;FAILURE_SENSITIVE	BASS_RHYTHM:MEMBERSHIP;CHORD_PROGRESSION:MEMBERSHIP;CHORD_RHYTHM:MEMBERSHIP;CORRIDOR_BPM_BOUNDS;CORRIDOR_DENSITY;CORRIDOR_SUGGESTED_BPM;DRUM_POLICY;MELODIC_RHYTHM:MEMBERSHIP;MOTIF_SHAPE:MEMBERSHIP;PHRASE_EVOLUTION:MEMBERSHIP;PHRASE_LENGTH:MEMBERSHIP;PROFILE_FEEL:MEMBERSHIP;RHYTHM_COMPATIBILITY:MEMBERSHIP;SECONDARY_ROLE;TONAL_BASS_CONTOUR;TONAL_MELODIC_CONTOUR	BASS_RHYTHM:MEMBERSHIP;CHORD_PROGRESSION:MEMBERSHIP;CHORD_RHYTHM:MEMBERSHIP;CORRIDOR_SUGGESTED_BPM;DRUM_POLICY;MELODIC_RHYTHM:MEMBERSHIP;MOTIF_SHAPE:MEMBERSHIP;RHYTHM_COMPATIBILITY:MEMBERSHIP;SECONDARY_ROLE;TONAL_BASS_CONTOUR;TONAL_MELODIC_CONTOUR	CORRIDOR_BPM_BOUNDS;CORRIDOR_DENSITY;PHRASE_EVOLUTION:MEMBERSHIP;PROFILE_FEEL:MEMBERSHIP	PHRASE_LENGTH:MEMBERSHIP	NONE	tonal.bass_articulation=PLAIN;tonal.melodic_motif_operation=NONE;tonal.melodic_rhythm_operation=PRESERVE	tonal.bass_articulation=PLAIN;tonal.melodic_motif_operation=NONE;tonal.melodic_rhythm_operation=PRESERVE	NONE	NORMAL_GENRE_STRONG_MIGRATION_PUBLICATION	NONE	RHYTHM;COMPOSITION_OTHER;CORRIDOR;ROLE;TONAL;LEGACY_DRUM	LEGACY_BEHAVIOR;LEGACY_DRUM;LEGACY_PARAMS;LEGACY_TIMBRE	GF2_C2=BLOCKED
0a2a6211ef00dcf2214dfd4704b6c34b424b1c9d	574b830526c784ffe761286096dd62e22d6361d4	Dub/Reggae	House	STRONG_DISTINCTNESS	REACHABLE_POLICY_DIFFERENCE;MIXED_REACHABILITY;PARTIALLY_REACHABLE;FAILURE_SENSITIVE	BASS_RHYTHM:MEMBERSHIP;CHORD_PROGRESSION:MEMBERSHIP;CHORD_RHYTHM:MEMBERSHIP;CORRIDOR_BPM_BOUNDS;CORRIDOR_DENSITY;CORRIDOR_SUGGESTED_BPM;DRUM_POLICY;MELODIC_RHYTHM:MEMBERSHIP;MOTIF_SHAPE:MEMBERSHIP;PHRASE_EVOLUTION:MEMBERSHIP;PHRASE_LENGTH:MEMBERSHIP;PROFILE_FEEL:MEMBERSHIP;RHYTHM_COMPATIBILITY:MEMBERSHIP;SECONDARY_ROLE;TONAL_BASS_CONTOUR;TONAL_BASS_REGISTER	BASS_RHYTHM:MEMBERSHIP;CHORD_PROGRESSION:MEMBERSHIP;CHORD_RHYTHM:MEMBERSHIP;CORRIDOR_SUGGESTED_BPM;DRUM_POLICY;MELODIC_RHYTHM:MEMBERSHIP;MOTIF_SHAPE:MEMBERSHIP;RHYTHM_COMPATIBILITY:MEMBERSHIP;SECONDARY_ROLE;TONAL_BASS_CONTOUR;TONAL_BASS_REGISTER	CORRIDOR_BPM_BOUNDS;CORRIDOR_DENSITY;PHRASE_EVOLUTION:MEMBERSHIP;PROFILE_FEEL:MEMBERSHIP	PHRASE_LENGTH:MEMBERSHIP	NONE	tonal.bass_articulation=PLAIN;tonal.melodic_contour=STATIC;tonal.melodic_motif_operation=NONE;tonal.melodic_rhythm_operation=PRESERVE	tonal.bass_articulation=PLAIN;tonal.melodic_contour=STATIC;tonal.melodic_motif_operation=NONE;tonal.melodic_rhythm_operation=PRESERVE	NONE	NORMAL_GENRE_STRONG_MIGRATION_PUBLICATION	NONE	RHYTHM;COMPOSITION_OTHER;CORRIDOR;ROLE;TONAL;LEGACY_DRUM	LEGACY_BEHAVIOR;LEGACY_DRUM;LEGACY_PARAMS;LEGACY_TIMBRE	GF2_C2=BLOCKED
0a2a6211ef00dcf2214dfd4704b6c34b424b1c9d	574b830526c784ffe761286096dd62e22d6361d4	Dub/Reggae	Techno	STRONG_DISTINCTNESS	REACHABLE_POLICY_DIFFERENCE;MIXED_REACHABILITY;PARTIALLY_REACHABLE;FAILURE_SENSITIVE	BASS_RHYTHM:MEMBERSHIP;CHORD_PROGRESSION:MEMBERSHIP;CHORD_RHYTHM:MEMBERSHIP;CORRIDOR_BPM_BOUNDS;CORRIDOR_DENSITY;CORRIDOR_SUGGESTED_BPM;DRUM_POLICY;MELODIC_RHYTHM:MEMBERSHIP;MOTIF_SHAPE:MEMBERSHIP;PHRASE_EVOLUTION:MEMBERSHIP;PHRASE_LENGTH:MEMBERSHIP;PROFILE_FEEL:MEMBERSHIP;RHYTHM_COMPATIBILITY:MEMBERSHIP;SECONDARY_ROLE;TONAL_BASS_CONTOUR;TONAL_BASS_REGISTER	BASS_RHYTHM:MEMBERSHIP;CHORD_PROGRESSION:MEMBERSHIP;CHORD_RHYTHM:MEMBERSHIP;CORRIDOR_SUGGESTED_BPM;DRUM_POLICY;MELODIC_RHYTHM:MEMBERSHIP;MOTIF_SHAPE:MEMBERSHIP;RHYTHM_COMPATIBILITY:MEMBERSHIP;SECONDARY_ROLE;TONAL_BASS_CONTOUR;TONAL_BASS_REGISTER	CORRIDOR_BPM_BOUNDS;CORRIDOR_DENSITY;PHRASE_EVOLUTION:MEMBERSHIP;PROFILE_FEEL:MEMBERSHIP	PHRASE_LENGTH:MEMBERSHIP	NONE	tonal.bass_articulation=PLAIN;tonal.melodic_contour=STATIC;tonal.melodic_motif_operation=NONE;tonal.melodic_rhythm_operation=PRESERVE	tonal.bass_articulation=PLAIN;tonal.melodic_contour=STATIC;tonal.melodic_motif_operation=NONE;tonal.melodic_rhythm_operation=PRESERVE	NONE	NORMAL_GENRE_STRONG_MIGRATION_PUBLICATION	NONE	RHYTHM;COMPOSITION_OTHER;CORRIDOR;ROLE;TONAL;LEGACY_DRUM	LEGACY_BEHAVIOR;LEGACY_DRUM;LEGACY_PARAMS;LEGACY_TIMBRE	GF2_C2=BLOCKED
0a2a6211ef00dcf2214dfd4704b6c34b424b1c9d	574b830526c784ffe761286096dd62e22d6361d4	Dub/Reggae	Hip-Hop	STRONG_DISTINCTNESS	REACHABLE_POLICY_DIFFERENCE;MIXED_REACHABILITY;PARTIALLY_REACHABLE;FAILURE_SENSITIVE	BASS_RHYTHM:MEMBERSHIP;CHORD_PROGRESSION:MEMBERSHIP;CHORD_RHYTHM:MEMBERSHIP;CORRIDOR_BPM_BOUNDS;CORRIDOR_DENSITY;CORRIDOR_SUGGESTED_BPM;DRUM_POLICY;MELODIC_RHYTHM:MEMBERSHIP;MOTIF_SHAPE:MEMBERSHIP;PHRASE_EVOLUTION:MEMBERSHIP;PHRASE_LENGTH:MEMBERSHIP;PROFILE_FEEL:MEMBERSHIP;RHYTHM_COMPATIBILITY:MEMBERSHIP;SECONDARY_ROLE;TONAL_BASS_CONTOUR;TONAL_MELODIC_CONTOUR	BASS_RHYTHM:MEMBERSHIP;CHORD_PROGRESSION:MEMBERSHIP;CHORD_RHYTHM:MEMBERSHIP;CORRIDOR_SUGGESTED_BPM;DRUM_POLICY;MELODIC_RHYTHM:MEMBERSHIP;MOTIF_SHAPE:MEMBERSHIP;RHYTHM_COMPATIBILITY:MEMBERSHIP;SECONDARY_ROLE;TONAL_BASS_CONTOUR;TONAL_MELODIC_CONTOUR	CORRIDOR_BPM_BOUNDS;CORRIDOR_DENSITY;PHRASE_EVOLUTION:MEMBERSHIP;PROFILE_FEEL:MEMBERSHIP	PHRASE_LENGTH:MEMBERSHIP	NONE	tonal.bass_articulation=PLAIN;tonal.melodic_motif_operation=NONE;tonal.melodic_rhythm_operation=PRESERVE	tonal.bass_articulation=PLAIN;tonal.melodic_motif_operation=NONE;tonal.melodic_rhythm_operation=PRESERVE	NONE	NORMAL_GENRE_STRONG_MIGRATION_PUBLICATION	NONE	RHYTHM;COMPOSITION_OTHER;CORRIDOR;ROLE;TONAL;LEGACY_DRUM	LEGACY_BEHAVIOR;LEGACY_DRUM;LEGACY_PARAMS;LEGACY_TIMBRE	GF2_C2=BLOCKED
0a2a6211ef00dcf2214dfd4704b6c34b424b1c9d	574b830526c784ffe761286096dd62e22d6361d4	Dub/Reggae	Funk/Soul	STRONG_DISTINCTNESS	REACHABLE_POLICY_DIFFERENCE;MIXED_REACHABILITY;PARTIALLY_REACHABLE;FAILURE_SENSITIVE	BASS_RHYTHM:MEMBERSHIP;CHORD_PROGRESSION:MEMBERSHIP;CHORD_RHYTHM:MEMBERSHIP;CORRIDOR_BPM_BOUNDS;CORRIDOR_DENSITY;CORRIDOR_SUGGESTED_BPM;DRUM_POLICY;MELODIC_RHYTHM:MEMBERSHIP;MOTIF_SHAPE:MEMBERSHIP;PHRASE_EVOLUTION:MEMBERSHIP;PHRASE_LENGTH:MEMBERSHIP;PROFILE_FEEL:MEMBERSHIP;RHYTHM_COMPATIBILITY:MEMBERSHIP;SECONDARY_ROLE;TONAL_BASS_CONTOUR;TONAL_MELODIC_CONTOUR	BASS_RHYTHM:MEMBERSHIP;CHORD_PROGRESSION:MEMBERSHIP;CHORD_RHYTHM:MEMBERSHIP;CORRIDOR_SUGGESTED_BPM;DRUM_POLICY;MELODIC_RHYTHM:MEMBERSHIP;MOTIF_SHAPE:MEMBERSHIP;RHYTHM_COMPATIBILITY:MEMBERSHIP;SECONDARY_ROLE;TONAL_BASS_CONTOUR;TONAL_MELODIC_CONTOUR	CORRIDOR_BPM_BOUNDS;CORRIDOR_DENSITY;PHRASE_EVOLUTION:MEMBERSHIP;PROFILE_FEEL:MEMBERSHIP	PHRASE_LENGTH:MEMBERSHIP	NONE	tonal.bass_articulation=PLAIN;tonal.melodic_motif_operation=NONE;tonal.melodic_rhythm_operation=PRESERVE	tonal.bass_articulation=PLAIN;tonal.melodic_motif_operation=NONE;tonal.melodic_rhythm_operation=PRESERVE	NONE	NORMAL_GENRE_STRONG_MIGRATION_PUBLICATION	NONE	RHYTHM;COMPOSITION_OTHER;CORRIDOR;ROLE;TONAL;LEGACY_DRUM	LEGACY_BEHAVIOR;LEGACY_DRUM;LEGACY_PARAMS;LEGACY_TIMBRE	GF2_C2=BLOCKED
0a2a6211ef00dcf2214dfd4704b6c34b424b1c9d	574b830526c784ffe761286096dd62e22d6361d4	Dub/Reggae	UK Garage	STRONG_DISTINCTNESS	REACHABLE_POLICY_DIFFERENCE;MIXED_REACHABILITY;PARTIALLY_REACHABLE;FAILURE_SENSITIVE	BASS_RHYTHM:MEMBERSHIP;CHORD_PROGRESSION:MEMBERSHIP;CHORD_RHYTHM:MEMBERSHIP;CORRIDOR_BPM_BOUNDS;CORRIDOR_DENSITY;CORRIDOR_SUGGESTED_BPM;DRUM_POLICY;MELODIC_RHYTHM:MEMBERSHIP;MOTIF_SHAPE:MEMBERSHIP;PHRASE_EVOLUTION:MEMBERSHIP;PHRASE_LENGTH:MEMBERSHIP;PROFILE_FEEL:MEMBERSHIP;RHYTHM_COMPATIBILITY:MEMBERSHIP;SECONDARY_ROLE;TONAL_BASS_CONTOUR;TONAL_MELODIC_CONTOUR	BASS_RHYTHM:MEMBERSHIP;CHORD_PROGRESSION:MEMBERSHIP;CHORD_RHYTHM:MEMBERSHIP;CORRIDOR_SUGGESTED_BPM;DRUM_POLICY;MELODIC_RHYTHM:MEMBERSHIP;MOTIF_SHAPE:MEMBERSHIP;RHYTHM_COMPATIBILITY:MEMBERSHIP;SECONDARY_ROLE;TONAL_BASS_CONTOUR;TONAL_MELODIC_CONTOUR	CORRIDOR_BPM_BOUNDS;CORRIDOR_DENSITY;PHRASE_EVOLUTION:MEMBERSHIP;PROFILE_FEEL:MEMBERSHIP	PHRASE_LENGTH:MEMBERSHIP	NONE	tonal.bass_articulation=PLAIN;tonal.melodic_motif_operation=NONE;tonal.melodic_rhythm_operation=PRESERVE	tonal.bass_articulation=PLAIN;tonal.melodic_motif_operation=NONE;tonal.melodic_rhythm_operation=PRESERVE	NONE	NORMAL_GENRE_STRONG_MIGRATION_PUBLICATION	NONE	RHYTHM;COMPOSITION_OTHER;CORRIDOR;ROLE;TONAL;LEGACY_DRUM	LEGACY_BEHAVIOR;LEGACY_DRUM;LEGACY_PARAMS;LEGACY_TIMBRE	GF2_C2=BLOCKED
0a2a6211ef00dcf2214dfd4704b6c34b424b1c9d	574b830526c784ffe761286096dd62e22d6361d4	Dub/Reggae	Drum&Bass	STRONG_DISTINCTNESS	REACHABLE_POLICY_DIFFERENCE;MIXED_REACHABILITY;PARTIALLY_REACHABLE;FAILURE_SENSITIVE	BASS_RHYTHM:MEMBERSHIP;CHORD_PROGRESSION:MEMBERSHIP;CHORD_RHYTHM:MEMBERSHIP;CORRIDOR_BPM_BOUNDS;CORRIDOR_DENSITY;CORRIDOR_SUGGESTED_BPM;DRUM_POLICY;MELODIC_RHYTHM:MEMBERSHIP;MOTIF_SHAPE:MEMBERSHIP;PHRASE_EVOLUTION:MEMBERSHIP;PHRASE_LENGTH:MEMBERSHIP;PROFILE_FEEL:MEMBERSHIP;RHYTHM_COMPATIBILITY:MEMBERSHIP;SECONDARY_ROLE;TONAL_BASS_CONTOUR;TONAL_MELODIC_CONTOUR	BASS_RHYTHM:MEMBERSHIP;CHORD_PROGRESSION:MEMBERSHIP;CHORD_RHYTHM:MEMBERSHIP;CORRIDOR_SUGGESTED_BPM;DRUM_POLICY;MELODIC_RHYTHM:MEMBERSHIP;MOTIF_SHAPE:MEMBERSHIP;RHYTHM_COMPATIBILITY:MEMBERSHIP;SECONDARY_ROLE;TONAL_BASS_CONTOUR;TONAL_MELODIC_CONTOUR	CORRIDOR_BPM_BOUNDS;CORRIDOR_DENSITY;PHRASE_EVOLUTION:MEMBERSHIP;PROFILE_FEEL:MEMBERSHIP	PHRASE_LENGTH:MEMBERSHIP	NONE	tonal.bass_articulation=PLAIN;tonal.melodic_motif_operation=NONE;tonal.melodic_rhythm_operation=PRESERVE	tonal.bass_articulation=PLAIN;tonal.melodic_motif_operation=NONE;tonal.melodic_rhythm_operation=PRESERVE	NONE	NORMAL_GENRE_STRONG_MIGRATION_PUBLICATION	NONE	RHYTHM;COMPOSITION_OTHER;CORRIDOR;ROLE;TONAL;LEGACY_DRUM	LEGACY_BEHAVIOR;LEGACY_DRUM;LEGACY_PARAMS;LEGACY_TIMBRE	GF2_C2=BLOCKED
0a2a6211ef00dcf2214dfd4704b6c34b424b1c9d	574b830526c784ffe761286096dd62e22d6361d4	Dub/Reggae	Lo-Fi	STRONG_DISTINCTNESS	REACHABLE_POLICY_DIFFERENCE;MIXED_REACHABILITY;FAILURE_SENSITIVE	BASS_RHYTHM:MEMBERSHIP;CHORD_PROGRESSION:MEMBERSHIP;CHORD_RHYTHM:MEMBERSHIP;CORRIDOR_BPM_BOUNDS;CORRIDOR_DENSITY;CORRIDOR_SUGGESTED_BPM;DRUM_POLICY;MELODIC_RHYTHM:MEMBERSHIP;MOTIF_SHAPE:MEMBERSHIP;PROFILE_FEEL:MEMBERSHIP;RHYTHM_COMPATIBILITY:MEMBERSHIP;SECONDARY_ROLE;TONAL_BASS_CONTOUR;TONAL_MELODIC_CONTOUR	BASS_RHYTHM:MEMBERSHIP;CHORD_PROGRESSION:MEMBERSHIP;CHORD_RHYTHM:MEMBERSHIP;CORRIDOR_SUGGESTED_BPM;DRUM_POLICY;MELODIC_RHYTHM:MEMBERSHIP;MOTIF_SHAPE:MEMBERSHIP;RHYTHM_COMPATIBILITY:MEMBERSHIP;SECONDARY_ROLE;TONAL_BASS_CONTOUR;TONAL_MELODIC_CONTOUR	CORRIDOR_BPM_BOUNDS;CORRIDOR_DENSITY;PROFILE_FEEL:MEMBERSHIP	NONE	NONE	tonal.bass_articulation=PLAIN;tonal.melodic_motif_operation=NONE;tonal.melodic_rhythm_operation=PRESERVE	tonal.bass_articulation=PLAIN;tonal.melodic_motif_operation=NONE;tonal.melodic_rhythm_operation=PRESERVE	NONE	NORMAL_GENRE_STRONG_MIGRATION_PUBLICATION	NONE	RHYTHM;COMPOSITION_OTHER;CORRIDOR;ROLE;TONAL;LEGACY_DRUM	LEGACY_BEHAVIOR;LEGACY_DRUM;LEGACY_PARAMS;LEGACY_TIMBRE	GF2_C2=BLOCKED
0a2a6211ef00dcf2214dfd4704b6c34b424b1c9d	574b830526c784ffe761286096dd62e22d6361d4	Trip-Hop	Breaks	STRONG_DISTINCTNESS	REACHABLE_POLICY_DIFFERENCE;MIXED_REACHABILITY;PARTIALLY_REACHABLE;FAILURE_SENSITIVE	BASS_RHYTHM:MEMBERSHIP;CHORD_PROGRESSION:MEMBERSHIP;CHORD_RHYTHM:MEMBERSHIP;CORRIDOR_BPM_BOUNDS;CORRIDOR_DENSITY;CORRIDOR_SUGGESTED_BPM;DRUM_POLICY;MELODIC_RHYTHM:MEMBERSHIP;MOTIF_SHAPE:MEMBERSHIP;PHRASE_EVOLUTION:MEMBERSHIP;PHRASE_LENGTH:MEMBERSHIP;PROFILE_FEEL:MEMBERSHIP;RHYTHM_COMPATIBILITY:MEMBERSHIP;SECONDARY_ROLE;TONAL_BASS_CONTOUR;TONAL_MELODIC_CONTOUR	BASS_RHYTHM:MEMBERSHIP;CHORD_PROGRESSION:MEMBERSHIP;CHORD_RHYTHM:MEMBERSHIP;CORRIDOR_SUGGESTED_BPM;DRUM_POLICY;MELODIC_RHYTHM:MEMBERSHIP;MOTIF_SHAPE:MEMBERSHIP;RHYTHM_COMPATIBILITY:MEMBERSHIP;SECONDARY_ROLE;TONAL_BASS_CONTOUR;TONAL_MELODIC_CONTOUR	CORRIDOR_BPM_BOUNDS;CORRIDOR_DENSITY;PHRASE_EVOLUTION:MEMBERSHIP;PROFILE_FEEL:MEMBERSHIP	PHRASE_LENGTH:MEMBERSHIP	NONE	tonal.bass_articulation=PLAIN;tonal.melodic_motif_operation=NONE;tonal.melodic_rhythm_operation=PRESERVE	tonal.bass_articulation=PLAIN;tonal.melodic_motif_operation=NONE;tonal.melodic_rhythm_operation=PRESERVE	NONE	NORMAL_GENRE_STRONG_MIGRATION_PUBLICATION	NONE	RHYTHM;COMPOSITION_OTHER;CORRIDOR;ROLE;TONAL;LEGACY_DRUM	LEGACY_BEHAVIOR;LEGACY_DRUM;LEGACY_PARAMS;LEGACY_TIMBRE	GF2_C2=BLOCKED
0a2a6211ef00dcf2214dfd4704b6c34b424b1c9d	574b830526c784ffe761286096dd62e22d6361d4	Trip-Hop	Chip	STRONG_DISTINCTNESS	REACHABLE_POLICY_DIFFERENCE;MIXED_REACHABILITY;PARTIALLY_REACHABLE;FAILURE_SENSITIVE	BASS_RHYTHM:MEMBERSHIP;CHORD_PROGRESSION:MEMBERSHIP;CHORD_RHYTHM:MEMBERSHIP;CORRIDOR_BPM_BOUNDS;CORRIDOR_DENSITY;CORRIDOR_SUGGESTED_BPM;DRUM_POLICY;MELODIC_RHYTHM:MEMBERSHIP;MOTIF_SHAPE:MEMBERSHIP;PHRASE_EVOLUTION:MEMBERSHIP;PHRASE_LENGTH:MEMBERSHIP;PROFILE_FEEL:MEMBERSHIP;RHYTHM_COMPATIBILITY:MEMBERSHIP;SECONDARY_ROLE;TONAL_BASS_CONTOUR;TONAL_MELODIC_CONTOUR	BASS_RHYTHM:MEMBERSHIP;CHORD_PROGRESSION:MEMBERSHIP;CHORD_RHYTHM:MEMBERSHIP;CORRIDOR_SUGGESTED_BPM;DRUM_POLICY;MELODIC_RHYTHM:MEMBERSHIP;MOTIF_SHAPE:MEMBERSHIP;RHYTHM_COMPATIBILITY:MEMBERSHIP;SECONDARY_ROLE;TONAL_BASS_CONTOUR;TONAL_MELODIC_CONTOUR	CORRIDOR_BPM_BOUNDS;CORRIDOR_DENSITY;PHRASE_EVOLUTION:MEMBERSHIP;PROFILE_FEEL:MEMBERSHIP	PHRASE_LENGTH:MEMBERSHIP	NONE	tonal.bass_articulation=PLAIN;tonal.melodic_motif_operation=NONE;tonal.melodic_rhythm_operation=PRESERVE	tonal.bass_articulation=PLAIN;tonal.melodic_motif_operation=NONE;tonal.melodic_rhythm_operation=PRESERVE	NONE	NORMAL_GENRE_STRONG_MIGRATION_PUBLICATION	NONE	RHYTHM;COMPOSITION_OTHER;CORRIDOR;ROLE;TONAL;LEGACY_DRUM	LEGACY_BEHAVIOR;LEGACY_DRUM;LEGACY_PARAMS;LEGACY_TIMBRE	GF2_C2=BLOCKED
0a2a6211ef00dcf2214dfd4704b6c34b424b1c9d	574b830526c784ffe761286096dd62e22d6361d4	Trip-Hop	House	STRONG_DISTINCTNESS	REACHABLE_POLICY_DIFFERENCE;MIXED_REACHABILITY;PARTIALLY_REACHABLE;FAILURE_SENSITIVE	BASS_RHYTHM:MEMBERSHIP;CHORD_PROGRESSION:MEMBERSHIP;CHORD_RHYTHM:MEMBERSHIP;CORRIDOR_BPM_BOUNDS;CORRIDOR_DENSITY;CORRIDOR_SUGGESTED_BPM;DRUM_POLICY;MELODIC_RHYTHM:MEMBERSHIP;MOTIF_SHAPE:MEMBERSHIP;PHRASE_EVOLUTION:MEMBERSHIP;PHRASE_LENGTH:MEMBERSHIP;PROFILE_FEEL:MEMBERSHIP;RHYTHM_COMPATIBILITY:MEMBERSHIP;SECONDARY_ROLE;TONAL_BASS_CONTOUR;TONAL_BASS_REGISTER;TONAL_MELODIC_CONTOUR	BASS_RHYTHM:MEMBERSHIP;CHORD_PROGRESSION:MEMBERSHIP;CHORD_RHYTHM:MEMBERSHIP;CORRIDOR_SUGGESTED_BPM;DRUM_POLICY;MELODIC_RHYTHM:MEMBERSHIP;MOTIF_SHAPE:MEMBERSHIP;RHYTHM_COMPATIBILITY:MEMBERSHIP;SECONDARY_ROLE;TONAL_BASS_CONTOUR;TONAL_BASS_REGISTER;TONAL_MELODIC_CONTOUR	CORRIDOR_BPM_BOUNDS;CORRIDOR_DENSITY;PHRASE_EVOLUTION:MEMBERSHIP;PROFILE_FEEL:MEMBERSHIP	PHRASE_LENGTH:MEMBERSHIP	NONE	tonal.bass_articulation=PLAIN;tonal.melodic_motif_operation=NONE;tonal.melodic_rhythm_operation=PRESERVE	tonal.bass_articulation=PLAIN;tonal.melodic_motif_operation=NONE;tonal.melodic_rhythm_operation=PRESERVE	NONE	NORMAL_GENRE_STRONG_MIGRATION_PUBLICATION	NONE	RHYTHM;COMPOSITION_OTHER;CORRIDOR;ROLE;TONAL;LEGACY_DRUM	LEGACY_BEHAVIOR;LEGACY_DRUM;LEGACY_PARAMS;LEGACY_TIMBRE	GF2_C2=BLOCKED
0a2a6211ef00dcf2214dfd4704b6c34b424b1c9d	574b830526c784ffe761286096dd62e22d6361d4	Trip-Hop	Techno	STRONG_DISTINCTNESS	REACHABLE_POLICY_DIFFERENCE;MIXED_REACHABILITY;PARTIALLY_REACHABLE;FAILURE_SENSITIVE	BASS_RHYTHM:MEMBERSHIP;CHORD_PROGRESSION:MEMBERSHIP;CHORD_RHYTHM:MEMBERSHIP;CORRIDOR_BPM_BOUNDS;CORRIDOR_DENSITY;CORRIDOR_SUGGESTED_BPM;DRUM_POLICY;MELODIC_RHYTHM:MEMBERSHIP;MOTIF_SHAPE:MEMBERSHIP;PHRASE_EVOLUTION:MEMBERSHIP;PHRASE_LENGTH:MEMBERSHIP;PROFILE_FEEL:MEMBERSHIP;RHYTHM_COMPATIBILITY:MEMBERSHIP;SECONDARY_ROLE;TONAL_BASS_CONTOUR;TONAL_BASS_REGISTER;TONAL_MELODIC_CONTOUR	BASS_RHYTHM:MEMBERSHIP;CHORD_PROGRESSION:MEMBERSHIP;CHORD_RHYTHM:MEMBERSHIP;CORRIDOR_SUGGESTED_BPM;DRUM_POLICY;MELODIC_RHYTHM:MEMBERSHIP;MOTIF_SHAPE:MEMBERSHIP;RHYTHM_COMPATIBILITY:MEMBERSHIP;SECONDARY_ROLE;TONAL_BASS_CONTOUR;TONAL_BASS_REGISTER;TONAL_MELODIC_CONTOUR	CORRIDOR_BPM_BOUNDS;CORRIDOR_DENSITY;PHRASE_EVOLUTION:MEMBERSHIP;PROFILE_FEEL:MEMBERSHIP	PHRASE_LENGTH:MEMBERSHIP	NONE	tonal.bass_articulation=PLAIN;tonal.melodic_motif_operation=NONE;tonal.melodic_rhythm_operation=PRESERVE	tonal.bass_articulation=PLAIN;tonal.melodic_motif_operation=NONE;tonal.melodic_rhythm_operation=PRESERVE	NONE	NORMAL_GENRE_STRONG_MIGRATION_PUBLICATION	NONE	RHYTHM;COMPOSITION_OTHER;CORRIDOR;ROLE;TONAL;LEGACY_DRUM	LEGACY_BEHAVIOR;LEGACY_DRUM;LEGACY_PARAMS;LEGACY_TIMBRE	GF2_C2=BLOCKED
0a2a6211ef00dcf2214dfd4704b6c34b424b1c9d	574b830526c784ffe761286096dd62e22d6361d4	Trip-Hop	Hip-Hop	PARTIAL_COLLISION	REACHABLE_POLICY_DIFFERENCE;MIXED_REACHABILITY;PARTIALLY_REACHABLE;FAILURE_SENSITIVE	BASS_RHYTHM:MEMBERSHIP;CHORD_PROGRESSION:WEIGHTS;CHORD_RHYTHM:WEIGHTS;CORRIDOR_BPM_BOUNDS;CORRIDOR_DENSITY;CORRIDOR_SUGGESTED_BPM;DRUM_POLICY;MELODIC_RHYTHM:MEMBERSHIP;MOTIF_SHAPE:MEMBERSHIP;PHRASE_EVOLUTION:MEMBERSHIP;PHRASE_LENGTH:MEMBERSHIP;PROFILE_FEEL:MEMBERSHIP;RHYTHM_COMPATIBILITY:MEMBERSHIP;SECONDARY_ROLE	BASS_RHYTHM:MEMBERSHIP;CHORD_PROGRESSION:WEIGHTS;CHORD_RHYTHM:WEIGHTS;CORRIDOR_SUGGESTED_BPM;DRUM_POLICY;MELODIC_RHYTHM:MEMBERSHIP;MOTIF_SHAPE:MEMBERSHIP;RHYTHM_COMPATIBILITY:MEMBERSHIP;SECONDARY_ROLE	CORRIDOR_BPM_BOUNDS;CORRIDOR_DENSITY;PHRASE_EVOLUTION:MEMBERSHIP;PROFILE_FEEL:MEMBERSHIP	PHRASE_LENGTH:MEMBERSHIP	NONE	tonal.bass_articulation=PLAIN;tonal.melodic_motif_operation=NONE;tonal.melodic_rhythm_operation=PRESERVE	tonal.bass_articulation=PLAIN;tonal.melodic_motif_operation=NONE;tonal.melodic_rhythm_operation=PRESERVE;tonal.source=kSlowProfile	NONE	NORMAL_GENRE_STRONG_MIGRATION_PUBLICATION	NONE	RHYTHM;COMPOSITION_OTHER;CORRIDOR;ROLE;LEGACY_DRUM	LEGACY_DRUM	GF2_C2=BLOCKED
0a2a6211ef00dcf2214dfd4704b6c34b424b1c9d	574b830526c784ffe761286096dd62e22d6361d4	Trip-Hop	Funk/Soul	PARTIAL_COLLISION	REACHABLE_POLICY_DIFFERENCE;MIXED_REACHABILITY;PARTIALLY_REACHABLE;FAILURE_SENSITIVE	BASS_RHYTHM:MEMBERSHIP;CHORD_PROGRESSION:MEMBERSHIP;CHORD_RHYTHM:WEIGHTS;CORRIDOR_BPM_BOUNDS;CORRIDOR_DENSITY;CORRIDOR_SUGGESTED_BPM;DRUM_POLICY;MELODIC_RHYTHM:MEMBERSHIP;MOTIF_SHAPE:MEMBERSHIP;PHRASE_EVOLUTION:MEMBERSHIP;PHRASE_LENGTH:MEMBERSHIP;PROFILE_FEEL:MEMBERSHIP;RHYTHM_COMPATIBILITY:MEMBERSHIP;SECONDARY_ROLE	BASS_RHYTHM:MEMBERSHIP;CHORD_PROGRESSION:MEMBERSHIP;CHORD_RHYTHM:WEIGHTS;CORRIDOR_SUGGESTED_BPM;DRUM_POLICY;MELODIC_RHYTHM:MEMBERSHIP;MOTIF_SHAPE:MEMBERSHIP;RHYTHM_COMPATIBILITY:MEMBERSHIP;SECONDARY_ROLE	CORRIDOR_BPM_BOUNDS;CORRIDOR_DENSITY;PHRASE_EVOLUTION:MEMBERSHIP;PROFILE_FEEL:MEMBERSHIP	PHRASE_LENGTH:MEMBERSHIP	NONE	tonal.bass_articulation=PLAIN;tonal.melodic_motif_operation=NONE;tonal.melodic_rhythm_operation=PRESERVE	tonal.bass_articulation=PLAIN;tonal.melodic_motif_operation=NONE;tonal.melodic_rhythm_operation=PRESERVE;tonal.source=kSlowProfile	NONE	NORMAL_GENRE_STRONG_MIGRATION_PUBLICATION	NONE	RHYTHM;COMPOSITION_OTHER;CORRIDOR;ROLE;LEGACY_DRUM	LEGACY_DRUM	GF2_C2=BLOCKED
0a2a6211ef00dcf2214dfd4704b6c34b424b1c9d	574b830526c784ffe761286096dd62e22d6361d4	Trip-Hop	UK Garage	STRONG_DISTINCTNESS	REACHABLE_POLICY_DIFFERENCE;MIXED_REACHABILITY;PARTIALLY_REACHABLE;FAILURE_SENSITIVE	BASS_RHYTHM:MEMBERSHIP;CHORD_PROGRESSION:MEMBERSHIP;CHORD_RHYTHM:MEMBERSHIP;CORRIDOR_BPM_BOUNDS;CORRIDOR_DENSITY;CORRIDOR_SUGGESTED_BPM;DRUM_POLICY;MELODIC_RHYTHM:MEMBERSHIP;MOTIF_SHAPE:MEMBERSHIP;PHRASE_EVOLUTION:MEMBERSHIP;PHRASE_LENGTH:MEMBERSHIP;PROFILE_FEEL:MEMBERSHIP;RHYTHM_COMPATIBILITY:MEMBERSHIP;SECONDARY_ROLE;TONAL_BASS_CONTOUR;TONAL_MELODIC_CONTOUR	BASS_RHYTHM:MEMBERSHIP;CHORD_PROGRESSION:MEMBERSHIP;CHORD_RHYTHM:MEMBERSHIP;CORRIDOR_SUGGESTED_BPM;DRUM_POLICY;MELODIC_RHYTHM:MEMBERSHIP;MOTIF_SHAPE:MEMBERSHIP;RHYTHM_COMPATIBILITY:MEMBERSHIP;SECONDARY_ROLE;TONAL_BASS_CONTOUR;TONAL_MELODIC_CONTOUR	CORRIDOR_BPM_BOUNDS;CORRIDOR_DENSITY;PHRASE_EVOLUTION:MEMBERSHIP;PROFILE_FEEL:MEMBERSHIP	PHRASE_LENGTH:MEMBERSHIP	NONE	tonal.bass_articulation=PLAIN;tonal.melodic_motif_operation=NONE;tonal.melodic_rhythm_operation=PRESERVE	tonal.bass_articulation=PLAIN;tonal.melodic_motif_operation=NONE;tonal.melodic_rhythm_operation=PRESERVE	NONE	NORMAL_GENRE_STRONG_MIGRATION_PUBLICATION	NONE	RHYTHM;COMPOSITION_OTHER;CORRIDOR;ROLE;TONAL;LEGACY_DRUM	LEGACY_BEHAVIOR;LEGACY_DRUM;LEGACY_PARAMS;LEGACY_TIMBRE	GF2_C2=BLOCKED
0a2a6211ef00dcf2214dfd4704b6c34b424b1c9d	574b830526c784ffe761286096dd62e22d6361d4	Trip-Hop	Drum&Bass	STRONG_DISTINCTNESS	REACHABLE_POLICY_DIFFERENCE;MIXED_REACHABILITY;PARTIALLY_REACHABLE;FAILURE_SENSITIVE	BASS_RHYTHM:MEMBERSHIP;CHORD_PROGRESSION:MEMBERSHIP;CHORD_RHYTHM:MEMBERSHIP;CORRIDOR_BPM_BOUNDS;CORRIDOR_DENSITY;CORRIDOR_SUGGESTED_BPM;DRUM_POLICY;MELODIC_RHYTHM:MEMBERSHIP;MOTIF_SHAPE:MEMBERSHIP;PHRASE_EVOLUTION:MEMBERSHIP;PHRASE_LENGTH:MEMBERSHIP;PROFILE_FEEL:MEMBERSHIP;RHYTHM_COMPATIBILITY:MEMBERSHIP;SECONDARY_ROLE;TONAL_BASS_CONTOUR;TONAL_MELODIC_CONTOUR	BASS_RHYTHM:MEMBERSHIP;CHORD_PROGRESSION:MEMBERSHIP;CHORD_RHYTHM:MEMBERSHIP;CORRIDOR_SUGGESTED_BPM;DRUM_POLICY;MELODIC_RHYTHM:MEMBERSHIP;MOTIF_SHAPE:MEMBERSHIP;RHYTHM_COMPATIBILITY:MEMBERSHIP;SECONDARY_ROLE;TONAL_BASS_CONTOUR;TONAL_MELODIC_CONTOUR	CORRIDOR_BPM_BOUNDS;CORRIDOR_DENSITY;PHRASE_EVOLUTION:MEMBERSHIP;PROFILE_FEEL:MEMBERSHIP	PHRASE_LENGTH:MEMBERSHIP	NONE	tonal.bass_articulation=PLAIN;tonal.melodic_motif_operation=NONE;tonal.melodic_rhythm_operation=PRESERVE	tonal.bass_articulation=PLAIN;tonal.melodic_motif_operation=NONE;tonal.melodic_rhythm_operation=PRESERVE	NONE	NORMAL_GENRE_STRONG_MIGRATION_PUBLICATION	NONE	RHYTHM;COMPOSITION_OTHER;CORRIDOR;ROLE;TONAL;LEGACY_DRUM	LEGACY_BEHAVIOR;LEGACY_DRUM;LEGACY_PARAMS;LEGACY_TIMBRE	GF2_C2=BLOCKED
0a2a6211ef00dcf2214dfd4704b6c34b424b1c9d	574b830526c784ffe761286096dd62e22d6361d4	Trip-Hop	Lo-Fi	PARTIAL_COLLISION	REACHABLE_POLICY_DIFFERENCE;MIXED_REACHABILITY;FAILURE_SENSITIVE	BASS_RHYTHM:WEIGHTS;CHORD_PROGRESSION:MEMBERSHIP;CHORD_RHYTHM:WEIGHTS;CORRIDOR_BPM_BOUNDS;CORRIDOR_DENSITY;CORRIDOR_SUGGESTED_BPM;DRUM_POLICY;MELODIC_RHYTHM:MEMBERSHIP;MOTIF_SHAPE:MEMBERSHIP;PROFILE_FEEL:MEMBERSHIP;RHYTHM_COMPATIBILITY:MEMBERSHIP;SECONDARY_ROLE	BASS_RHYTHM:WEIGHTS;CHORD_PROGRESSION:MEMBERSHIP;CHORD_RHYTHM:WEIGHTS;CORRIDOR_SUGGESTED_BPM;DRUM_POLICY;MELODIC_RHYTHM:MEMBERSHIP;MOTIF_SHAPE:MEMBERSHIP;RHYTHM_COMPATIBILITY:MEMBERSHIP;SECONDARY_ROLE	CORRIDOR_BPM_BOUNDS;CORRIDOR_DENSITY;PROFILE_FEEL:MEMBERSHIP	NONE	NONE	tonal.bass_articulation=PLAIN;tonal.melodic_motif_operation=NONE;tonal.melodic_rhythm_operation=PRESERVE	tonal.bass_articulation=PLAIN;tonal.melodic_motif_operation=NONE;tonal.melodic_rhythm_operation=PRESERVE;tonal.source=kSlowProfile	NONE	NORMAL_GENRE_STRONG_MIGRATION_PUBLICATION	NONE	RHYTHM;COMPOSITION_OTHER;CORRIDOR;ROLE;LEGACY_DRUM	LEGACY_DRUM	GF2_C2=BLOCKED
0a2a6211ef00dcf2214dfd4704b6c34b424b1c9d	574b830526c784ffe761286096dd62e22d6361d4	Breaks	Chip	STRONG_DISTINCTNESS	REACHABLE_POLICY_DIFFERENCE;MIXED_REACHABILITY;PARTIALLY_REACHABLE;FAILURE_SENSITIVE	BASS_RHYTHM:MEMBERSHIP;CHORD_PROGRESSION:MEMBERSHIP;CHORD_RHYTHM:MEMBERSHIP;CORRIDOR_BPM_BOUNDS;CORRIDOR_DENSITY;CORRIDOR_SUGGESTED_BPM;DRUM_POLICY;MELODIC_RHYTHM:MEMBERSHIP;MOTIF_SHAPE:MEMBERSHIP;PHRASE_EVOLUTION:MEMBERSHIP;PHRASE_LENGTH:MEMBERSHIP;PROFILE_FEEL:MEMBERSHIP;RHYTHM_COMPATIBILITY:MEMBERSHIP;TONAL_BASS_CONTOUR;TONAL_MELODIC_CONTOUR	BASS_RHYTHM:MEMBERSHIP;CHORD_PROGRESSION:MEMBERSHIP;CHORD_RHYTHM:MEMBERSHIP;CORRIDOR_SUGGESTED_BPM;DRUM_POLICY;MELODIC_RHYTHM:MEMBERSHIP;MOTIF_SHAPE:MEMBERSHIP;RHYTHM_COMPATIBILITY:MEMBERSHIP;TONAL_BASS_CONTOUR;TONAL_MELODIC_CONTOUR	CORRIDOR_BPM_BOUNDS;CORRIDOR_DENSITY;PHRASE_EVOLUTION:MEMBERSHIP;PROFILE_FEEL:MEMBERSHIP	PHRASE_LENGTH:MEMBERSHIP	NONE	tonal.bass_articulation=PLAIN;tonal.melodic_motif_operation=NONE;tonal.melodic_rhythm_operation=PRESERVE	tonal.bass_articulation=PLAIN;tonal.melodic_motif_operation=NONE;tonal.melodic_rhythm_operation=PRESERVE	NONE	NORMAL_GENRE_STRONG_MIGRATION_PUBLICATION	NONE	RHYTHM;COMPOSITION_OTHER;CORRIDOR;TONAL;LEGACY_DRUM	LEGACY_BEHAVIOR;LEGACY_DRUM;LEGACY_PARAMS;LEGACY_TIMBRE	GF2_C2=BLOCKED
0a2a6211ef00dcf2214dfd4704b6c34b424b1c9d	574b830526c784ffe761286096dd62e22d6361d4	Breaks	House	STRONG_DISTINCTNESS	REACHABLE_POLICY_DIFFERENCE;MIXED_REACHABILITY;FAILURE_SENSITIVE	BASS_RHYTHM:MEMBERSHIP;CHORD_PROGRESSION:MEMBERSHIP;CHORD_RHYTHM:MEMBERSHIP;CORRIDOR_BPM_BOUNDS;CORRIDOR_DENSITY;CORRIDOR_SUGGESTED_BPM;DRUM_POLICY;MELODIC_RHYTHM:MEMBERSHIP;MOTIF_SHAPE:MEMBERSHIP;PHRASE_EVOLUTION:MEMBERSHIP;RHYTHM_COMPATIBILITY:MEMBERSHIP;TONAL_BASS_CONTOUR;TONAL_BASS_REGISTER;TONAL_MELODIC_CONTOUR	BASS_RHYTHM:MEMBERSHIP;CHORD_PROGRESSION:MEMBERSHIP;CHORD_RHYTHM:MEMBERSHIP;CORRIDOR_SUGGESTED_BPM;DRUM_POLICY;MELODIC_RHYTHM:MEMBERSHIP;MOTIF_SHAPE:MEMBERSHIP;RHYTHM_COMPATIBILITY:MEMBERSHIP;TONAL_BASS_CONTOUR;TONAL_BASS_REGISTER;TONAL_MELODIC_CONTOUR	CORRIDOR_BPM_BOUNDS;CORRIDOR_DENSITY;PHRASE_EVOLUTION:MEMBERSHIP	NONE	NONE	tonal.bass_articulation=PLAIN;tonal.melodic_motif_operation=NONE;tonal.melodic_rhythm_operation=PRESERVE	tonal.bass_articulation=PLAIN;tonal.melodic_motif_operation=NONE;tonal.melodic_rhythm_operation=PRESERVE	NONE	NORMAL_GENRE_STRONG_MIGRATION_PUBLICATION	NONE	RHYTHM;COMPOSITION_OTHER;CORRIDOR;TONAL;LEGACY_DRUM	LEGACY_BEHAVIOR;LEGACY_DRUM;LEGACY_PARAMS;LEGACY_TIMBRE	GF2_C2=BLOCKED
0a2a6211ef00dcf2214dfd4704b6c34b424b1c9d	574b830526c784ffe761286096dd62e22d6361d4	Breaks	Techno	STRONG_DISTINCTNESS	REACHABLE_POLICY_DIFFERENCE;MIXED_REACHABILITY;FAILURE_SENSITIVE	BASS_RHYTHM:MEMBERSHIP;CHORD_PROGRESSION:MEMBERSHIP;CHORD_RHYTHM:MEMBERSHIP;CORRIDOR_BPM_BOUNDS;CORRIDOR_SUGGESTED_BPM;DRUM_POLICY;MELODIC_RHYTHM:MEMBERSHIP;MOTIF_SHAPE:MEMBERSHIP;PHRASE_EVOLUTION:MEMBERSHIP;PROFILE_FEEL:MEMBERSHIP;RHYTHM_COMPATIBILITY:MEMBERSHIP;TONAL_BASS_CONTOUR;TONAL_BASS_REGISTER;TONAL_MELODIC_CONTOUR	BASS_RHYTHM:MEMBERSHIP;CHORD_PROGRESSION:MEMBERSHIP;CHORD_RHYTHM:MEMBERSHIP;CORRIDOR_SUGGESTED_BPM;DRUM_POLICY;MELODIC_RHYTHM:MEMBERSHIP;MOTIF_SHAPE:MEMBERSHIP;RHYTHM_COMPATIBILITY:MEMBERSHIP;TONAL_BASS_CONTOUR;TONAL_BASS_REGISTER;TONAL_MELODIC_CONTOUR	CORRIDOR_BPM_BOUNDS;PHRASE_EVOLUTION:MEMBERSHIP;PROFILE_FEEL:MEMBERSHIP	NONE	NONE	tonal.bass_articulation=PLAIN;tonal.melodic_motif_operation=NONE;tonal.melodic_rhythm_operation=PRESERVE	tonal.bass_articulation=PLAIN;tonal.melodic_motif_operation=NONE;tonal.melodic_rhythm_operation=PRESERVE	NONE	NORMAL_GENRE_STRONG_MIGRATION_PUBLICATION	NONE	RHYTHM;COMPOSITION_OTHER;CORRIDOR;TONAL;LEGACY_DRUM	LEGACY_BEHAVIOR;LEGACY_DRUM;LEGACY_PARAMS;LEGACY_TIMBRE	GF2_C2=BLOCKED
0a2a6211ef00dcf2214dfd4704b6c34b424b1c9d	574b830526c784ffe761286096dd62e22d6361d4	Breaks	Hip-Hop	STRONG_DISTINCTNESS	REACHABLE_POLICY_DIFFERENCE;MIXED_REACHABILITY;FAILURE_SENSITIVE	BASS_RHYTHM:MEMBERSHIP;CHORD_PROGRESSION:MEMBERSHIP;CHORD_RHYTHM:MEMBERSHIP;CORRIDOR_BPM_BOUNDS;CORRIDOR_DENSITY;CORRIDOR_SUGGESTED_BPM;DRUM_POLICY;MELODIC_RHYTHM:MEMBERSHIP;MOTIF_SHAPE:MEMBERSHIP;PROFILE_FEEL:MEMBERSHIP;RHYTHM_COMPATIBILITY:MEMBERSHIP;SECONDARY_ROLE;TONAL_BASS_CONTOUR;TONAL_MELODIC_CONTOUR	BASS_RHYTHM:MEMBERSHIP;CHORD_PROGRESSION:MEMBERSHIP;CHORD_RHYTHM:MEMBERSHIP;CORRIDOR_SUGGESTED_BPM;DRUM_POLICY;MELODIC_RHYTHM:MEMBERSHIP;MOTIF_SHAPE:MEMBERSHIP;RHYTHM_COMPATIBILITY:MEMBERSHIP;SECONDARY_ROLE;TONAL_BASS_CONTOUR;TONAL_MELODIC_CONTOUR	CORRIDOR_BPM_BOUNDS;CORRIDOR_DENSITY;PROFILE_FEEL:MEMBERSHIP	NONE	NONE	tonal.bass_articulation=PLAIN;tonal.melodic_motif_operation=NONE;tonal.melodic_rhythm_operation=PRESERVE	tonal.bass_articulation=PLAIN;tonal.melodic_motif_operation=NONE;tonal.melodic_rhythm_operation=PRESERVE	NONE	NORMAL_GENRE_STRONG_MIGRATION_PUBLICATION	NONE	RHYTHM;COMPOSITION_OTHER;CORRIDOR;ROLE;TONAL;LEGACY_DRUM	LEGACY_BEHAVIOR;LEGACY_DRUM;LEGACY_PARAMS;LEGACY_TIMBRE	GF2_C2=BLOCKED
0a2a6211ef00dcf2214dfd4704b6c34b424b1c9d	574b830526c784ffe761286096dd62e22d6361d4	Breaks	Funk/Soul	STRONG_DISTINCTNESS	REACHABLE_POLICY_DIFFERENCE;MIXED_REACHABILITY;FAILURE_SENSITIVE	BASS_RHYTHM:MEMBERSHIP;CHORD_PROGRESSION:MEMBERSHIP;CHORD_RHYTHM:MEMBERSHIP;CORRIDOR_BPM_BOUNDS;CORRIDOR_DENSITY;CORRIDOR_SUGGESTED_BPM;DRUM_POLICY;MELODIC_RHYTHM:MEMBERSHIP;MOTIF_SHAPE:MEMBERSHIP;RHYTHM_COMPATIBILITY:MEMBERSHIP;SECONDARY_ROLE;TONAL_BASS_CONTOUR;TONAL_MELODIC_CONTOUR	BASS_RHYTHM:MEMBERSHIP;CHORD_PROGRESSION:MEMBERSHIP;CHORD_RHYTHM:MEMBERSHIP;CORRIDOR_SUGGESTED_BPM;DRUM_POLICY;MELODIC_RHYTHM:MEMBERSHIP;MOTIF_SHAPE:MEMBERSHIP;RHYTHM_COMPATIBILITY:MEMBERSHIP;SECONDARY_ROLE;TONAL_BASS_CONTOUR;TONAL_MELODIC_CONTOUR	CORRIDOR_BPM_BOUNDS;CORRIDOR_DENSITY	NONE	NONE	tonal.bass_articulation=PLAIN;tonal.melodic_motif_operation=NONE;tonal.melodic_rhythm_operation=PRESERVE	tonal.bass_articulation=PLAIN;tonal.melodic_motif_operation=NONE;tonal.melodic_rhythm_operation=PRESERVE	NONE	NORMAL_GENRE_STRONG_MIGRATION_PUBLICATION	NONE	RHYTHM;COMPOSITION_OTHER;CORRIDOR;ROLE;TONAL;LEGACY_DRUM	LEGACY_BEHAVIOR;LEGACY_DRUM;LEGACY_PARAMS;LEGACY_TIMBRE	GF2_C2=BLOCKED
0a2a6211ef00dcf2214dfd4704b6c34b424b1c9d	574b830526c784ffe761286096dd62e22d6361d4	Breaks	UK Garage	PARTIAL_COLLISION	REACHABLE_POLICY_DIFFERENCE;MIXED_REACHABILITY;FAILURE_SENSITIVE	CORRIDOR_BPM_BOUNDS;CORRIDOR_DENSITY;DRUM_POLICY;RHYTHM_COMPATIBILITY:MEMBERSHIP	DRUM_POLICY;RHYTHM_COMPATIBILITY:MEMBERSHIP	CORRIDOR_BPM_BOUNDS;CORRIDOR_DENSITY	NONE	NONE	tonal.bass_articulation=PLAIN;tonal.melodic_motif_operation=NONE;tonal.melodic_rhythm_operation=PRESERVE	tonal.bass_articulation=PLAIN;tonal.melodic_motif_operation=NONE;tonal.melodic_rhythm_operation=PRESERVE;tonal.source=kBrokenProfile	NONE	NORMAL_GENRE_STRONG_MIGRATION_PUBLICATION	NONE	RHYTHM;CORRIDOR;LEGACY_DRUM	LEGACY_DRUM	GF2_C2=BLOCKED;REACHABLE_ONLY_VIA_RHYTHM_AND_DRUM
0a2a6211ef00dcf2214dfd4704b6c34b424b1c9d	574b830526c784ffe761286096dd62e22d6361d4	Breaks	Drum&Bass	PARTIAL_COLLISION	REACHABLE_POLICY_DIFFERENCE;MIXED_REACHABILITY;PARTIALLY_REACHABLE;FAILURE_SENSITIVE	BASS_RHYTHM:MEMBERSHIP;CORRIDOR_BPM_BOUNDS;CORRIDOR_DENSITY;CORRIDOR_SUGGESTED_BPM;DRUM_POLICY;PHRASE_EVOLUTION:MEMBERSHIP;PHRASE_LENGTH:MEMBERSHIP;PROFILE_FEEL:MEMBERSHIP;RHYTHM_COMPATIBILITY:MEMBERSHIP	BASS_RHYTHM:MEMBERSHIP;CORRIDOR_SUGGESTED_BPM;DRUM_POLICY;RHYTHM_COMPATIBILITY:MEMBERSHIP	CORRIDOR_BPM_BOUNDS;CORRIDOR_DENSITY;PHRASE_EVOLUTION:MEMBERSHIP;PROFILE_FEEL:MEMBERSHIP	PHRASE_LENGTH:MEMBERSHIP	NONE	tonal.bass_articulation=PLAIN;tonal.melodic_motif_operation=NONE;tonal.melodic_rhythm_operation=PRESERVE	tonal.bass_articulation=PLAIN;tonal.melodic_motif_operation=NONE;tonal.melodic_rhythm_operation=PRESERVE;tonal.source=kBrokenProfile	NONE	NORMAL_GENRE_STRONG_MIGRATION_PUBLICATION	NONE	RHYTHM;COMPOSITION_OTHER;CORRIDOR;LEGACY_DRUM	LEGACY_DRUM	GF2_C2=BLOCKED
0a2a6211ef00dcf2214dfd4704b6c34b424b1c9d	574b830526c784ffe761286096dd62e22d6361d4	Breaks	Lo-Fi	STRONG_DISTINCTNESS	REACHABLE_POLICY_DIFFERENCE;MIXED_REACHABILITY;PARTIALLY_REACHABLE;FAILURE_SENSITIVE	BASS_RHYTHM:MEMBERSHIP;CHORD_PROGRESSION:MEMBERSHIP;CHORD_RHYTHM:MEMBERSHIP;CORRIDOR_BPM_BOUNDS;CORRIDOR_DENSITY;CORRIDOR_SUGGESTED_BPM;DRUM_POLICY;MELODIC_RHYTHM:MEMBERSHIP;MOTIF_SHAPE:MEMBERSHIP;PHRASE_EVOLUTION:MEMBERSHIP;PHRASE_LENGTH:MEMBERSHIP;PROFILE_FEEL:MEMBERSHIP;RHYTHM_COMPATIBILITY:MEMBERSHIP;SECONDARY_ROLE;TONAL_BASS_CONTOUR;TONAL_MELODIC_CONTOUR	BASS_RHYTHM:MEMBERSHIP;CHORD_PROGRESSION:MEMBERSHIP;CHORD_RHYTHM:MEMBERSHIP;CORRIDOR_SUGGESTED_BPM;DRUM_POLICY;MELODIC_RHYTHM:MEMBERSHIP;MOTIF_SHAPE:MEMBERSHIP;RHYTHM_COMPATIBILITY:MEMBERSHIP;SECONDARY_ROLE;TONAL_BASS_CONTOUR;TONAL_MELODIC_CONTOUR	CORRIDOR_BPM_BOUNDS;CORRIDOR_DENSITY;PHRASE_EVOLUTION:MEMBERSHIP;PROFILE_FEEL:MEMBERSHIP	PHRASE_LENGTH:MEMBERSHIP	NONE	tonal.bass_articulation=PLAIN;tonal.melodic_motif_operation=NONE;tonal.melodic_rhythm_operation=PRESERVE	tonal.bass_articulation=PLAIN;tonal.melodic_motif_operation=NONE;tonal.melodic_rhythm_operation=PRESERVE	NONE	NORMAL_GENRE_STRONG_MIGRATION_PUBLICATION	NONE	RHYTHM;COMPOSITION_OTHER;CORRIDOR;ROLE;TONAL;LEGACY_DRUM	LEGACY_BEHAVIOR;LEGACY_DRUM;LEGACY_PARAMS;LEGACY_TIMBRE	GF2_C2=BLOCKED
0a2a6211ef00dcf2214dfd4704b6c34b424b1c9d	574b830526c784ffe761286096dd62e22d6361d4	Chip	House	STRONG_DISTINCTNESS	REACHABLE_POLICY_DIFFERENCE;MIXED_REACHABILITY;PARTIALLY_REACHABLE;FAILURE_SENSITIVE	BASS_RHYTHM:MEMBERSHIP;CHORD_PROGRESSION:MEMBERSHIP;CORRIDOR_BPM_BOUNDS;CORRIDOR_DENSITY;CORRIDOR_SUGGESTED_BPM;DRUM_POLICY;PHRASE_EVOLUTION:MEMBERSHIP;PHRASE_LENGTH:MEMBERSHIP;PROFILE_FEEL:MEMBERSHIP;RHYTHM_COMPATIBILITY:MEMBERSHIP;TONAL_BASS_CONTOUR;TONAL_BASS_REGISTER;TONAL_MELODIC_CONTOUR	BASS_RHYTHM:MEMBERSHIP;CHORD_PROGRESSION:MEMBERSHIP;CORRIDOR_SUGGESTED_BPM;DRUM_POLICY;RHYTHM_COMPATIBILITY:MEMBERSHIP;TONAL_BASS_CONTOUR;TONAL_BASS_REGISTER;TONAL_MELODIC_CONTOUR	CORRIDOR_BPM_BOUNDS;CORRIDOR_DENSITY;PHRASE_EVOLUTION:MEMBERSHIP;PROFILE_FEEL:MEMBERSHIP	PHRASE_LENGTH:MEMBERSHIP	NONE	tonal.bass_articulation=PLAIN;tonal.melodic_motif_operation=NONE;tonal.melodic_rhythm_operation=PRESERVE	tonal.bass_articulation=PLAIN;tonal.melodic_motif_operation=NONE;tonal.melodic_rhythm_operation=PRESERVE	NONE	NORMAL_GENRE_STRONG_MIGRATION_PUBLICATION	NONE	RHYTHM;COMPOSITION_OTHER;CORRIDOR;TONAL;LEGACY_DRUM	LEGACY_BEHAVIOR;LEGACY_DRUM;LEGACY_PARAMS;LEGACY_TIMBRE	GF2_C2=BLOCKED
0a2a6211ef00dcf2214dfd4704b6c34b424b1c9d	574b830526c784ffe761286096dd62e22d6361d4	Chip	Techno	STRONG_DISTINCTNESS	REACHABLE_POLICY_DIFFERENCE;MIXED_REACHABILITY;PARTIALLY_REACHABLE;FAILURE_SENSITIVE	BASS_RHYTHM:MEMBERSHIP;CHORD_PROGRESSION:MEMBERSHIP;CORRIDOR_BPM_BOUNDS;CORRIDOR_DENSITY;CORRIDOR_SUGGESTED_BPM;DRUM_POLICY;PHRASE_EVOLUTION:MEMBERSHIP;PHRASE_LENGTH:MEMBERSHIP;RHYTHM_COMPATIBILITY:MEMBERSHIP;TONAL_BASS_CONTOUR;TONAL_BASS_REGISTER;TONAL_MELODIC_CONTOUR	BASS_RHYTHM:MEMBERSHIP;CHORD_PROGRESSION:MEMBERSHIP;CORRIDOR_SUGGESTED_BPM;DRUM_POLICY;RHYTHM_COMPATIBILITY:MEMBERSHIP;TONAL_BASS_CONTOUR;TONAL_BASS_REGISTER;TONAL_MELODIC_CONTOUR	CORRIDOR_BPM_BOUNDS;CORRIDOR_DENSITY;PHRASE_EVOLUTION:MEMBERSHIP	PHRASE_LENGTH:MEMBERSHIP	NONE	tonal.bass_articulation=PLAIN;tonal.melodic_motif_operation=NONE;tonal.melodic_rhythm_operation=PRESERVE	tonal.bass_articulation=PLAIN;tonal.melodic_motif_operation=NONE;tonal.melodic_rhythm_operation=PRESERVE	NONE	NORMAL_GENRE_STRONG_MIGRATION_PUBLICATION	NONE	RHYTHM;COMPOSITION_OTHER;CORRIDOR;TONAL;LEGACY_DRUM	LEGACY_BEHAVIOR;LEGACY_DRUM;LEGACY_PARAMS;LEGACY_TIMBRE	GF2_C2=BLOCKED
0a2a6211ef00dcf2214dfd4704b6c34b424b1c9d	574b830526c784ffe761286096dd62e22d6361d4	Chip	Hip-Hop	STRONG_DISTINCTNESS	REACHABLE_POLICY_DIFFERENCE;MIXED_REACHABILITY;PARTIALLY_REACHABLE;FAILURE_SENSITIVE	BASS_RHYTHM:MEMBERSHIP;CHORD_PROGRESSION:MEMBERSHIP;CHORD_RHYTHM:MEMBERSHIP;CORRIDOR_BPM_BOUNDS;CORRIDOR_DENSITY;CORRIDOR_SUGGESTED_BPM;DRUM_POLICY;MELODIC_RHYTHM:MEMBERSHIP;MOTIF_SHAPE:MEMBERSHIP;PHRASE_EVOLUTION:MEMBERSHIP;PHRASE_LENGTH:MEMBERSHIP;PROFILE_FEEL:MEMBERSHIP;RHYTHM_COMPATIBILITY:MEMBERSHIP;SECONDARY_ROLE;TONAL_BASS_CONTOUR;TONAL_MELODIC_CONTOUR	BASS_RHYTHM:MEMBERSHIP;CHORD_PROGRESSION:MEMBERSHIP;CHORD_RHYTHM:MEMBERSHIP;CORRIDOR_SUGGESTED_BPM;DRUM_POLICY;MELODIC_RHYTHM:MEMBERSHIP;MOTIF_SHAPE:MEMBERSHIP;RHYTHM_COMPATIBILITY:MEMBERSHIP;SECONDARY_ROLE;TONAL_BASS_CONTOUR;TONAL_MELODIC_CONTOUR	CORRIDOR_BPM_BOUNDS;CORRIDOR_DENSITY;PHRASE_EVOLUTION:MEMBERSHIP;PROFILE_FEEL:MEMBERSHIP	PHRASE_LENGTH:MEMBERSHIP	NONE	tonal.bass_articulation=PLAIN;tonal.melodic_motif_operation=NONE;tonal.melodic_rhythm_operation=PRESERVE	tonal.bass_articulation=PLAIN;tonal.melodic_motif_operation=NONE;tonal.melodic_rhythm_operation=PRESERVE	NONE	NORMAL_GENRE_STRONG_MIGRATION_PUBLICATION	NONE	RHYTHM;COMPOSITION_OTHER;CORRIDOR;ROLE;TONAL;LEGACY_DRUM	LEGACY_BEHAVIOR;LEGACY_DRUM;LEGACY_PARAMS;LEGACY_TIMBRE	GF2_C2=BLOCKED
0a2a6211ef00dcf2214dfd4704b6c34b424b1c9d	574b830526c784ffe761286096dd62e22d6361d4	Chip	Funk/Soul	STRONG_DISTINCTNESS	REACHABLE_POLICY_DIFFERENCE;MIXED_REACHABILITY;PARTIALLY_REACHABLE;FAILURE_SENSITIVE	BASS_RHYTHM:MEMBERSHIP;CHORD_PROGRESSION:MEMBERSHIP;CHORD_RHYTHM:MEMBERSHIP;CORRIDOR_BPM_BOUNDS;CORRIDOR_DENSITY;CORRIDOR_SUGGESTED_BPM;DRUM_POLICY;MELODIC_RHYTHM:MEMBERSHIP;MOTIF_SHAPE:MEMBERSHIP;PHRASE_EVOLUTION:MEMBERSHIP;PHRASE_LENGTH:MEMBERSHIP;PROFILE_FEEL:MEMBERSHIP;RHYTHM_COMPATIBILITY:MEMBERSHIP;SECONDARY_ROLE;TONAL_BASS_CONTOUR;TONAL_MELODIC_CONTOUR	BASS_RHYTHM:MEMBERSHIP;CHORD_PROGRESSION:MEMBERSHIP;CHORD_RHYTHM:MEMBERSHIP;CORRIDOR_SUGGESTED_BPM;DRUM_POLICY;MELODIC_RHYTHM:MEMBERSHIP;MOTIF_SHAPE:MEMBERSHIP;RHYTHM_COMPATIBILITY:MEMBERSHIP;SECONDARY_ROLE;TONAL_BASS_CONTOUR;TONAL_MELODIC_CONTOUR	CORRIDOR_BPM_BOUNDS;CORRIDOR_DENSITY;PHRASE_EVOLUTION:MEMBERSHIP;PROFILE_FEEL:MEMBERSHIP	PHRASE_LENGTH:MEMBERSHIP	NONE	tonal.bass_articulation=PLAIN;tonal.melodic_motif_operation=NONE;tonal.melodic_rhythm_operation=PRESERVE	tonal.bass_articulation=PLAIN;tonal.melodic_motif_operation=NONE;tonal.melodic_rhythm_operation=PRESERVE	NONE	NORMAL_GENRE_STRONG_MIGRATION_PUBLICATION	NONE	RHYTHM;COMPOSITION_OTHER;CORRIDOR;ROLE;TONAL;LEGACY_DRUM	LEGACY_BEHAVIOR;LEGACY_DRUM;LEGACY_PARAMS;LEGACY_TIMBRE	GF2_C2=BLOCKED
0a2a6211ef00dcf2214dfd4704b6c34b424b1c9d	574b830526c784ffe761286096dd62e22d6361d4	Chip	UK Garage	STRONG_DISTINCTNESS	REACHABLE_POLICY_DIFFERENCE;MIXED_REACHABILITY;PARTIALLY_REACHABLE;FAILURE_SENSITIVE	BASS_RHYTHM:MEMBERSHIP;CHORD_PROGRESSION:MEMBERSHIP;CHORD_RHYTHM:MEMBERSHIP;CORRIDOR_BPM_BOUNDS;CORRIDOR_DENSITY;CORRIDOR_SUGGESTED_BPM;DRUM_POLICY;MELODIC_RHYTHM:MEMBERSHIP;MOTIF_SHAPE:MEMBERSHIP;PHRASE_EVOLUTION:MEMBERSHIP;PHRASE_LENGTH:MEMBERSHIP;PROFILE_FEEL:MEMBERSHIP;RHYTHM_COMPATIBILITY:MEMBERSHIP;TONAL_BASS_CONTOUR;TONAL_MELODIC_CONTOUR	BASS_RHYTHM:MEMBERSHIP;CHORD_PROGRESSION:MEMBERSHIP;CHORD_RHYTHM:MEMBERSHIP;CORRIDOR_SUGGESTED_BPM;DRUM_POLICY;MELODIC_RHYTHM:MEMBERSHIP;MOTIF_SHAPE:MEMBERSHIP;RHYTHM_COMPATIBILITY:MEMBERSHIP;TONAL_BASS_CONTOUR;TONAL_MELODIC_CONTOUR	CORRIDOR_BPM_BOUNDS;CORRIDOR_DENSITY;PHRASE_EVOLUTION:MEMBERSHIP;PROFILE_FEEL:MEMBERSHIP	PHRASE_LENGTH:MEMBERSHIP	NONE	tonal.bass_articulation=PLAIN;tonal.melodic_motif_operation=NONE;tonal.melodic_rhythm_operation=PRESERVE	tonal.bass_articulation=PLAIN;tonal.melodic_motif_operation=NONE;tonal.melodic_rhythm_operation=PRESERVE	NONE	NORMAL_GENRE_STRONG_MIGRATION_PUBLICATION	NONE	RHYTHM;COMPOSITION_OTHER;CORRIDOR;TONAL;LEGACY_DRUM	LEGACY_BEHAVIOR;LEGACY_DRUM;LEGACY_PARAMS;LEGACY_TIMBRE	GF2_C2=BLOCKED
0a2a6211ef00dcf2214dfd4704b6c34b424b1c9d	574b830526c784ffe761286096dd62e22d6361d4	Chip	Drum&Bass	STRONG_DISTINCTNESS	REACHABLE_POLICY_DIFFERENCE;MIXED_REACHABILITY;FAILURE_SENSITIVE	BASS_RHYTHM:MEMBERSHIP;CHORD_PROGRESSION:MEMBERSHIP;CHORD_RHYTHM:MEMBERSHIP;CORRIDOR_BPM_BOUNDS;CORRIDOR_DENSITY;CORRIDOR_SUGGESTED_BPM;DRUM_POLICY;MELODIC_RHYTHM:MEMBERSHIP;MOTIF_SHAPE:MEMBERSHIP;RHYTHM_COMPATIBILITY:MEMBERSHIP;TONAL_BASS_CONTOUR;TONAL_MELODIC_CONTOUR	BASS_RHYTHM:MEMBERSHIP;CHORD_PROGRESSION:MEMBERSHIP;CHORD_RHYTHM:MEMBERSHIP;CORRIDOR_SUGGESTED_BPM;DRUM_POLICY;MELODIC_RHYTHM:MEMBERSHIP;MOTIF_SHAPE:MEMBERSHIP;RHYTHM_COMPATIBILITY:MEMBERSHIP;TONAL_BASS_CONTOUR;TONAL_MELODIC_CONTOUR	CORRIDOR_BPM_BOUNDS;CORRIDOR_DENSITY	NONE	NONE	tonal.bass_articulation=PLAIN;tonal.melodic_motif_operation=NONE;tonal.melodic_rhythm_operation=PRESERVE	tonal.bass_articulation=PLAIN;tonal.melodic_motif_operation=NONE;tonal.melodic_rhythm_operation=PRESERVE	NONE	NORMAL_GENRE_STRONG_MIGRATION_PUBLICATION	NONE	RHYTHM;COMPOSITION_OTHER;CORRIDOR;TONAL;LEGACY_DRUM	LEGACY_BEHAVIOR;LEGACY_DRUM;LEGACY_PARAMS;LEGACY_TIMBRE	GF2_C2=BLOCKED
0a2a6211ef00dcf2214dfd4704b6c34b424b1c9d	574b830526c784ffe761286096dd62e22d6361d4	Chip	Lo-Fi	STRONG_DISTINCTNESS	REACHABLE_POLICY_DIFFERENCE;MIXED_REACHABILITY;PARTIALLY_REACHABLE;FAILURE_SENSITIVE	BASS_RHYTHM:MEMBERSHIP;CHORD_PROGRESSION:MEMBERSHIP;CHORD_RHYTHM:MEMBERSHIP;CORRIDOR_BPM_BOUNDS;CORRIDOR_DENSITY;CORRIDOR_SUGGESTED_BPM;DRUM_POLICY;MELODIC_RHYTHM:MEMBERSHIP;MOTIF_SHAPE:MEMBERSHIP;PHRASE_EVOLUTION:MEMBERSHIP;PHRASE_LENGTH:MEMBERSHIP;PROFILE_FEEL:MEMBERSHIP;RHYTHM_COMPATIBILITY:MEMBERSHIP;SECONDARY_ROLE;TONAL_BASS_CONTOUR;TONAL_MELODIC_CONTOUR	BASS_RHYTHM:MEMBERSHIP;CHORD_PROGRESSION:MEMBERSHIP;CHORD_RHYTHM:MEMBERSHIP;CORRIDOR_SUGGESTED_BPM;DRUM_POLICY;MELODIC_RHYTHM:MEMBERSHIP;MOTIF_SHAPE:MEMBERSHIP;RHYTHM_COMPATIBILITY:MEMBERSHIP;SECONDARY_ROLE;TONAL_BASS_CONTOUR;TONAL_MELODIC_CONTOUR	CORRIDOR_BPM_BOUNDS;CORRIDOR_DENSITY;PHRASE_EVOLUTION:MEMBERSHIP;PROFILE_FEEL:MEMBERSHIP	PHRASE_LENGTH:MEMBERSHIP	NONE	tonal.bass_articulation=PLAIN;tonal.melodic_motif_operation=NONE;tonal.melodic_rhythm_operation=PRESERVE	tonal.bass_articulation=PLAIN;tonal.melodic_motif_operation=NONE;tonal.melodic_rhythm_operation=PRESERVE	NONE	NORMAL_GENRE_STRONG_MIGRATION_PUBLICATION	NONE	RHYTHM;COMPOSITION_OTHER;CORRIDOR;ROLE;TONAL;LEGACY_DRUM	LEGACY_BEHAVIOR;LEGACY_DRUM;LEGACY_PARAMS;LEGACY_TIMBRE	GF2_C2=BLOCKED
0a2a6211ef00dcf2214dfd4704b6c34b424b1c9d	574b830526c784ffe761286096dd62e22d6361d4	House	Techno	PARTIAL_COLLISION	REACHABLE_POLICY_DIFFERENCE;MIXED_REACHABILITY;FAILURE_SENSITIVE	CHORD_PROGRESSION:MEMBERSHIP;CORRIDOR_BPM_BOUNDS;CORRIDOR_DENSITY;CORRIDOR_SUGGESTED_BPM;DRUM_POLICY;PROFILE_FEEL:MEMBERSHIP;RHYTHM_COMPATIBILITY:MEMBERSHIP	CHORD_PROGRESSION:MEMBERSHIP;CORRIDOR_SUGGESTED_BPM;DRUM_POLICY;RHYTHM_COMPATIBILITY:MEMBERSHIP	CORRIDOR_BPM_BOUNDS;CORRIDOR_DENSITY;PROFILE_FEEL:MEMBERSHIP	NONE	NONE	tonal.bass_articulation=PLAIN;tonal.bass_contour=ROOT ANCHOR;tonal.melodic_contour=STATIC;tonal.melodic_motif_operation=NONE;tonal.melodic_rhythm_operation=PRESERVE	tonal.bass_articulation=PLAIN;tonal.bass_contour=ROOT ANCHOR;tonal.melodic_contour=STATIC;tonal.melodic_motif_operation=NONE;tonal.melodic_rhythm_operation=PRESERVE;tonal.source=kStaticProfile	NONE	NORMAL_GENRE_STRONG_MIGRATION_PUBLICATION	NONE	RHYTHM;COMPOSITION_OTHER;CORRIDOR	LEGACY_BEHAVIOR;LEGACY_PARAMS;LEGACY_TIMBRE	GF2_C2=BLOCKED
0a2a6211ef00dcf2214dfd4704b6c34b424b1c9d	574b830526c784ffe761286096dd62e22d6361d4	House	Hip-Hop	STRONG_DISTINCTNESS	REACHABLE_POLICY_DIFFERENCE;MIXED_REACHABILITY;FAILURE_SENSITIVE	BASS_RHYTHM:MEMBERSHIP;CHORD_PROGRESSION:MEMBERSHIP;CHORD_RHYTHM:MEMBERSHIP;CORRIDOR_BPM_BOUNDS;CORRIDOR_DENSITY;CORRIDOR_SUGGESTED_BPM;DRUM_POLICY;MELODIC_RHYTHM:MEMBERSHIP;MOTIF_SHAPE:MEMBERSHIP;PHRASE_EVOLUTION:MEMBERSHIP;PROFILE_FEEL:MEMBERSHIP;RHYTHM_COMPATIBILITY:MEMBERSHIP;SECONDARY_ROLE;TONAL_BASS_CONTOUR;TONAL_BASS_REGISTER;TONAL_MELODIC_CONTOUR	BASS_RHYTHM:MEMBERSHIP;CHORD_PROGRESSION:MEMBERSHIP;CHORD_RHYTHM:MEMBERSHIP;CORRIDOR_SUGGESTED_BPM;DRUM_POLICY;MELODIC_RHYTHM:MEMBERSHIP;MOTIF_SHAPE:MEMBERSHIP;RHYTHM_COMPATIBILITY:MEMBERSHIP;SECONDARY_ROLE;TONAL_BASS_CONTOUR;TONAL_BASS_REGISTER;TONAL_MELODIC_CONTOUR	CORRIDOR_BPM_BOUNDS;CORRIDOR_DENSITY;PHRASE_EVOLUTION:MEMBERSHIP;PROFILE_FEEL:MEMBERSHIP	NONE	NONE	tonal.bass_articulation=PLAIN;tonal.melodic_motif_operation=NONE;tonal.melodic_rhythm_operation=PRESERVE	tonal.bass_articulation=PLAIN;tonal.melodic_motif_operation=NONE;tonal.melodic_rhythm_operation=PRESERVE	NONE	NORMAL_GENRE_STRONG_MIGRATION_PUBLICATION	NONE	RHYTHM;COMPOSITION_OTHER;CORRIDOR;ROLE;TONAL	LEGACY_BEHAVIOR;LEGACY_PARAMS;LEGACY_TIMBRE	GF2_C2=BLOCKED
0a2a6211ef00dcf2214dfd4704b6c34b424b1c9d	574b830526c784ffe761286096dd62e22d6361d4	House	Funk/Soul	STRONG_DISTINCTNESS	REACHABLE_POLICY_DIFFERENCE;MIXED_REACHABILITY;FAILURE_SENSITIVE	BASS_RHYTHM:MEMBERSHIP;CHORD_PROGRESSION:MEMBERSHIP;CHORD_RHYTHM:MEMBERSHIP;CORRIDOR_BPM_BOUNDS;CORRIDOR_DENSITY;CORRIDOR_SUGGESTED_BPM;DRUM_POLICY;MELODIC_RHYTHM:MEMBERSHIP;MOTIF_SHAPE:MEMBERSHIP;PHRASE_EVOLUTION:MEMBERSHIP;RHYTHM_COMPATIBILITY:MEMBERSHIP;SECONDARY_ROLE;TONAL_BASS_CONTOUR;TONAL_BASS_REGISTER;TONAL_MELODIC_CONTOUR	BASS_RHYTHM:MEMBERSHIP;CHORD_PROGRESSION:MEMBERSHIP;CHORD_RHYTHM:MEMBERSHIP;CORRIDOR_SUGGESTED_BPM;DRUM_POLICY;MELODIC_RHYTHM:MEMBERSHIP;MOTIF_SHAPE:MEMBERSHIP;RHYTHM_COMPATIBILITY:MEMBERSHIP;SECONDARY_ROLE;TONAL_BASS_CONTOUR;TONAL_BASS_REGISTER;TONAL_MELODIC_CONTOUR	CORRIDOR_BPM_BOUNDS;CORRIDOR_DENSITY;PHRASE_EVOLUTION:MEMBERSHIP	NONE	NONE	tonal.bass_articulation=PLAIN;tonal.melodic_motif_operation=NONE;tonal.melodic_rhythm_operation=PRESERVE	tonal.bass_articulation=PLAIN;tonal.melodic_motif_operation=NONE;tonal.melodic_rhythm_operation=PRESERVE	NONE	NORMAL_GENRE_STRONG_MIGRATION_PUBLICATION	NONE	RHYTHM;COMPOSITION_OTHER;CORRIDOR;ROLE;TONAL	LEGACY_BEHAVIOR;LEGACY_PARAMS;LEGACY_TIMBRE	GF2_C2=BLOCKED
0a2a6211ef00dcf2214dfd4704b6c34b424b1c9d	574b830526c784ffe761286096dd62e22d6361d4	House	UK Garage	STRONG_DISTINCTNESS	REACHABLE_POLICY_DIFFERENCE;MIXED_REACHABILITY;FAILURE_SENSITIVE	BASS_RHYTHM:MEMBERSHIP;CHORD_PROGRESSION:MEMBERSHIP;CHORD_RHYTHM:MEMBERSHIP;CORRIDOR_BPM_BOUNDS;CORRIDOR_SUGGESTED_BPM;DRUM_POLICY;MELODIC_RHYTHM:MEMBERSHIP;MOTIF_SHAPE:MEMBERSHIP;PHRASE_EVOLUTION:MEMBERSHIP;RHYTHM_COMPATIBILITY:MEMBERSHIP;TONAL_BASS_CONTOUR;TONAL_BASS_REGISTER;TONAL_MELODIC_CONTOUR	BASS_RHYTHM:MEMBERSHIP;CHORD_PROGRESSION:MEMBERSHIP;CHORD_RHYTHM:MEMBERSHIP;CORRIDOR_SUGGESTED_BPM;DRUM_POLICY;MELODIC_RHYTHM:MEMBERSHIP;MOTIF_SHAPE:MEMBERSHIP;RHYTHM_COMPATIBILITY:MEMBERSHIP;TONAL_BASS_CONTOUR;TONAL_BASS_REGISTER;TONAL_MELODIC_CONTOUR	CORRIDOR_BPM_BOUNDS;PHRASE_EVOLUTION:MEMBERSHIP	NONE	NONE	tonal.bass_articulation=PLAIN;tonal.melodic_motif_operation=NONE;tonal.melodic_rhythm_operation=PRESERVE	tonal.bass_articulation=PLAIN;tonal.melodic_motif_operation=NONE;tonal.melodic_rhythm_operation=PRESERVE	NONE	NORMAL_GENRE_STRONG_MIGRATION_PUBLICATION	NONE	RHYTHM;COMPOSITION_OTHER;CORRIDOR;TONAL	LEGACY_BEHAVIOR;LEGACY_PARAMS;LEGACY_TIMBRE	GF2_C2=BLOCKED
0a2a6211ef00dcf2214dfd4704b6c34b424b1c9d	574b830526c784ffe761286096dd62e22d6361d4	House	Drum&Bass	STRONG_DISTINCTNESS	REACHABLE_POLICY_DIFFERENCE;MIXED_REACHABILITY;PARTIALLY_REACHABLE;FAILURE_SENSITIVE	CHORD_PROGRESSION:MEMBERSHIP;CHORD_RHYTHM:MEMBERSHIP;CORRIDOR_BPM_BOUNDS;CORRIDOR_DENSITY;CORRIDOR_SUGGESTED_BPM;DRUM_POLICY;MELODIC_RHYTHM:MEMBERSHIP;MOTIF_SHAPE:MEMBERSHIP;PHRASE_EVOLUTION:MEMBERSHIP;PHRASE_LENGTH:MEMBERSHIP;PROFILE_FEEL:MEMBERSHIP;RHYTHM_COMPATIBILITY:MEMBERSHIP;TONAL_BASS_CONTOUR;TONAL_BASS_REGISTER;TONAL_MELODIC_CONTOUR	CHORD_PROGRESSION:MEMBERSHIP;CHORD_RHYTHM:MEMBERSHIP;CORRIDOR_SUGGESTED_BPM;DRUM_POLICY;MELODIC_RHYTHM:MEMBERSHIP;MOTIF_SHAPE:MEMBERSHIP;RHYTHM_COMPATIBILITY:MEMBERSHIP;TONAL_BASS_CONTOUR;TONAL_BASS_REGISTER;TONAL_MELODIC_CONTOUR	CORRIDOR_BPM_BOUNDS;CORRIDOR_DENSITY;PHRASE_EVOLUTION:MEMBERSHIP;PROFILE_FEEL:MEMBERSHIP	PHRASE_LENGTH:MEMBERSHIP	NONE	tonal.bass_articulation=PLAIN;tonal.melodic_motif_operation=NONE;tonal.melodic_rhythm_operation=PRESERVE	tonal.bass_articulation=PLAIN;tonal.melodic_motif_operation=NONE;tonal.melodic_rhythm_operation=PRESERVE	NONE	NORMAL_GENRE_STRONG_MIGRATION_PUBLICATION	NONE	RHYTHM;COMPOSITION_OTHER;CORRIDOR;TONAL	LEGACY_BEHAVIOR;LEGACY_PARAMS;LEGACY_TIMBRE	GF2_C2=BLOCKED
0a2a6211ef00dcf2214dfd4704b6c34b424b1c9d	574b830526c784ffe761286096dd62e22d6361d4	House	Lo-Fi	STRONG_DISTINCTNESS	REACHABLE_POLICY_DIFFERENCE;MIXED_REACHABILITY;PARTIALLY_REACHABLE;FAILURE_SENSITIVE	BASS_RHYTHM:MEMBERSHIP;CHORD_PROGRESSION:MEMBERSHIP;CHORD_RHYTHM:MEMBERSHIP;CORRIDOR_BPM_BOUNDS;CORRIDOR_DENSITY;CORRIDOR_SUGGESTED_BPM;DRUM_POLICY;MELODIC_RHYTHM:MEMBERSHIP;MOTIF_SHAPE:MEMBERSHIP;PHRASE_EVOLUTION:MEMBERSHIP;PHRASE_LENGTH:MEMBERSHIP;PROFILE_FEEL:MEMBERSHIP;RHYTHM_COMPATIBILITY:MEMBERSHIP;SECONDARY_ROLE;TONAL_BASS_CONTOUR;TONAL_BASS_REGISTER;TONAL_MELODIC_CONTOUR	BASS_RHYTHM:MEMBERSHIP;CHORD_PROGRESSION:MEMBERSHIP;CHORD_RHYTHM:MEMBERSHIP;CORRIDOR_SUGGESTED_BPM;DRUM_POLICY;MELODIC_RHYTHM:MEMBERSHIP;MOTIF_SHAPE:MEMBERSHIP;RHYTHM_COMPATIBILITY:MEMBERSHIP;SECONDARY_ROLE;TONAL_BASS_CONTOUR;TONAL_BASS_REGISTER;TONAL_MELODIC_CONTOUR	CORRIDOR_BPM_BOUNDS;CORRIDOR_DENSITY;PHRASE_EVOLUTION:MEMBERSHIP;PROFILE_FEEL:MEMBERSHIP	PHRASE_LENGTH:MEMBERSHIP	NONE	tonal.bass_articulation=PLAIN;tonal.melodic_motif_operation=NONE;tonal.melodic_rhythm_operation=PRESERVE	tonal.bass_articulation=PLAIN;tonal.melodic_motif_operation=NONE;tonal.melodic_rhythm_operation=PRESERVE	NONE	NORMAL_GENRE_STRONG_MIGRATION_PUBLICATION	NONE	RHYTHM;COMPOSITION_OTHER;CORRIDOR;ROLE;TONAL	LEGACY_BEHAVIOR;LEGACY_PARAMS;LEGACY_TIMBRE	GF2_C2=BLOCKED
0a2a6211ef00dcf2214dfd4704b6c34b424b1c9d	574b830526c784ffe761286096dd62e22d6361d4	Techno	Hip-Hop	STRONG_DISTINCTNESS	REACHABLE_POLICY_DIFFERENCE;MIXED_REACHABILITY;FAILURE_SENSITIVE	BASS_RHYTHM:MEMBERSHIP;CHORD_PROGRESSION:MEMBERSHIP;CHORD_RHYTHM:MEMBERSHIP;CORRIDOR_BPM_BOUNDS;CORRIDOR_DENSITY;CORRIDOR_SUGGESTED_BPM;DRUM_POLICY;MELODIC_RHYTHM:MEMBERSHIP;MOTIF_SHAPE:MEMBERSHIP;PHRASE_EVOLUTION:MEMBERSHIP;PROFILE_FEEL:MEMBERSHIP;RHYTHM_COMPATIBILITY:MEMBERSHIP;SECONDARY_ROLE;TONAL_BASS_CONTOUR;TONAL_BASS_REGISTER;TONAL_MELODIC_CONTOUR	BASS_RHYTHM:MEMBERSHIP;CHORD_PROGRESSION:MEMBERSHIP;CHORD_RHYTHM:MEMBERSHIP;CORRIDOR_SUGGESTED_BPM;DRUM_POLICY;MELODIC_RHYTHM:MEMBERSHIP;MOTIF_SHAPE:MEMBERSHIP;RHYTHM_COMPATIBILITY:MEMBERSHIP;SECONDARY_ROLE;TONAL_BASS_CONTOUR;TONAL_BASS_REGISTER;TONAL_MELODIC_CONTOUR	CORRIDOR_BPM_BOUNDS;CORRIDOR_DENSITY;PHRASE_EVOLUTION:MEMBERSHIP;PROFILE_FEEL:MEMBERSHIP	NONE	NONE	tonal.bass_articulation=PLAIN;tonal.melodic_motif_operation=NONE;tonal.melodic_rhythm_operation=PRESERVE	tonal.bass_articulation=PLAIN;tonal.melodic_motif_operation=NONE;tonal.melodic_rhythm_operation=PRESERVE	NONE	NORMAL_GENRE_STRONG_MIGRATION_PUBLICATION	NONE	RHYTHM;COMPOSITION_OTHER;CORRIDOR;ROLE;TONAL	LEGACY_BEHAVIOR;LEGACY_PARAMS;LEGACY_TIMBRE	GF2_C2=BLOCKED
0a2a6211ef00dcf2214dfd4704b6c34b424b1c9d	574b830526c784ffe761286096dd62e22d6361d4	Techno	Funk/Soul	STRONG_DISTINCTNESS	REACHABLE_POLICY_DIFFERENCE;MIXED_REACHABILITY;FAILURE_SENSITIVE	BASS_RHYTHM:MEMBERSHIP;CHORD_PROGRESSION:MEMBERSHIP;CHORD_RHYTHM:MEMBERSHIP;CORRIDOR_BPM_BOUNDS;CORRIDOR_DENSITY;CORRIDOR_SUGGESTED_BPM;DRUM_POLICY;MELODIC_RHYTHM:MEMBERSHIP;MOTIF_SHAPE:MEMBERSHIP;PHRASE_EVOLUTION:MEMBERSHIP;PROFILE_FEEL:MEMBERSHIP;RHYTHM_COMPATIBILITY:MEMBERSHIP;SECONDARY_ROLE;TONAL_BASS_CONTOUR;TONAL_BASS_REGISTER;TONAL_MELODIC_CONTOUR	BASS_RHYTHM:MEMBERSHIP;CHORD_PROGRESSION:MEMBERSHIP;CHORD_RHYTHM:MEMBERSHIP;CORRIDOR_SUGGESTED_BPM;DRUM_POLICY;MELODIC_RHYTHM:MEMBERSHIP;MOTIF_SHAPE:MEMBERSHIP;RHYTHM_COMPATIBILITY:MEMBERSHIP;SECONDARY_ROLE;TONAL_BASS_CONTOUR;TONAL_BASS_REGISTER;TONAL_MELODIC_CONTOUR	CORRIDOR_BPM_BOUNDS;CORRIDOR_DENSITY;PHRASE_EVOLUTION:MEMBERSHIP;PROFILE_FEEL:MEMBERSHIP	NONE	NONE	tonal.bass_articulation=PLAIN;tonal.melodic_motif_operation=NONE;tonal.melodic_rhythm_operation=PRESERVE	tonal.bass_articulation=PLAIN;tonal.melodic_motif_operation=NONE;tonal.melodic_rhythm_operation=PRESERVE	NONE	NORMAL_GENRE_STRONG_MIGRATION_PUBLICATION	NONE	RHYTHM;COMPOSITION_OTHER;CORRIDOR;ROLE;TONAL	LEGACY_BEHAVIOR;LEGACY_PARAMS;LEGACY_TIMBRE	GF2_C2=BLOCKED
0a2a6211ef00dcf2214dfd4704b6c34b424b1c9d	574b830526c784ffe761286096dd62e22d6361d4	Techno	UK Garage	STRONG_DISTINCTNESS	REACHABLE_POLICY_DIFFERENCE;MIXED_REACHABILITY;FAILURE_SENSITIVE	BASS_RHYTHM:MEMBERSHIP;CHORD_PROGRESSION:MEMBERSHIP;CHORD_RHYTHM:MEMBERSHIP;CORRIDOR_BPM_BOUNDS;CORRIDOR_DENSITY;CORRIDOR_SUGGESTED_BPM;DRUM_POLICY;MELODIC_RHYTHM:MEMBERSHIP;MOTIF_SHAPE:MEMBERSHIP;PHRASE_EVOLUTION:MEMBERSHIP;PROFILE_FEEL:MEMBERSHIP;RHYTHM_COMPATIBILITY:MEMBERSHIP;TONAL_BASS_CONTOUR;TONAL_BASS_REGISTER;TONAL_MELODIC_CONTOUR	BASS_RHYTHM:MEMBERSHIP;CHORD_PROGRESSION:MEMBERSHIP;CHORD_RHYTHM:MEMBERSHIP;CORRIDOR_SUGGESTED_BPM;DRUM_POLICY;MELODIC_RHYTHM:MEMBERSHIP;MOTIF_SHAPE:MEMBERSHIP;RHYTHM_COMPATIBILITY:MEMBERSHIP;TONAL_BASS_CONTOUR;TONAL_BASS_REGISTER;TONAL_MELODIC_CONTOUR	CORRIDOR_BPM_BOUNDS;CORRIDOR_DENSITY;PHRASE_EVOLUTION:MEMBERSHIP;PROFILE_FEEL:MEMBERSHIP	NONE	NONE	tonal.bass_articulation=PLAIN;tonal.melodic_motif_operation=NONE;tonal.melodic_rhythm_operation=PRESERVE	tonal.bass_articulation=PLAIN;tonal.melodic_motif_operation=NONE;tonal.melodic_rhythm_operation=PRESERVE	NONE	NORMAL_GENRE_STRONG_MIGRATION_PUBLICATION	NONE	RHYTHM;COMPOSITION_OTHER;CORRIDOR;TONAL	LEGACY_BEHAVIOR;LEGACY_PARAMS;LEGACY_TIMBRE	GF2_C2=BLOCKED
0a2a6211ef00dcf2214dfd4704b6c34b424b1c9d	574b830526c784ffe761286096dd62e22d6361d4	Techno	Drum&Bass	STRONG_DISTINCTNESS	REACHABLE_POLICY_DIFFERENCE;MIXED_REACHABILITY;PARTIALLY_REACHABLE;FAILURE_SENSITIVE	CHORD_PROGRESSION:MEMBERSHIP;CHORD_RHYTHM:MEMBERSHIP;CORRIDOR_BPM_BOUNDS;CORRIDOR_DENSITY;CORRIDOR_SUGGESTED_BPM;DRUM_POLICY;MELODIC_RHYTHM:MEMBERSHIP;MOTIF_SHAPE:MEMBERSHIP;PHRASE_EVOLUTION:MEMBERSHIP;PHRASE_LENGTH:MEMBERSHIP;RHYTHM_COMPATIBILITY:MEMBERSHIP;TONAL_BASS_CONTOUR;TONAL_BASS_REGISTER;TONAL_MELODIC_CONTOUR	CHORD_PROGRESSION:MEMBERSHIP;CHORD_RHYTHM:MEMBERSHIP;CORRIDOR_SUGGESTED_BPM;DRUM_POLICY;MELODIC_RHYTHM:MEMBERSHIP;MOTIF_SHAPE:MEMBERSHIP;RHYTHM_COMPATIBILITY:MEMBERSHIP;TONAL_BASS_CONTOUR;TONAL_BASS_REGISTER;TONAL_MELODIC_CONTOUR	CORRIDOR_BPM_BOUNDS;CORRIDOR_DENSITY;PHRASE_EVOLUTION:MEMBERSHIP	PHRASE_LENGTH:MEMBERSHIP	NONE	tonal.bass_articulation=PLAIN;tonal.melodic_motif_operation=NONE;tonal.melodic_rhythm_operation=PRESERVE	tonal.bass_articulation=PLAIN;tonal.melodic_motif_operation=NONE;tonal.melodic_rhythm_operation=PRESERVE	NONE	NORMAL_GENRE_STRONG_MIGRATION_PUBLICATION	NONE	RHYTHM;COMPOSITION_OTHER;CORRIDOR;TONAL	LEGACY_BEHAVIOR;LEGACY_PARAMS;LEGACY_TIMBRE	GF2_C2=BLOCKED
0a2a6211ef00dcf2214dfd4704b6c34b424b1c9d	574b830526c784ffe761286096dd62e22d6361d4	Techno	Lo-Fi	STRONG_DISTINCTNESS	REACHABLE_POLICY_DIFFERENCE;MIXED_REACHABILITY;PARTIALLY_REACHABLE;FAILURE_SENSITIVE	BASS_RHYTHM:MEMBERSHIP;CHORD_PROGRESSION:MEMBERSHIP;CHORD_RHYTHM:MEMBERSHIP;CORRIDOR_BPM_BOUNDS;CORRIDOR_DENSITY;CORRIDOR_SUGGESTED_BPM;DRUM_POLICY;MELODIC_RHYTHM:MEMBERSHIP;MOTIF_SHAPE:MEMBERSHIP;PHRASE_EVOLUTION:MEMBERSHIP;PHRASE_LENGTH:MEMBERSHIP;PROFILE_FEEL:MEMBERSHIP;RHYTHM_COMPATIBILITY:MEMBERSHIP;SECONDARY_ROLE;TONAL_BASS_CONTOUR;TONAL_BASS_REGISTER;TONAL_MELODIC_CONTOUR	BASS_RHYTHM:MEMBERSHIP;CHORD_PROGRESSION:MEMBERSHIP;CHORD_RHYTHM:MEMBERSHIP;CORRIDOR_SUGGESTED_BPM;DRUM_POLICY;MELODIC_RHYTHM:MEMBERSHIP;MOTIF_SHAPE:MEMBERSHIP;RHYTHM_COMPATIBILITY:MEMBERSHIP;SECONDARY_ROLE;TONAL_BASS_CONTOUR;TONAL_BASS_REGISTER;TONAL_MELODIC_CONTOUR	CORRIDOR_BPM_BOUNDS;CORRIDOR_DENSITY;PHRASE_EVOLUTION:MEMBERSHIP;PROFILE_FEEL:MEMBERSHIP	PHRASE_LENGTH:MEMBERSHIP	NONE	tonal.bass_articulation=PLAIN;tonal.melodic_motif_operation=NONE;tonal.melodic_rhythm_operation=PRESERVE	tonal.bass_articulation=PLAIN;tonal.melodic_motif_operation=NONE;tonal.melodic_rhythm_operation=PRESERVE	NONE	NORMAL_GENRE_STRONG_MIGRATION_PUBLICATION	NONE	RHYTHM;COMPOSITION_OTHER;CORRIDOR;ROLE;TONAL	LEGACY_BEHAVIOR;LEGACY_PARAMS;LEGACY_TIMBRE	GF2_C2=BLOCKED
0a2a6211ef00dcf2214dfd4704b6c34b424b1c9d	574b830526c784ffe761286096dd62e22d6361d4	Hip-Hop	Funk/Soul	PARTIAL_COLLISION	REACHABLE_POLICY_DIFFERENCE;MIXED_REACHABILITY;FAILURE_SENSITIVE	CHORD_PROGRESSION:MEMBERSHIP;CORRIDOR_BPM_BOUNDS;CORRIDOR_DENSITY;CORRIDOR_SUGGESTED_BPM;DRUM_POLICY;PROFILE_FEEL:MEMBERSHIP;RHYTHM_COMPATIBILITY:MEMBERSHIP	CHORD_PROGRESSION:MEMBERSHIP;CORRIDOR_SUGGESTED_BPM;DRUM_POLICY;RHYTHM_COMPATIBILITY:MEMBERSHIP	CORRIDOR_BPM_BOUNDS;CORRIDOR_DENSITY;PROFILE_FEEL:MEMBERSHIP	NONE	NONE	tonal.bass_articulation=PLAIN;tonal.melodic_motif_operation=NONE;tonal.melodic_rhythm_operation=PRESERVE	tonal.bass_articulation=PLAIN;tonal.melodic_motif_operation=NONE;tonal.melodic_rhythm_operation=PRESERVE;tonal.source=kSlowProfile	NONE	NORMAL_GENRE_STRONG_MIGRATION_PUBLICATION	NONE	RHYTHM;COMPOSITION_OTHER;CORRIDOR	NONE	GF2_C2=BLOCKED
0a2a6211ef00dcf2214dfd4704b6c34b424b1c9d	574b830526c784ffe761286096dd62e22d6361d4	Hip-Hop	UK Garage	STRONG_DISTINCTNESS	REACHABLE_POLICY_DIFFERENCE;MIXED_REACHABILITY;FAILURE_SENSITIVE	BASS_RHYTHM:MEMBERSHIP;CHORD_PROGRESSION:MEMBERSHIP;CHORD_RHYTHM:MEMBERSHIP;CORRIDOR_BPM_BOUNDS;CORRIDOR_DENSITY;CORRIDOR_SUGGESTED_BPM;DRUM_POLICY;MELODIC_RHYTHM:MEMBERSHIP;MOTIF_SHAPE:MEMBERSHIP;PROFILE_FEEL:MEMBERSHIP;RHYTHM_COMPATIBILITY:MEMBERSHIP;SECONDARY_ROLE;TONAL_BASS_CONTOUR;TONAL_MELODIC_CONTOUR	BASS_RHYTHM:MEMBERSHIP;CHORD_PROGRESSION:MEMBERSHIP;CHORD_RHYTHM:MEMBERSHIP;CORRIDOR_SUGGESTED_BPM;DRUM_POLICY;MELODIC_RHYTHM:MEMBERSHIP;MOTIF_SHAPE:MEMBERSHIP;RHYTHM_COMPATIBILITY:MEMBERSHIP;SECONDARY_ROLE;TONAL_BASS_CONTOUR;TONAL_MELODIC_CONTOUR	CORRIDOR_BPM_BOUNDS;CORRIDOR_DENSITY;PROFILE_FEEL:MEMBERSHIP	NONE	NONE	tonal.bass_articulation=PLAIN;tonal.melodic_motif_operation=NONE;tonal.melodic_rhythm_operation=PRESERVE	tonal.bass_articulation=PLAIN;tonal.melodic_motif_operation=NONE;tonal.melodic_rhythm_operation=PRESERVE	NONE	NORMAL_GENRE_STRONG_MIGRATION_PUBLICATION	NONE	RHYTHM;COMPOSITION_OTHER;CORRIDOR;ROLE;TONAL	LEGACY_BEHAVIOR;LEGACY_PARAMS;LEGACY_TIMBRE	GF2_C2=BLOCKED
0a2a6211ef00dcf2214dfd4704b6c34b424b1c9d	574b830526c784ffe761286096dd62e22d6361d4	Hip-Hop	Drum&Bass	STRONG_DISTINCTNESS	REACHABLE_POLICY_DIFFERENCE;MIXED_REACHABILITY;PARTIALLY_REACHABLE;FAILURE_SENSITIVE	BASS_RHYTHM:MEMBERSHIP;CHORD_PROGRESSION:MEMBERSHIP;CHORD_RHYTHM:MEMBERSHIP;CORRIDOR_BPM_BOUNDS;CORRIDOR_DENSITY;CORRIDOR_SUGGESTED_BPM;DRUM_POLICY;MELODIC_RHYTHM:MEMBERSHIP;MOTIF_SHAPE:MEMBERSHIP;PHRASE_EVOLUTION:MEMBERSHIP;PHRASE_LENGTH:MEMBERSHIP;PROFILE_FEEL:MEMBERSHIP;RHYTHM_COMPATIBILITY:MEMBERSHIP;SECONDARY_ROLE;TONAL_BASS_CONTOUR;TONAL_MELODIC_CONTOUR	BASS_RHYTHM:MEMBERSHIP;CHORD_PROGRESSION:MEMBERSHIP;CHORD_RHYTHM:MEMBERSHIP;CORRIDOR_SUGGESTED_BPM;DRUM_POLICY;MELODIC_RHYTHM:MEMBERSHIP;MOTIF_SHAPE:MEMBERSHIP;RHYTHM_COMPATIBILITY:MEMBERSHIP;SECONDARY_ROLE;TONAL_BASS_CONTOUR;TONAL_MELODIC_CONTOUR	CORRIDOR_BPM_BOUNDS;CORRIDOR_DENSITY;PHRASE_EVOLUTION:MEMBERSHIP;PROFILE_FEEL:MEMBERSHIP	PHRASE_LENGTH:MEMBERSHIP	NONE	tonal.bass_articulation=PLAIN;tonal.melodic_motif_operation=NONE;tonal.melodic_rhythm_operation=PRESERVE	tonal.bass_articulation=PLAIN;tonal.melodic_motif_operation=NONE;tonal.melodic_rhythm_operation=PRESERVE	NONE	NORMAL_GENRE_STRONG_MIGRATION_PUBLICATION	NONE	RHYTHM;COMPOSITION_OTHER;CORRIDOR;ROLE;TONAL	LEGACY_BEHAVIOR;LEGACY_PARAMS;LEGACY_TIMBRE	GF2_C2=BLOCKED
0a2a6211ef00dcf2214dfd4704b6c34b424b1c9d	574b830526c784ffe761286096dd62e22d6361d4	Hip-Hop	Lo-Fi	PARTIAL_COLLISION	REACHABLE_POLICY_DIFFERENCE;MIXED_REACHABILITY;PARTIALLY_REACHABLE;FAILURE_SENSITIVE	BASS_RHYTHM:MEMBERSHIP;CHORD_PROGRESSION:MEMBERSHIP;CORRIDOR_BPM_BOUNDS;CORRIDOR_DENSITY;CORRIDOR_SUGGESTED_BPM;DRUM_POLICY;PHRASE_EVOLUTION:MEMBERSHIP;PHRASE_LENGTH:MEMBERSHIP;RHYTHM_COMPATIBILITY:MEMBERSHIP	BASS_RHYTHM:MEMBERSHIP;CHORD_PROGRESSION:MEMBERSHIP;CORRIDOR_SUGGESTED_BPM;DRUM_POLICY;RHYTHM_COMPATIBILITY:MEMBERSHIP	CORRIDOR_BPM_BOUNDS;CORRIDOR_DENSITY;PHRASE_EVOLUTION:MEMBERSHIP	PHRASE_LENGTH:MEMBERSHIP	NONE	tonal.bass_articulation=PLAIN;tonal.melodic_motif_operation=NONE;tonal.melodic_rhythm_operation=PRESERVE	tonal.bass_articulation=PLAIN;tonal.melodic_motif_operation=NONE;tonal.melodic_rhythm_operation=PRESERVE;tonal.source=kSlowProfile	NONE	NORMAL_GENRE_STRONG_MIGRATION_PUBLICATION	NONE	RHYTHM;COMPOSITION_OTHER;CORRIDOR	NONE	GF2_C2=BLOCKED
0a2a6211ef00dcf2214dfd4704b6c34b424b1c9d	574b830526c784ffe761286096dd62e22d6361d4	Funk/Soul	UK Garage	STRONG_DISTINCTNESS	REACHABLE_POLICY_DIFFERENCE;MIXED_REACHABILITY;FAILURE_SENSITIVE	BASS_RHYTHM:MEMBERSHIP;CHORD_PROGRESSION:MEMBERSHIP;CHORD_RHYTHM:MEMBERSHIP;CORRIDOR_BPM_BOUNDS;CORRIDOR_DENSITY;CORRIDOR_SUGGESTED_BPM;DRUM_POLICY;MELODIC_RHYTHM:MEMBERSHIP;MOTIF_SHAPE:MEMBERSHIP;RHYTHM_COMPATIBILITY:MEMBERSHIP;SECONDARY_ROLE;TONAL_BASS_CONTOUR;TONAL_MELODIC_CONTOUR	BASS_RHYTHM:MEMBERSHIP;CHORD_PROGRESSION:MEMBERSHIP;CHORD_RHYTHM:MEMBERSHIP;CORRIDOR_SUGGESTED_BPM;DRUM_POLICY;MELODIC_RHYTHM:MEMBERSHIP;MOTIF_SHAPE:MEMBERSHIP;RHYTHM_COMPATIBILITY:MEMBERSHIP;SECONDARY_ROLE;TONAL_BASS_CONTOUR;TONAL_MELODIC_CONTOUR	CORRIDOR_BPM_BOUNDS;CORRIDOR_DENSITY	NONE	NONE	tonal.bass_articulation=PLAIN;tonal.melodic_motif_operation=NONE;tonal.melodic_rhythm_operation=PRESERVE	tonal.bass_articulation=PLAIN;tonal.melodic_motif_operation=NONE;tonal.melodic_rhythm_operation=PRESERVE	NONE	NORMAL_GENRE_STRONG_MIGRATION_PUBLICATION	NONE	RHYTHM;COMPOSITION_OTHER;CORRIDOR;ROLE;TONAL	LEGACY_BEHAVIOR;LEGACY_PARAMS;LEGACY_TIMBRE	GF2_C2=BLOCKED
0a2a6211ef00dcf2214dfd4704b6c34b424b1c9d	574b830526c784ffe761286096dd62e22d6361d4	Funk/Soul	Drum&Bass	STRONG_DISTINCTNESS	REACHABLE_POLICY_DIFFERENCE;MIXED_REACHABILITY;PARTIALLY_REACHABLE;FAILURE_SENSITIVE	BASS_RHYTHM:MEMBERSHIP;CHORD_PROGRESSION:MEMBERSHIP;CHORD_RHYTHM:MEMBERSHIP;CORRIDOR_BPM_BOUNDS;CORRIDOR_DENSITY;CORRIDOR_SUGGESTED_BPM;DRUM_POLICY;MELODIC_RHYTHM:MEMBERSHIP;MOTIF_SHAPE:MEMBERSHIP;PHRASE_EVOLUTION:MEMBERSHIP;PHRASE_LENGTH:MEMBERSHIP;PROFILE_FEEL:MEMBERSHIP;RHYTHM_COMPATIBILITY:MEMBERSHIP;SECONDARY_ROLE;TONAL_BASS_CONTOUR;TONAL_MELODIC_CONTOUR	BASS_RHYTHM:MEMBERSHIP;CHORD_PROGRESSION:MEMBERSHIP;CHORD_RHYTHM:MEMBERSHIP;CORRIDOR_SUGGESTED_BPM;DRUM_POLICY;MELODIC_RHYTHM:MEMBERSHIP;MOTIF_SHAPE:MEMBERSHIP;RHYTHM_COMPATIBILITY:MEMBERSHIP;SECONDARY_ROLE;TONAL_BASS_CONTOUR;TONAL_MELODIC_CONTOUR	CORRIDOR_BPM_BOUNDS;CORRIDOR_DENSITY;PHRASE_EVOLUTION:MEMBERSHIP;PROFILE_FEEL:MEMBERSHIP	PHRASE_LENGTH:MEMBERSHIP	NONE	tonal.bass_articulation=PLAIN;tonal.melodic_motif_operation=NONE;tonal.melodic_rhythm_operation=PRESERVE	tonal.bass_articulation=PLAIN;tonal.melodic_motif_operation=NONE;tonal.melodic_rhythm_operation=PRESERVE	NONE	NORMAL_GENRE_STRONG_MIGRATION_PUBLICATION	NONE	RHYTHM;COMPOSITION_OTHER;CORRIDOR;ROLE;TONAL	LEGACY_BEHAVIOR;LEGACY_PARAMS;LEGACY_TIMBRE	GF2_C2=BLOCKED
0a2a6211ef00dcf2214dfd4704b6c34b424b1c9d	574b830526c784ffe761286096dd62e22d6361d4	Funk/Soul	Lo-Fi	PARTIAL_COLLISION	REACHABLE_POLICY_DIFFERENCE;MIXED_REACHABILITY;PARTIALLY_REACHABLE;FAILURE_SENSITIVE	BASS_RHYTHM:MEMBERSHIP;CHORD_PROGRESSION:MEMBERSHIP;CORRIDOR_BPM_BOUNDS;CORRIDOR_DENSITY;CORRIDOR_SUGGESTED_BPM;DRUM_POLICY;PHRASE_EVOLUTION:MEMBERSHIP;PHRASE_LENGTH:MEMBERSHIP;PROFILE_FEEL:MEMBERSHIP;RHYTHM_COMPATIBILITY:MEMBERSHIP	BASS_RHYTHM:MEMBERSHIP;CHORD_PROGRESSION:MEMBERSHIP;CORRIDOR_SUGGESTED_BPM;DRUM_POLICY;RHYTHM_COMPATIBILITY:MEMBERSHIP	CORRIDOR_BPM_BOUNDS;CORRIDOR_DENSITY;PHRASE_EVOLUTION:MEMBERSHIP;PROFILE_FEEL:MEMBERSHIP	PHRASE_LENGTH:MEMBERSHIP	NONE	tonal.bass_articulation=PLAIN;tonal.melodic_motif_operation=NONE;tonal.melodic_rhythm_operation=PRESERVE	tonal.bass_articulation=PLAIN;tonal.melodic_motif_operation=NONE;tonal.melodic_rhythm_operation=PRESERVE;tonal.source=kSlowProfile	NONE	NORMAL_GENRE_STRONG_MIGRATION_PUBLICATION	NONE	RHYTHM;COMPOSITION_OTHER;CORRIDOR	NONE	GF2_C2=BLOCKED
0a2a6211ef00dcf2214dfd4704b6c34b424b1c9d	574b830526c784ffe761286096dd62e22d6361d4	UK Garage	Drum&Bass	PARTIAL_COLLISION	REACHABLE_POLICY_DIFFERENCE;MIXED_REACHABILITY;PARTIALLY_REACHABLE;FAILURE_SENSITIVE	BASS_RHYTHM:MEMBERSHIP;CORRIDOR_BPM_BOUNDS;CORRIDOR_DENSITY;CORRIDOR_SUGGESTED_BPM;DRUM_POLICY;PHRASE_EVOLUTION:MEMBERSHIP;PHRASE_LENGTH:MEMBERSHIP;PROFILE_FEEL:MEMBERSHIP;RHYTHM_COMPATIBILITY:MEMBERSHIP	BASS_RHYTHM:MEMBERSHIP;CORRIDOR_SUGGESTED_BPM;DRUM_POLICY;RHYTHM_COMPATIBILITY:MEMBERSHIP	CORRIDOR_BPM_BOUNDS;CORRIDOR_DENSITY;PHRASE_EVOLUTION:MEMBERSHIP;PROFILE_FEEL:MEMBERSHIP	PHRASE_LENGTH:MEMBERSHIP	NONE	tonal.bass_articulation=PLAIN;tonal.melodic_motif_operation=NONE;tonal.melodic_rhythm_operation=PRESERVE	tonal.bass_articulation=PLAIN;tonal.melodic_motif_operation=NONE;tonal.melodic_rhythm_operation=PRESERVE;tonal.source=kBrokenProfile	NONE	NORMAL_GENRE_STRONG_MIGRATION_PUBLICATION	NONE	RHYTHM;COMPOSITION_OTHER;CORRIDOR	NONE	GF2_C2=BLOCKED
0a2a6211ef00dcf2214dfd4704b6c34b424b1c9d	574b830526c784ffe761286096dd62e22d6361d4	UK Garage	Lo-Fi	STRONG_DISTINCTNESS	REACHABLE_POLICY_DIFFERENCE;MIXED_REACHABILITY;PARTIALLY_REACHABLE;FAILURE_SENSITIVE	BASS_RHYTHM:MEMBERSHIP;CHORD_PROGRESSION:MEMBERSHIP;CHORD_RHYTHM:MEMBERSHIP;CORRIDOR_BPM_BOUNDS;CORRIDOR_DENSITY;CORRIDOR_SUGGESTED_BPM;DRUM_POLICY;MELODIC_RHYTHM:MEMBERSHIP;MOTIF_SHAPE:MEMBERSHIP;PHRASE_EVOLUTION:MEMBERSHIP;PHRASE_LENGTH:MEMBERSHIP;PROFILE_FEEL:MEMBERSHIP;RHYTHM_COMPATIBILITY:MEMBERSHIP;SECONDARY_ROLE;TONAL_BASS_CONTOUR;TONAL_MELODIC_CONTOUR	BASS_RHYTHM:MEMBERSHIP;CHORD_PROGRESSION:MEMBERSHIP;CHORD_RHYTHM:MEMBERSHIP;CORRIDOR_SUGGESTED_BPM;DRUM_POLICY;MELODIC_RHYTHM:MEMBERSHIP;MOTIF_SHAPE:MEMBERSHIP;RHYTHM_COMPATIBILITY:MEMBERSHIP;SECONDARY_ROLE;TONAL_BASS_CONTOUR;TONAL_MELODIC_CONTOUR	CORRIDOR_BPM_BOUNDS;CORRIDOR_DENSITY;PHRASE_EVOLUTION:MEMBERSHIP;PROFILE_FEEL:MEMBERSHIP	PHRASE_LENGTH:MEMBERSHIP	NONE	tonal.bass_articulation=PLAIN;tonal.melodic_motif_operation=NONE;tonal.melodic_rhythm_operation=PRESERVE	tonal.bass_articulation=PLAIN;tonal.melodic_motif_operation=NONE;tonal.melodic_rhythm_operation=PRESERVE	NONE	NORMAL_GENRE_STRONG_MIGRATION_PUBLICATION	NONE	RHYTHM;COMPOSITION_OTHER;CORRIDOR;ROLE;TONAL	LEGACY_BEHAVIOR;LEGACY_PARAMS;LEGACY_TIMBRE	GF2_C2=BLOCKED
0a2a6211ef00dcf2214dfd4704b6c34b424b1c9d	574b830526c784ffe761286096dd62e22d6361d4	Drum&Bass	Lo-Fi	STRONG_DISTINCTNESS	REACHABLE_POLICY_DIFFERENCE;MIXED_REACHABILITY;PARTIALLY_REACHABLE;FAILURE_SENSITIVE	BASS_RHYTHM:MEMBERSHIP;CHORD_PROGRESSION:MEMBERSHIP;CHORD_RHYTHM:MEMBERSHIP;CORRIDOR_BPM_BOUNDS;CORRIDOR_DENSITY;CORRIDOR_SUGGESTED_BPM;DRUM_POLICY;MELODIC_RHYTHM:MEMBERSHIP;MOTIF_SHAPE:MEMBERSHIP;PHRASE_EVOLUTION:MEMBERSHIP;PHRASE_LENGTH:MEMBERSHIP;PROFILE_FEEL:MEMBERSHIP;RHYTHM_COMPATIBILITY:MEMBERSHIP;SECONDARY_ROLE;TONAL_BASS_CONTOUR;TONAL_MELODIC_CONTOUR	BASS_RHYTHM:MEMBERSHIP;CHORD_PROGRESSION:MEMBERSHIP;CHORD_RHYTHM:MEMBERSHIP;CORRIDOR_SUGGESTED_BPM;DRUM_POLICY;MELODIC_RHYTHM:MEMBERSHIP;MOTIF_SHAPE:MEMBERSHIP;RHYTHM_COMPATIBILITY:MEMBERSHIP;SECONDARY_ROLE;TONAL_BASS_CONTOUR;TONAL_MELODIC_CONTOUR	CORRIDOR_BPM_BOUNDS;CORRIDOR_DENSITY;PHRASE_EVOLUTION:MEMBERSHIP;PROFILE_FEEL:MEMBERSHIP	PHRASE_LENGTH:MEMBERSHIP	NONE	tonal.bass_articulation=PLAIN;tonal.melodic_motif_operation=NONE;tonal.melodic_rhythm_operation=PRESERVE	tonal.bass_articulation=PLAIN;tonal.melodic_motif_operation=NONE;tonal.melodic_rhythm_operation=PRESERVE	NONE	NORMAL_GENRE_STRONG_MIGRATION_PUBLICATION	NONE	RHYTHM;COMPOSITION_OTHER;CORRIDOR;ROLE;TONAL	LEGACY_BEHAVIOR;LEGACY_PARAMS;LEGACY_TIMBRE	GF2_C2=BLOCKED
